#
# A fatal error has been detected by the Java Runtime Environment:
#
#  SIGBUS (0xa) at pc=0x0000000101e021b0, pid=20876, tid=25859
#
# JRE version: OpenJDK Runtime Environment Microsoft-12574438 (17.0.17+10) (build 17.0.17+10-LTS)
# Java VM: OpenJDK 64-Bit Server VM Microsoft-12574438 (17.0.17+10-LTS, mixed mode, emulated-client, sharing, tiered, compressed oops, compressed class ptrs, g1 gc, bsd-aarch64)
# Problematic frame:
# V  [libjvm.dylib+0x7f21b0]  ProtectionDomainEntry::object_no_keepalive()+0x8
#
# No core dump will be written. Core dumps have been disabled. To enable core dumping, try "ulimit -c unlimited" before starting Java again
#
# If you would like to submit a bug report, please visit:
#   https://github.com/microsoft/openjdk/issues
#

---------------  S U M M A R Y ------------

Command Line: -XX:TieredStopAtLevel=1 -Dspring.output.ansi.enabled=always -javaagent:/Applications/IntelliJ IDEA.app/Contents/lib/idea_rt.jar=63253 -Dfile.encoding=UTF-8 com.example.eurekaserver.EurekaServerApplication

Host: "MacBookAir10,1" arm64, 8 cores, 8G, Darwin 24.5.0, macOS 15.5 (24F74)
Time: Mon Jan 19 22:24:25 2026 MSK elapsed time: 347.403376 seconds (0d 0h 5m 47s)

---------------  T H R E A D  ---------------

Current thread (0x0000000143013e00):  JavaThread "C1 CompilerThread0" daemon [_thread_in_vm, id=25859, stack(0x0000000171574000,0x0000000171777000)]


Current CompileTask:
C1:347403 6775   !   1       org.springframework.web.filter.OncePerRequestFilter::doFilter (178 bytes)

Stack: [0x0000000171574000,0x0000000171777000],  sp=0x0000000171775bc0,  free space=2054k
Native frames: (J=compiled Java code, j=interpreted, Vv=VM code, C=native code)
V  [libjvm.dylib+0x7f21b0]  ProtectionDomainEntry::object_no_keepalive()+0x8
V  [libjvm.dylib+0x311c18]  Dictionary::find(unsigned int, Symbol*, Handle)+0xa0
V  [libjvm.dylib+0x297970]  ConstantPool::klass_at_if_loaded(constantPoolHandle const&, int)+0x1dc
V  [libjvm.dylib+0x1ff66c]  ciEnv::get_klass_by_index_impl(constantPoolHandle const&, int, bool&, ciInstanceKlass*)+0x74
V  [libjvm.dylib+0x2003d8]  ciEnv::get_method_by_index_impl(constantPoolHandle const&, int, Bytecodes::Code, ciInstanceKlass*)+0xac
V  [libjvm.dylib+0x21a998]  ciBytecodeStream::get_method(bool&, ciSignature**)+0x164
V  [libjvm.dylib+0x160628]  GraphBuilder::invoke(Bytecodes::Code)+0x40
V  [libjvm.dylib+0x164dc0]  GraphBuilder::iterate_bytecodes_for_block(int)+0x3d8
V  [libjvm.dylib+0x167068]  GraphBuilder::iterate_all_blocks(bool)+0x90
V  [libjvm.dylib+0x16a048]  GraphBuilder::try_inline_full(ciMethod*, bool, bool, Bytecodes::Code, Instruction*)+0x900
V  [libjvm.dylib+0x161c70]  GraphBuilder::try_inline(ciMethod*, bool, bool, Bytecodes::Code, Instruction*)+0x190
V  [libjvm.dylib+0x160f64]  GraphBuilder::invoke(Bytecodes::Code)+0x97c
V  [libjvm.dylib+0x164dc0]  GraphBuilder::iterate_bytecodes_for_block(int)+0x3d8
V  [libjvm.dylib+0x167068]  GraphBuilder::iterate_all_blocks(bool)+0x90
V  [libjvm.dylib+0x168924]  GraphBuilder::GraphBuilder(Compilation*, IRScope*)+0x4a8
V  [libjvm.dylib+0x16f2c8]  IRScope::IRScope(Compilation*, IRScope*, int, ciMethod*, int, bool)+0x15c
V  [libjvm.dylib+0x16f9c8]  IR::IR(Compilation*, ciMethod*, int)+0xb8
V  [libjvm.dylib+0x150784]  Compilation::build_hir()+0x174
V  [libjvm.dylib+0x1519d8]  Compilation::compile_java_method()+0x10c
V  [libjvm.dylib+0x151e3c]  Compilation::compile_method()+0x124
V  [libjvm.dylib+0x1521ac]  Compilation::Compilation(AbstractCompiler*, ciEnv*, ciMethod*, int, BufferBlob*, bool, DirectiveSet*)+0x18c
V  [libjvm.dylib+0x1532ac]  Compiler::compile_method(ciEnv*, ciMethod*, int, bool, DirectiveSet*)+0x5c
V  [libjvm.dylib+0x27ec78]  CompileBroker::invoke_compiler_on_method(CompileTask*)+0x514
V  [libjvm.dylib+0x27e5dc]  CompileBroker::compiler_thread_loop()+0x3c8
V  [libjvm.dylib+0x9ab078]  JavaThread::thread_main_inner()+0x148
V  [libjvm.dylib+0x9a9714]  Thread::call_run()+0xcc
V  [libjvm.dylib+0x7aec44]  thread_native_entry(Thread*)+0x158
C  [libsystem_pthread.dylib+0x6c0c]  _pthread_start+0x88


siginfo: si_signo: 10 (SIGBUS), si_code: 1 (BUS_ADRALN), si_addr: 0x00006000011af0a0

Registers:
 x0=0x00006000011af0a0  x1=0x000000010203b0e0  x2=0x0000000101ababe0  x3=0x0000600002da4100
 x4=0x0000000133052770  x5=0x000000013309ae20  x6=0x000000013309ac20  x7=0x000000013309d5d0
 x8=0x00006000011e41e8  x9=0x0000000000000000 x10=0x0000000000000000 x11=0x0000000000006a61
x12=0x000000013309ac20 x13=0x0000000000000002 x14=0x0000000000000001 x15=0x0000000000000004
x16=0x0000000000000038 x17=0x00006000036b84e0 x18=0x0000000000000000 x19=0x00006000011af0a0
x20=0x00006000012a9940 x21=0x00000007808f24c0 x22=0x00000007808a5600 x23=0x0000600002da4100
x24=0x00006000007b7980 x25=0x00006000007b7980 x26=0x00000001020a3da6 x27=0x00000000000000b6
x28=0x0000000171775e38  fp=0x0000000171775bc0  lr=0x0000000101921c18  sp=0x0000000171775bc0
pc=0x0000000101e021b0 cpsr=0x0000000020001000

Register to memory mapping:

 x0=0x00006000011af0a0 points into unknown readable memory: 0x0000000000000000 | 00 00 00 00 00 00 00 00
 x1=0x000000010203b0e0: _ZN14AccessInternal19PostRuntimeDispatchIN12G1BarrierSet13AccessBarrierILy594020ES1_EELNS_11BarrierTypeE2ELy594020EE18oop_access_barrierEPv+0 in /Users/a/Library/Java/JavaVirtualMachines/ms-17.0.17/Contents/Home/lib/server/libjvm.dylib at 0x0000000101610000
 x2=0x0000000101ababe0: _ZN14AccessInternal19PostRuntimeDispatchIN12G1BarrierSet13AccessBarrierILy286822ES1_EELNS_11BarrierTypeE3ELy286822EE18oop_access_barrierEP7oopDescl+0 in /Users/a/Library/Java/JavaVirtualMachines/ms-17.0.17/Contents/Home/lib/server/libjvm.dylib at 0x0000000101610000
 x3=0x0000600002da4100 points into unknown readable memory: 0x00000007808f24c0 | c0 24 8f 80 07 00 00 00
 x4=0x0000000133052770 points into unknown readable memory: 0x00000001021f0910 | 10 09 1f 02 01 00 00 00
 x5=0x000000013309ae20 points into unknown readable memory: 0x00000001021eaa40 | 40 aa 1e 02 01 00 00 00
 x6=0x000000013309ac20 points into unknown readable memory: 0x00000001021eaa40 | 40 aa 1e 02 01 00 00 00
 x7=0x000000013309d5d0 points into unknown readable memory: 0x000000013309a770 | 70 a7 09 33 01 00 00 00
 x8=0x00006000011e41e8 points into unknown readable memory: 0x00006000011af0a0 | a0 f0 1a 01 00 60 00 00
 x9=0x0 is NULL
x10=0x0 is NULL
x11=0x0000000000006a61 is an unknown value
x12=0x000000013309ac20 points into unknown readable memory: 0x00000001021eaa40 | 40 aa 1e 02 01 00 00 00
x13=0x0000000000000002 is an unknown value
x14=0x0000000000000001 is an unknown value
x15=0x0000000000000004 is an unknown value
x16=0x0000000000000038 is an unknown value
x17=0x00006000036b84e0 points into unknown readable memory: 0xfffffffffffffffe | fe ff ff ff ff ff ff ff
x18=0x0 is NULL
x19=0x00006000011af0a0 points into unknown readable memory: 0x0000000000000000 | 00 00 00 00 00 00 00 00
x20=0x00006000012a9940 points into unknown readable memory: 0x000000006f60d70c | 0c d7 60 6f 00 00 00 00
x21=0x00000007808f24c0 is an oop: java.security.ProtectionDomain 
{0x00000007808f24c0} - klass: 'java/security/ProtectionDomain'
 - ---- fields (total size 5 words):
 - private 'hasAllPerm' 'Z' @12  false
 - private final 'staticPermissions' 'Z' @13  false
 - private 'codesource' 'Ljava/security/CodeSource;' @16  a 'java/security/CodeSource'{0x00000007808f24e8} (f011e49d)
 - private 'classloader' 'Ljava/lang/ClassLoader;' @20  a 'jdk/internal/loader/ClassLoaders$AppClassLoader'{0x00000007808a5600} (f0114ac0)
 - private 'principals' '[Ljava/security/Principal;' @24  a 'java/security/Principal'[0] {0x00000007808f2650} (f011e4ca)
 - private 'permissions' 'Ljava/security/PermissionCollection;' @28  a 'sun/security/util/LazyCodeSourcePermissionCollection'{0x00000007808f2660} (f011e4cc)
 - final 'key' 'Ljava/security/ProtectionDomain$Key;' @32  a 'java/security/ProtectionDomain$Key'{0x00000007808f2820} (f011e504)
x22=0x00000007808a5600 is an oop: jdk.internal.loader.ClassLoaders$AppClassLoader 
{0x00000007808a5600} - klass: 'jdk/internal/loader/ClassLoaders$AppClassLoader'
 - ---- fields (total size 13 words):
 - private 'defaultAssertionStatus' 'Z' @12  false
 - private final 'parent' 'Ljava/lang/ClassLoader;' @24  a 'jdk/internal/loader/ClassLoaders$PlatformClassLoader'{0x0000000780b06be0} (f0160d7c)
 - private final 'name' 'Ljava/lang/String;' @28  "app"{0x00000007fff0a7b0} (fffe14f6)
 - private final 'unnamedModule' 'Ljava/lang/Module;' @32  a 'java/lang/Module'{0x00000007808a5760} (f0114aec)
 - private final 'nameAndId' 'Ljava/lang/String;' @36  "'app'"{0x00000007805f2890} (f00be512)
 - private final 'parallelLockMap' 'Ljava/util/concurrent/ConcurrentHashMap;' @40  a 'java/util/concurrent/ConcurrentHashMap'{0x00000007805a7d98} (f00b4fb3)
 - private final 'package2certs' 'Ljava/util/concurrent/ConcurrentHashMap;' @44  a 'java/util/concurrent/ConcurrentHashMap'{0x00000007805a64b0} (f00b4c96)
 - private final 'classes' 'Ljava/util/ArrayList;' @48  a 'java/util/ArrayList'{0x00000007805a5ed0} (f00b4bda)
 - private final 'defaultDomain' 'Ljava/security/ProtectionDomain;' @52  a 'java/security/ProtectionDomain'{0x00000007805a5e60} (f00b4bcc)
 - private final 'packages' 'Ljava/util/concurrent/ConcurrentHashMap;' @56  a 'java/util/concurrent/ConcurrentHashMap'{0x00000007805a3e50} (f00b47ca)
 - private final 'libraries' 'Ljdk/internal/loader/NativeLibraries;' @60  a 'jdk/internal/loader/NativeLibraries'{0x00000007805a3df0} (f00b47be)
 - final 'assertionLock' 'Ljava/lang/Object;' @64  a 'java/lang/Object'{0x00000007805a3de0} (f00b47bc)
 - private 'packageAssertionStatus' 'Ljava/util/Map;' @68  NULL (0)
 - 'classAssertionStatus' 'Ljava/util/Map;' @72  NULL (0)
 - private volatile 'classLoaderValueMap' 'Ljava/util/concurrent/ConcurrentHashMap;' @76  a 'java/util/concurrent/ConcurrentHashMap'{0x00000007805a3cd0} (f00b479a)
 - private final 'pdcache' 'Ljava/util/Map;' @80  a 'java/util/concurrent/ConcurrentHashMap'{0x000000078053a960} (f00a752c)
 - private final 'parent' 'Ljdk/internal/loader/BuiltinClassLoader;' @84  a 'jdk/internal/loader/ClassLoaders$PlatformClassLoader'{0x0000000780b06be0} (f0160d7c)
 - private synchronized 'ucp' 'Ljdk/internal/loader/URLClassPath;' @88  a 'jdk/internal/loader/URLClassPath'{0x000000078056c758} (f00ad8eb)
 - private final 'nameToModule' 'Ljava/util/Map;' @92  a 'java/util/concurrent/ConcurrentHashMap'{0x000000078039f550} (f0073eaa)
 - private final 'moduleToReader' 'Ljava/util/Map;' @96  a 'java/util/concurrent/ConcurrentHashMap'{0x000000078039f058} (f0073e0b)
 - private volatile 'resourceCache' 'Ljava/lang/ref/SoftReference;' @100  a 'java/lang/ref/SoftReference'{0x000000078039ede0} (f0073dbc)
x23=0x0000600002da4100 points into unknown readable memory: 0x00000007808f24c0 | c0 24 8f 80 07 00 00 00
x24=0x00006000007b7980 points into unknown readable memory: 0x0000000000000002 | 02 00 00 00 00 00 00 00
x25=0x00006000007b7980 points into unknown readable memory: 0x0000000000000002 | 02 00 00 00 00 00 00 00
x26=0x00000001020a3da6: _ZN9metaspace9BlockTree11MinWordSizeE+0xb86 in /Users/a/Library/Java/JavaVirtualMachines/ms-17.0.17/Contents/Home/lib/server/libjvm.dylib at 0x0000000101610000
x27=0x00000000000000b6 is an unknown value
x28=0x0000000171775e38 is pointing into the stack for thread: 0x0000000143013e00


Top of Stack: (sp=0x0000000171775bc0)
0x0000000171775bc0:   0000000171775bf0 0000000101921c18
0x0000000171775bd0:   00000007808a5600 0000008800454068
0x0000000171775be0:   0000000143013e00 0000000171775d00
0x0000000171775bf0:   0000000171775c50 00000001018a7970
0x0000000171775c00:   0000000000000000 000000013309bd50
0x0000000171775c10:   00000001020a3da6 00000000000000b6
0x0000000171775c20:   000000013305929a 0000000171775d00
0x0000000171775c30:   0000000171776af0 000000000000006f
0x0000000171775c40:   0000000133052770 0000000171775caf
0x0000000171775c50:   0000000171775c90 000000010180f66c
0x0000000171775c60:   000000013305929a 0000000171775d00
0x0000000171775c70:   0000000000000018 0000000171776af0
0x0000000171775c80:   0000000171776af0 0000000133052770
0x0000000171775c90:   0000000171775cf0 00000001018103d8
0x0000000171775ca0:   00000001330598d0 0000000171775d58
0x0000000171775cb0:   00000001020a3da6 000000011512f8c0
0x0000000171775cc0:   000000013305929a 0000000171775dab
0x0000000171775cd0:   0000000171775e38 0000000171776af0
0x0000000171775ce0:   0000000171775da0 0000000143013e00
0x0000000171775cf0:   0000000171775d50 000000010182a998
0x0000000171775d00:   000000011512f8c0 0000000143013e00
0x0000000171775d10:   00000001020a3da6 0000000000000000
0x0000000171775d20:   00000000000000b0 000000010225f31c
0x0000000171775d30:   0000000171775e38 00006000036b8518
0x0000000171775d40:   0000000000000000 00000001717762f8
0x0000000171775d50:   0000000171775e00 0000000101770628
0x0000000171775d60:   0000000000000002 0000600001cb5b01
0x0000000171775d70:   0000000000000011 000000013309d7e0
0x0000000171775d80:   000000013309d710 000000013309ae20
0x0000000171775d90:   0000000171775e00 00000001017848c0
0x0000000171775da0:   0000000000000000 000000013309d840
0x0000000171775db0:   0000000171775e38 00000000000000b6 

Instructions: (pc=0x0000000101e021b0)
0x0000000101e020b0:   20 00 1f d6 ff 83 01 d1 fa 67 01 a9 f8 5f 02 a9
0x0000000101e020c0:   f6 57 03 a9 f4 4f 04 a9 fd 7b 05 a9 fd 43 01 91
0x0000000101e020d0:   f3 03 01 aa f4 03 00 aa 08 00 40 b9 09 14 40 b9
0x0000000101e020e0:   e8 27 00 a9 e1 18 00 b0 21 8c 33 91 e0 03 13 aa
0x0000000101e020f0:   9b 17 ff 97 88 02 40 b9 1f 05 00 71 2b 03 00 54
0x0000000101e02100:   16 00 80 d2 b7 21 00 90 f5 18 00 b0 b5 76 34 91
0x0000000101e02110:   05 00 00 14 d6 06 00 91 88 02 80 b9 df 02 08 eb
0x0000000101e02120:   0a 02 00 54 88 06 40 f9 08 0d 16 8b 18 c1 bf f8
0x0000000101e02130:   38 ff ff b4 f9 03 16 aa 00 0b 40 f9 e8 52 41 f9
0x0000000101e02140:   00 01 3f d6 f9 03 00 a9 e0 03 13 aa e1 03 15 aa
0x0000000101e02150:   83 17 ff 97 18 07 40 f9 18 ff ff b5 ee ff ff 17
0x0000000101e02160:   fd 7b 45 a9 f4 4f 44 a9 f6 57 43 a9 f8 5f 42 a9
0x0000000101e02170:   fa 67 41 a9 ff 83 01 91 c0 03 5f d6 fd 7b bf a9
0x0000000101e02180:   fd 03 00 91 fd 7b c1 a8 c0 03 5f d6 fd 7b bf a9
0x0000000101e02190:   fd 03 00 91 00 08 40 f9 88 21 00 f0 01 9d 47 f9
0x0000000101e021a0:   fd 7b c1 a8 20 00 1f d6 fd 7b bf a9 fd 03 00 91
0x0000000101e021b0:   08 00 40 f9 00 09 40 f9 a8 21 00 90 01 51 41 f9
0x0000000101e021c0:   fd 7b c1 a8 20 00 1f d6 f4 4f be a9 fd 7b 01 a9
0x0000000101e021d0:   fd 43 00 91 f3 03 00 aa 00 08 40 f9 b4 21 00 90
0x0000000101e021e0:   88 52 41 f9 00 01 3f d6 e0 00 00 b4 60 0a 40 f9
0x0000000101e021f0:   88 52 41 f9 00 01 3f d6 01 00 80 52 61 b1 fe 97
0x0000000101e02200:   80 00 00 36 fd 7b 41 a9 f4 4f c2 a8 c0 03 5f d6
0x0000000101e02210:   e0 18 00 b0 00 f8 34 91 e2 18 00 b0 42 d0 35 91
0x0000000101e02220:   e3 18 00 b0 63 38 37 91 01 18 80 52 6c c7 ea 97
0x0000000101e02230:   fd 7b 41 a9 f4 4f c2 a8 5b f1 fe 17 f8 5f bc a9
0x0000000101e02240:   f6 57 01 a9 f4 4f 02 a9 fd 7b 03 a9 fd c3 00 91
0x0000000101e02250:   f3 03 01 aa f4 03 00 aa 20 00 40 f9 08 00 40 f9
0x0000000101e02260:   09 09 40 92 0a 79 78 92 3f 05 00 f1 44 09 40 fa
0x0000000101e02270:   81 00 00 54 e9 03 28 2a 3f 05 40 f2 61 00 00 54
0x0000000101e02280:   15 99 48 d3 03 00 00 14 10 b1 fe 97 f5 03 00 aa
0x0000000101e02290:   88 02 40 b9 a9 0a c8 1a 37 d5 08 1b 88 06 40 f9
0x0000000101e022a0:   08 cd 37 8b 16 c1 bf f8 56 02 00 b4 b8 21 00 90 


Stack slot to memory mapping:
stack at sp + 0 slots: 0x0000000171775bf0 is pointing into the stack for thread: 0x0000000143013e00
stack at sp + 1 slots: 0x0000000101921c18: _ZN10Dictionary4findEjP6Symbol6Handle+0xa0 in /Users/a/Library/Java/JavaVirtualMachines/ms-17.0.17/Contents/Home/lib/server/libjvm.dylib at 0x0000000101610000
stack at sp + 2 slots: 0x00000007808a5600 is an oop: jdk.internal.loader.ClassLoaders$AppClassLoader 
{0x00000007808a5600} - klass: 'jdk/internal/loader/ClassLoaders$AppClassLoader'
 - ---- fields (total size 13 words):
 - private 'defaultAssertionStatus' 'Z' @12  false
 - private final 'parent' 'Ljava/lang/ClassLoader;' @24  a 'jdk/internal/loader/ClassLoaders$PlatformClassLoader'{0x0000000780b06be0} (f0160d7c)
 - private final 'name' 'Ljava/lang/String;' @28  "app"{0x00000007fff0a7b0} (fffe14f6)
 - private final 'unnamedModule' 'Ljava/lang/Module;' @32  a 'java/lang/Module'{0x00000007808a5760} (f0114aec)
 - private final 'nameAndId' 'Ljava/lang/String;' @36  "'app'"{0x00000007805f2890} (f00be512)
 - private final 'parallelLockMap' 'Ljava/util/concurrent/ConcurrentHashMap;' @40  a 'java/util/concurrent/ConcurrentHashMap'{0x00000007805a7d98} (f00b4fb3)
 - private final 'package2certs' 'Ljava/util/concurrent/ConcurrentHashMap;' @44  a 'java/util/concurrent/ConcurrentHashMap'{0x00000007805a64b0} (f00b4c96)
 - private final 'classes' 'Ljava/util/ArrayList;' @48  a 'java/util/ArrayList'{0x00000007805a5ed0} (f00b4bda)
 - private final 'defaultDomain' 'Ljava/security/ProtectionDomain;' @52  a 'java/security/ProtectionDomain'{0x00000007805a5e60} (f00b4bcc)
 - private final 'packages' 'Ljava/util/concurrent/ConcurrentHashMap;' @56  a 'java/util/concurrent/ConcurrentHashMap'{0x00000007805a3e50} (f00b47ca)
 - private final 'libraries' 'Ljdk/internal/loader/NativeLibraries;' @60  a 'jdk/internal/loader/NativeLibraries'{0x00000007805a3df0} (f00b47be)
 - final 'assertionLock' 'Ljava/lang/Object;' @64  a 'java/lang/Object'{0x00000007805a3de0} (f00b47bc)
 - private 'packageAssertionStatus' 'Ljava/util/Map;' @68  NULL (0)
 - 'classAssertionStatus' 'Ljava/util/Map;' @72  NULL (0)
 - private volatile 'classLoaderValueMap' 'Ljava/util/concurrent/ConcurrentHashMap;' @76  a 'java/util/concurrent/ConcurrentHashMap'{0x00000007805a3cd0} (f00b479a)
 - private final 'pdcache' 'Ljava/util/Map;' @80  a 'java/util/concurrent/ConcurrentHashMap'{0x000000078053a960} (f00a752c)
 - private final 'parent' 'Ljdk/internal/loader/BuiltinClassLoader;' @84  a 'jdk/internal/loader/ClassLoaders$PlatformClassLoader'{0x0000000780b06be0} (f0160d7c)
 - private synchronized 'ucp' 'Ljdk/internal/loader/URLClassPath;' @88  a 'jdk/internal/loader/URLClassPath'{0x000000078056c758} (f00ad8eb)
 - private final 'nameToModule' 'Ljava/util/Map;' @92  a 'java/util/concurrent/ConcurrentHashMap'{0x000000078039f550} (f0073eaa)
 - private final 'moduleToReader' 'Ljava/util/Map;' @96  a 'java/util/concurrent/ConcurrentHashMap'{0x000000078039f058} (f0073e0b)
 - private volatile 'resourceCache' 'Ljava/lang/ref/SoftReference;' @100  a 'java/lang/ref/SoftReference'{0x000000078039ede0} (f0073dbc)
stack at sp + 3 slots: 0x0000008800454068 is pointing into metadata
stack at sp + 4 slots: 0x0000000143013e00 is a thread
stack at sp + 5 slots: 0x0000000171775d00 is pointing into the stack for thread: 0x0000000143013e00
stack at sp + 6 slots: 0x0000000171775c50 is pointing into the stack for thread: 0x0000000143013e00
stack at sp + 7 slots: 0x00000001018a7970: _ZN12ConstantPool18klass_at_if_loadedERK18constantPoolHandlei+0x1dc in /Users/a/Library/Java/JavaVirtualMachines/ms-17.0.17/Contents/Home/lib/server/libjvm.dylib at 0x0000000101610000


---------------  P R O C E S S  ---------------

Threads class SMR info:
_java_thread_list=0x00006000012a1dc0, length=58, elements={
0x0000000142883a00, 0x000000014400c200, 0x0000000144011000, 0x0000000120011200,
0x0000000144011600, 0x0000000143013e00, 0x0000000144011c00, 0x0000000144012200,
0x0000000133008200, 0x000000014297aa00, 0x00000001431cca00, 0x00000001442f1800,
0x00000001442dd400, 0x0000000142b5c400, 0x00000001442ee600, 0x0000000144313800,
0x00000001431cde00, 0x0000000144313e00, 0x00000001442eec00, 0x0000000120302400,
0x0000000144322c00, 0x00000001442ef200, 0x0000000144321000, 0x0000000144321600,
0x0000000144321c00, 0x00000001431eb000, 0x00000001431eb600, 0x00000001431dd800,
0x0000000144322200, 0x00000001441c1200, 0x00000001441c1800, 0x00000001441c1e00,
0x00000001441c2400, 0x00000001431dde00, 0x00000001441c2a00, 0x00000001441c3000,
0x00000001441c3600, 0x00000001441c3c00, 0x00000001441c4200, 0x00000001431ee200,
0x00000001441c4800, 0x00000001441bf000, 0x00000001441c4e00, 0x00000001431e8e00,
0x00000001441c0200, 0x00000001441d5400, 0x00000001441bf600, 0x00000001431e9400,
0x0000000120323200, 0x0000000120323800, 0x0000000120323e00, 0x00000001200dc400,
0x00000001441bfc00, 0x00000001441d5a00, 0x00000001441d6000, 0x00000001200daa00,
0x00000001200da200, 0x00000001200dba00
}

Java Threads: ( => current thread )
  0x0000000142883a00 JavaThread "Reference Handler" daemon [_thread_blocked, id=31491, stack(0x0000000170994000,0x0000000170b97000)]
  0x000000014400c200 JavaThread "Finalizer" daemon [_thread_blocked, id=30979, stack(0x0000000170ba0000,0x0000000170da3000)]
  0x0000000144011000 JavaThread "Signal Dispatcher" daemon [_thread_blocked, id=29187, stack(0x0000000170f50000,0x0000000171153000)]
  0x0000000120011200 JavaThread "Service Thread" daemon [_thread_blocked, id=25347, stack(0x000000017115c000,0x000000017135f000)]
  0x0000000144011600 JavaThread "Monitor Deflation Thread" daemon [_thread_blocked, id=28675, stack(0x0000000171368000,0x000000017156b000)]
=>0x0000000143013e00 JavaThread "C1 CompilerThread0" daemon [_thread_in_vm, id=25859, stack(0x0000000171574000,0x0000000171777000)]
  0x0000000144011c00 JavaThread "Sweeper thread" daemon [_thread_blocked, id=28163, stack(0x0000000171780000,0x0000000171983000)]
  0x0000000144012200 JavaThread "Common-Cleaner" daemon [_thread_blocked, id=27651, stack(0x000000017198c000,0x0000000171b8f000)]
  0x0000000133008200 JavaThread "Monitor Ctrl-Break" daemon [_thread_in_native, id=27395, stack(0x0000000171b98000,0x0000000171d9b000)]
  0x000000014297aa00 JavaThread "Notification Thread" daemon [_thread_blocked, id=26883, stack(0x0000000171da4000,0x0000000171fa7000)]
  0x00000001431cca00 JavaThread "Catalina-utility-1" [_thread_blocked, id=34315, stack(0x0000000172bf8000,0x0000000172dfb000)]
  0x00000001442f1800 JavaThread "Catalina-utility-2" [_thread_blocked, id=35331, stack(0x0000000173428000,0x000000017362b000)]
  0x00000001442dd400 JavaThread "container-0" [_thread_blocked, id=40707, stack(0x0000000173634000,0x0000000173837000)]
  0x0000000142b5c400 JavaThread "spectator-gauge-polling-0" daemon [_thread_blocked, id=36099, stack(0x0000000173a4c000,0x0000000173c4f000)]
  0x00000001442ee600 JavaThread "Eureka-DeltaRetentionTimer" daemon [_thread_blocked, id=36355, stack(0x0000000173c58000,0x0000000173e5b000)]
  0x0000000144313800 JavaThread "Eureka-EvictionTimer" daemon [_thread_blocked, id=36611, stack(0x0000000173e64000,0x0000000174067000)]
  0x00000001431cde00 JavaThread "Eureka-MeasureRateTimer" daemon [_thread_blocked, id=39683, stack(0x0000000174070000,0x0000000174273000)]
  0x0000000144313e00 JavaThread "ReplicaAwareInstanceRegistry - RenewalThresholdUpdater" daemon [_thread_blocked, id=39427, stack(0x000000017427c000,0x000000017447f000)]
  0x00000001442eec00 JavaThread "Eureka-MeasureRateTimer" daemon [_thread_blocked, id=38915, stack(0x0000000174488000,0x000000017468b000)]
  0x0000000120302400 JavaThread "Eureka-Jersey3Client-Conn-Cleaner2" daemon [_thread_blocked, id=38659, stack(0x0000000174694000,0x0000000174897000)]
  0x0000000144322c00 JavaThread "TaskAcceptor-target_localhost" daemon [_thread_blocked, id=24583, stack(0x00000001748a0000,0x0000000174aa3000)]
  0x00000001442ef200 JavaThread "TaskBatchingWorker-target_localhost-0" daemon [_thread_blocked, id=38147, stack(0x0000000174aac000,0x0000000174caf000)]
  0x0000000144321000 JavaThread "TaskBatchingWorker-target_localhost-1" daemon [_thread_blocked, id=37635, stack(0x0000000174cb8000,0x0000000174ebb000)]
  0x0000000144321600 JavaThread "TaskBatchingWorker-target_localhost-2" daemon [_thread_blocked, id=65283, stack(0x0000000174ec4000,0x00000001750c7000)]
  0x0000000144321c00 JavaThread "TaskBatchingWorker-target_localhost-3" daemon [_thread_blocked, id=65027, stack(0x00000001750d0000,0x00000001752d3000)]
  0x00000001431eb000 JavaThread "TaskBatchingWorker-target_localhost-4" daemon [_thread_blocked, id=44035, stack(0x00000001752dc000,0x00000001754df000)]
  0x00000001431eb600 JavaThread "TaskBatchingWorker-target_localhost-5" daemon [_thread_blocked, id=64515, stack(0x00000001754e8000,0x00000001756eb000)]
  0x00000001431dd800 JavaThread "TaskBatchingWorker-target_localhost-6" daemon [_thread_blocked, id=44547, stack(0x00000001756f4000,0x00000001758f7000)]
  0x0000000144322200 JavaThread "TaskBatchingWorker-target_localhost-7" daemon [_thread_blocked, id=63747, stack(0x0000000175900000,0x0000000175b03000)]
  0x00000001441c1200 JavaThread "TaskBatchingWorker-target_localhost-8" daemon [_thread_blocked, id=63491, stack(0x0000000175b0c000,0x0000000175d0f000)]
  0x00000001441c1800 JavaThread "TaskBatchingWorker-target_localhost-9" daemon [_thread_blocked, id=45315, stack(0x0000000175d18000,0x0000000175f1b000)]
  0x00000001441c1e00 JavaThread "TaskBatchingWorker-target_localhost-10" daemon [_thread_blocked, id=45827, stack(0x0000000175f24000,0x0000000176127000)]
  0x00000001441c2400 JavaThread "TaskBatchingWorker-target_localhost-11" daemon [_thread_blocked, id=46083, stack(0x0000000176130000,0x0000000176333000)]
  0x00000001431dde00 JavaThread "TaskBatchingWorker-target_localhost-12" daemon [_thread_blocked, id=62723, stack(0x000000017633c000,0x000000017653f000)]
  0x00000001441c2a00 JavaThread "TaskBatchingWorker-target_localhost-13" daemon [_thread_blocked, id=62211, stack(0x0000000176548000,0x000000017674b000)]
  0x00000001441c3000 JavaThread "TaskBatchingWorker-target_localhost-14" daemon [_thread_blocked, id=46339, stack(0x0000000176754000,0x0000000176957000)]
  0x00000001441c3600 JavaThread "TaskBatchingWorker-target_localhost-15" daemon [_thread_blocked, id=61699, stack(0x0000000176960000,0x0000000176b63000)]
  0x00000001441c3c00 JavaThread "TaskBatchingWorker-target_localhost-16" daemon [_thread_blocked, id=47107, stack(0x0000000176b6c000,0x0000000176d6f000)]
  0x00000001441c4200 JavaThread "TaskBatchingWorker-target_localhost-17" daemon [_thread_blocked, id=61187, stack(0x0000000176d78000,0x0000000176f7b000)]
  0x00000001431ee200 JavaThread "TaskBatchingWorker-target_localhost-18" daemon [_thread_blocked, id=60931, stack(0x0000000176f84000,0x0000000177187000)]
  0x00000001441c4800 JavaThread "TaskBatchingWorker-target_localhost-19" daemon [_thread_blocked, id=47619, stack(0x0000000177190000,0x0000000177393000)]
  0x00000001441bf000 JavaThread "TaskAcceptor-localhost" daemon [_thread_blocked, id=60419, stack(0x000000017739c000,0x000000017759f000)]
  0x00000001441c4e00 JavaThread "TaskNonBatchingWorker-localhost-0" daemon [_thread_blocked, id=59907, stack(0x00000001775a8000,0x00000001777ab000)]
  0x00000001431e8e00 JavaThread "Eureka-PeerNodesUpdater" daemon [_thread_blocked, id=48387, stack(0x00000001777b4000,0x00000001779b7000)]
  0x00000001441c0200 JavaThread "Eureka-CacheFillTimer" daemon [_thread_blocked, id=59395, stack(0x00000001779c0000,0x0000000177bc3000)]
  0x00000001441d5400 JavaThread "http-nio-8761-exec-1" daemon [_thread_blocked, id=48899, stack(0x0000000177dd8000,0x0000000177fdb000)]
  0x00000001441bf600 JavaThread "http-nio-8761-exec-2" daemon [_thread_blocked, id=49155, stack(0x0000000177fe4000,0x00000001781e7000)]
  0x00000001431e9400 JavaThread "http-nio-8761-exec-3" daemon [_thread_blocked, id=49667, stack(0x00000001781f0000,0x00000001783f3000)]
  0x0000000120323200 JavaThread "http-nio-8761-exec-4" daemon [_thread_blocked, id=58115, stack(0x00000001783fc000,0x00000001785ff000)]
  0x0000000120323800 JavaThread "http-nio-8761-exec-5" daemon [_thread_in_Java, id=50179, stack(0x0000000178608000,0x000000017880b000)]
  0x0000000120323e00 JavaThread "http-nio-8761-exec-6" daemon [_thread_blocked, id=50691, stack(0x0000000178814000,0x0000000178a17000)]
  0x00000001200dc400 JavaThread "http-nio-8761-exec-7" daemon [_thread_blocked, id=57859, stack(0x0000000178a20000,0x0000000178c23000)]
  0x00000001441bfc00 JavaThread "http-nio-8761-exec-8" daemon [_thread_blocked, id=57347, stack(0x0000000178c2c000,0x0000000178e2f000)]
  0x00000001441d5a00 JavaThread "http-nio-8761-exec-9" daemon [_thread_blocked, id=56835, stack(0x0000000178e38000,0x000000017903b000)]
  0x00000001441d6000 JavaThread "http-nio-8761-exec-10" daemon [_thread_blocked, id=51203, stack(0x0000000179044000,0x0000000179247000)]
  0x00000001200daa00 JavaThread "http-nio-8761-Poller" daemon [_thread_in_native, id=58887, stack(0x0000000177bcc000,0x0000000177dcf000)]
  0x00000001200da200 JavaThread "http-nio-8761-Acceptor" daemon [_thread_in_native, id=51715, stack(0x0000000179250000,0x0000000179453000)]
  0x00000001200dba00 JavaThread "DestroyJavaVM" [_thread_blocked, id=4867, stack(0x000000016fb40000,0x000000016fd43000)]

Other Threads:
  0x000000014260b8d0 VMThread "VM Thread" [stack: 0x0000000170788000,0x000000017098b000] [id=19971]
  0x000000014480a0c0 WatcherThread [stack: 0x0000000171fb0000,0x00000001721b3000] [id=26627]
  0x0000000142606cd0 GCTaskThread "GC Thread#0" [stack: 0x000000016fd4c000,0x000000016ff4f000] [id=14339]
  0x000000011320a900 GCTaskThread "GC Thread#1" [stack: 0x00000001721bc000,0x00000001723bf000] [id=33027]
  0x000000014262b250 GCTaskThread "GC Thread#2" [stack: 0x00000001723c8000,0x00000001725cb000] [id=33539]
  0x000000014481b870 GCTaskThread "GC Thread#3" [stack: 0x00000001725d4000,0x00000001727d7000] [id=43011]
  0x0000000142632bc0 GCTaskThread "GC Thread#4" [stack: 0x00000001727e0000,0x00000001729e3000] [id=33795]
  0x00000001426330b0 GCTaskThread "GC Thread#5" [stack: 0x00000001729ec000,0x0000000172bef000] [id=42499]
  0x00000001426479d0 GCTaskThread "GC Thread#6" [stack: 0x0000000172e04000,0x0000000173007000] [id=41995]
  0x0000000142647c90 GCTaskThread "GC Thread#7" [stack: 0x0000000173010000,0x0000000173213000] [id=34819]
  0x0000000142607160 ConcurrentGCThread "G1 Main Marker" [stack: 0x000000016ff58000,0x000000017015b000] [id=12803]
  0x0000000132604200 ConcurrentGCThread "G1 Conc#0" [stack: 0x0000000170164000,0x0000000170367000] [id=13315]
  0x000000014264acc0 ConcurrentGCThread "G1 Conc#1" [stack: 0x000000017321c000,0x000000017341f000] [id=41219]
  0x0000000144804b40 ConcurrentGCThread "G1 Refine#0" [stack: 0x0000000170370000,0x0000000170573000] [id=16643]
  0x00000001448053f0 ConcurrentGCThread "G1 Service" [stack: 0x000000017057c000,0x000000017077f000] [id=17155]

Threads with active compile tasks:
C1 CompilerThread0  347424 6775   !   1       org.springframework.web.filter.OncePerRequestFilter::doFilter (178 bytes)

VM state: not at safepoint (normal execution)

VM Mutex/Monitor currently owned by a thread: None

Heap address: 0x0000000780000000, size: 2048 MB, Compressed Oops mode: Zero based, Oop shift amount: 3

CDS archive(s) mapped at: [0x0000008800000000-0x0000008800bc0000-0x0000008800bc0000), size 12320768, SharedBaseAddress: 0x0000008800000000, ArchiveRelocationMode: 1.
Compressed class space mapped at: 0x0000008801000000-0x0000008841000000, reserved size: 1073741824
Narrow klass base: 0x0000008800000000, Narrow klass shift: 0, Narrow klass range: 0x100000000

GC Precious Log:
 CPUs: 8 total, 8 available
 Memory: 8192M
 Large Page Support: Disabled
 NUMA Support: Disabled
 Compressed Oops: Enabled (Zero based)
 Heap Region Size: 1M
 Heap Min Capacity: 8M
 Heap Initial Capacity: 128M
 Heap Max Capacity: 2G
 Pre-touch: Disabled
 Parallel Workers: 8
 Concurrent Workers: 2
 Concurrent Refinement Workers: 8
 Periodic GC: Disabled

Heap:
 garbage-first heap   total 101376K, used 50692K [0x0000000780000000, 0x0000000800000000)
  region size 1024K, 12 young (12288K), 3 survivors (3072K)
 Metaspace       used 60126K, committed 60736K, reserved 1114112K
  class space    used 8601K, committed 8896K, reserved 1048576K

Heap Regions: E=young(eden), S=young(survivor), O=old, HS=humongous(starts), HC=humongous(continues), CS=collection set, F=free, OA=open archive, CA=closed archive, TAMS=top-at-mark-start (previous, next)
|   0|0x0000000780000000, 0x0000000780100000, 0x0000000780100000|100%|HS|  |TAMS 0x0000000780100000, 0x0000000780000000| Complete 
|   1|0x0000000780100000, 0x0000000780200000, 0x0000000780200000|100%| O|  |TAMS 0x0000000780200000, 0x0000000780100000| Untracked 
|   2|0x0000000780200000, 0x0000000780300000, 0x0000000780300000|100%| O|  |TAMS 0x0000000780300000, 0x0000000780200000| Untracked 
|   3|0x0000000780300000, 0x0000000780400000, 0x0000000780400000|100%| O|  |TAMS 0x0000000780400000, 0x0000000780300000| Untracked 
|   4|0x0000000780400000, 0x0000000780500000, 0x0000000780500000|100%| O|  |TAMS 0x0000000780500000, 0x0000000780400000| Untracked 
|   5|0x0000000780500000, 0x0000000780600000, 0x0000000780600000|100%| O|  |TAMS 0x0000000780600000, 0x0000000780500000| Untracked 
|   6|0x0000000780600000, 0x0000000780700000, 0x0000000780700000|100%| O|  |TAMS 0x0000000780700000, 0x0000000780600000| Complete 
|   7|0x0000000780700000, 0x0000000780800000, 0x0000000780800000|100%| O|  |TAMS 0x0000000780800000, 0x0000000780700000| Untracked 
|   8|0x0000000780800000, 0x0000000780900000, 0x0000000780900000|100%| O|  |TAMS 0x0000000780900000, 0x0000000780800000| Untracked 
|   9|0x0000000780900000, 0x0000000780a00000, 0x0000000780a00000|100%| O|  |TAMS 0x0000000780a00000, 0x0000000780900000| Untracked 
|  10|0x0000000780a00000, 0x0000000780b00000, 0x0000000780b00000|100%| O|  |TAMS 0x0000000780b00000, 0x0000000780a00000| Untracked 
|  11|0x0000000780b00000, 0x0000000780c00000, 0x0000000780c00000|100%| O|  |TAMS 0x0000000780c00000, 0x0000000780b00000| Untracked 
|  12|0x0000000780c00000, 0x0000000780d00000, 0x0000000780d00000|100%| O|  |TAMS 0x0000000780d00000, 0x0000000780c00000| Untracked 
|  13|0x0000000780d00000, 0x0000000780e00000, 0x0000000780e00000|100%| O|  |TAMS 0x0000000780e00000, 0x0000000780d00000| Untracked 
|  14|0x0000000780e00000, 0x0000000780e88a00, 0x0000000780f00000| 53%| O|  |TAMS 0x0000000780e88a00, 0x0000000780e00000| Untracked 
|  15|0x0000000780f00000, 0x0000000781000000, 0x0000000781000000|100%| O|  |TAMS 0x0000000781000000, 0x0000000780f00000| Untracked 
|  16|0x0000000781000000, 0x0000000781100000, 0x0000000781100000|100%| O|  |TAMS 0x0000000781100000, 0x0000000781000000| Untracked 
|  17|0x0000000781100000, 0x0000000781200000, 0x0000000781200000|100%| O|  |TAMS 0x0000000781200000, 0x0000000781100000| Untracked 
|  18|0x0000000781200000, 0x0000000781300000, 0x0000000781300000|100%| O|  |TAMS 0x0000000781300000, 0x0000000781200000| Untracked 
|  19|0x0000000781300000, 0x0000000781400000, 0x0000000781400000|100%| O|  |TAMS 0x0000000781400000, 0x0000000781300000| Untracked 
|  20|0x0000000781400000, 0x0000000781500000, 0x0000000781500000|100%| O|  |TAMS 0x0000000781500000, 0x0000000781400000| Untracked 
|  21|0x0000000781500000, 0x0000000781600000, 0x0000000781600000|100%| O|  |TAMS 0x0000000781600000, 0x0000000781500000| Untracked 
|  22|0x0000000781600000, 0x0000000781700000, 0x0000000781700000|100%| O|  |TAMS 0x0000000781700000, 0x0000000781600000| Untracked 
|  23|0x0000000781700000, 0x0000000781800000, 0x0000000781800000|100%| O|  |TAMS 0x0000000781800000, 0x0000000781700000| Untracked 
|  24|0x0000000781800000, 0x0000000781900000, 0x0000000781900000|100%| O|  |TAMS 0x0000000781900000, 0x0000000781800000| Untracked 
|  25|0x0000000781900000, 0x0000000781a00000, 0x0000000781a00000|100%| O|  |TAMS 0x0000000781a00000, 0x0000000781900000| Untracked 
|  26|0x0000000781a00000, 0x0000000781b00000, 0x0000000781b00000|100%| O|  |TAMS 0x0000000781b00000, 0x0000000781a00000| Untracked 
|  27|0x0000000781b00000, 0x0000000781c00000, 0x0000000781c00000|100%| O|  |TAMS 0x0000000781c00000, 0x0000000781b00000| Untracked 
|  28|0x0000000781c00000, 0x0000000781d00000, 0x0000000781d00000|100%| O|  |TAMS 0x0000000781d00000, 0x0000000781c00000| Untracked 
|  29|0x0000000781d00000, 0x0000000781e00000, 0x0000000781e00000|100%| O|  |TAMS 0x0000000781e00000, 0x0000000781d00000| Untracked 
|  30|0x0000000781e00000, 0x0000000781f00000, 0x0000000781f00000|100%| O|  |TAMS 0x0000000781f00000, 0x0000000781e00000| Untracked 
|  31|0x0000000781f00000, 0x0000000782000000, 0x0000000782000000|100%| O|  |TAMS 0x0000000782000000, 0x0000000781f00000| Untracked 
|  32|0x0000000782000000, 0x0000000782100000, 0x0000000782100000|100%| O|  |TAMS 0x0000000782100000, 0x0000000782000000| Untracked 
|  33|0x0000000782100000, 0x0000000782200000, 0x0000000782200000|100%| O|  |TAMS 0x0000000782200000, 0x0000000782100000| Untracked 
|  34|0x0000000782200000, 0x0000000782300000, 0x0000000782300000|100%| O|  |TAMS 0x0000000782221000, 0x0000000782200000| Untracked 
|  35|0x0000000782300000, 0x0000000782400000, 0x0000000782400000|100%| O|  |TAMS 0x0000000782300000, 0x0000000782300000| Untracked 
|  36|0x0000000782400000, 0x0000000782500000, 0x0000000782500000|100%| O|  |TAMS 0x0000000782400000, 0x0000000782400000| Untracked 
|  37|0x0000000782500000, 0x0000000782600000, 0x0000000782600000|100%| O|  |TAMS 0x0000000782500000, 0x0000000782500000| Untracked 
|  38|0x0000000782600000, 0x000000078268fe00, 0x0000000782700000| 56%| O|  |TAMS 0x0000000782600000, 0x0000000782600000| Untracked 
|  39|0x0000000782700000, 0x0000000782700000, 0x0000000782800000|  0%| F|  |TAMS 0x0000000782700000, 0x0000000782700000| Untracked 
|  40|0x0000000782800000, 0x0000000782800000, 0x0000000782900000|  0%| F|  |TAMS 0x0000000782800000, 0x0000000782800000| Untracked 
|  41|0x0000000782900000, 0x0000000782900000, 0x0000000782a00000|  0%| F|  |TAMS 0x0000000782900000, 0x0000000782900000| Untracked 
|  42|0x0000000782a00000, 0x0000000782a00000, 0x0000000782b00000|  0%| F|  |TAMS 0x0000000782a00000, 0x0000000782a00000| Untracked 
|  43|0x0000000782b00000, 0x0000000782b00000, 0x0000000782c00000|  0%| F|  |TAMS 0x0000000782b00000, 0x0000000782b00000| Untracked 
|  44|0x0000000782c00000, 0x0000000782c00000, 0x0000000782d00000|  0%| F|  |TAMS 0x0000000782c00000, 0x0000000782c00000| Untracked 
|  45|0x0000000782d00000, 0x0000000782d00000, 0x0000000782e00000|  0%| F|  |TAMS 0x0000000782d00000, 0x0000000782d00000| Untracked 
|  46|0x0000000782e00000, 0x0000000782e00000, 0x0000000782f00000|  0%| F|  |TAMS 0x0000000782e00000, 0x0000000782e00000| Untracked 
|  47|0x0000000782f00000, 0x0000000782f00000, 0x0000000783000000|  0%| F|  |TAMS 0x0000000782f00000, 0x0000000782f00000| Untracked 
|  48|0x0000000783000000, 0x0000000783000000, 0x0000000783100000|  0%| F|  |TAMS 0x0000000783000000, 0x0000000783000000| Untracked 
|  49|0x0000000783100000, 0x0000000783100000, 0x0000000783200000|  0%| F|  |TAMS 0x0000000783100000, 0x0000000783100000| Untracked 
|  50|0x0000000783200000, 0x0000000783200000, 0x0000000783300000|  0%| F|  |TAMS 0x0000000783200000, 0x0000000783200000| Untracked 
|  51|0x0000000783300000, 0x0000000783300000, 0x0000000783400000|  0%| F|  |TAMS 0x0000000783300000, 0x0000000783300000| Untracked 
|  52|0x0000000783400000, 0x0000000783400000, 0x0000000783500000|  0%| F|  |TAMS 0x0000000783400000, 0x0000000783400000| Untracked 
|  53|0x0000000783500000, 0x0000000783500000, 0x0000000783600000|  0%| F|  |TAMS 0x0000000783500000, 0x0000000783500000| Untracked 
|  54|0x0000000783600000, 0x0000000783600000, 0x0000000783700000|  0%| F|  |TAMS 0x0000000783600000, 0x0000000783600000| Untracked 
|  55|0x0000000783700000, 0x0000000783700000, 0x0000000783800000|  0%| F|  |TAMS 0x0000000783700000, 0x0000000783700000| Untracked 
|  56|0x0000000783800000, 0x0000000783800000, 0x0000000783900000|  0%| F|  |TAMS 0x0000000783800000, 0x0000000783800000| Untracked 
|  57|0x0000000783900000, 0x0000000783900000, 0x0000000783a00000|  0%| F|  |TAMS 0x0000000783900000, 0x0000000783900000| Untracked 
|  58|0x0000000783a00000, 0x0000000783a00000, 0x0000000783b00000|  0%| F|  |TAMS 0x0000000783a00000, 0x0000000783a00000| Untracked 
|  59|0x0000000783b00000, 0x0000000783b00000, 0x0000000783c00000|  0%| F|  |TAMS 0x0000000783b00000, 0x0000000783b00000| Untracked 
|  60|0x0000000783c00000, 0x0000000783c808b8, 0x0000000783d00000| 50%| S|CS|TAMS 0x0000000783c00000, 0x0000000783c00000| Complete 
|  61|0x0000000783d00000, 0x0000000783e00000, 0x0000000783e00000|100%| S|CS|TAMS 0x0000000783d00000, 0x0000000783d00000| Complete 
|  62|0x0000000783e00000, 0x0000000783f00000, 0x0000000783f00000|100%| S|CS|TAMS 0x0000000783e00000, 0x0000000783e00000| Complete 
|  63|0x0000000783f00000, 0x0000000783f00000, 0x0000000784000000|  0%| F|  |TAMS 0x0000000783f00000, 0x0000000783f00000| Untracked 
|  64|0x0000000784000000, 0x0000000784000000, 0x0000000784100000|  0%| F|  |TAMS 0x0000000784000000, 0x0000000784000000| Untracked 
|  65|0x0000000784100000, 0x0000000784100000, 0x0000000784200000|  0%| F|  |TAMS 0x0000000784100000, 0x0000000784100000| Untracked 
|  66|0x0000000784200000, 0x0000000784200000, 0x0000000784300000|  0%| F|  |TAMS 0x0000000784200000, 0x0000000784200000| Untracked 
|  67|0x0000000784300000, 0x0000000784300000, 0x0000000784400000|  0%| F|  |TAMS 0x0000000784300000, 0x0000000784300000| Untracked 
|  68|0x0000000784400000, 0x0000000784400000, 0x0000000784500000|  0%| F|  |TAMS 0x0000000784400000, 0x0000000784400000| Untracked 
|  69|0x0000000784500000, 0x0000000784500000, 0x0000000784600000|  0%| F|  |TAMS 0x0000000784500000, 0x0000000784500000| Untracked 
|  70|0x0000000784600000, 0x0000000784600000, 0x0000000784700000|  0%| F|  |TAMS 0x0000000784600000, 0x0000000784600000| Untracked 
|  71|0x0000000784700000, 0x0000000784700000, 0x0000000784800000|  0%| F|  |TAMS 0x0000000784700000, 0x0000000784700000| Untracked 
|  72|0x0000000784800000, 0x0000000784800000, 0x0000000784900000|  0%| F|  |TAMS 0x0000000784800000, 0x0000000784800000| Untracked 
|  73|0x0000000784900000, 0x0000000784900000, 0x0000000784a00000|  0%| F|  |TAMS 0x0000000784900000, 0x0000000784900000| Untracked 
|  74|0x0000000784a00000, 0x0000000784a00000, 0x0000000784b00000|  0%| F|  |TAMS 0x0000000784a00000, 0x0000000784a00000| Untracked 
|  75|0x0000000784b00000, 0x0000000784b00000, 0x0000000784c00000|  0%| F|  |TAMS 0x0000000784b00000, 0x0000000784b00000| Untracked 
|  76|0x0000000784c00000, 0x0000000784c00000, 0x0000000784d00000|  0%| F|  |TAMS 0x0000000784c00000, 0x0000000784c00000| Untracked 
|  77|0x0000000784d00000, 0x0000000784d00000, 0x0000000784e00000|  0%| F|  |TAMS 0x0000000784d00000, 0x0000000784d00000| Untracked 
|  78|0x0000000784e00000, 0x0000000784e00000, 0x0000000784f00000|  0%| F|  |TAMS 0x0000000784e00000, 0x0000000784e00000| Untracked 
|  79|0x0000000784f00000, 0x0000000784f00000, 0x0000000785000000|  0%| F|  |TAMS 0x0000000784f00000, 0x0000000784f00000| Untracked 
|  80|0x0000000785000000, 0x0000000785000000, 0x0000000785100000|  0%| F|  |TAMS 0x0000000785000000, 0x0000000785000000| Untracked 
|  81|0x0000000785100000, 0x0000000785100000, 0x0000000785200000|  0%| F|  |TAMS 0x0000000785100000, 0x0000000785100000| Untracked 
|  82|0x0000000785200000, 0x0000000785200000, 0x0000000785300000|  0%| F|  |TAMS 0x0000000785200000, 0x0000000785200000| Untracked 
|  83|0x0000000785300000, 0x0000000785300000, 0x0000000785400000|  0%| F|  |TAMS 0x0000000785300000, 0x0000000785300000| Untracked 
|  84|0x0000000785400000, 0x0000000785400000, 0x0000000785500000|  0%| F|  |TAMS 0x0000000785400000, 0x0000000785400000| Untracked 
|  85|0x0000000785500000, 0x0000000785500000, 0x0000000785600000|  0%| F|  |TAMS 0x0000000785500000, 0x0000000785500000| Untracked 
|  86|0x0000000785600000, 0x0000000785600000, 0x0000000785700000|  0%| F|  |TAMS 0x0000000785600000, 0x0000000785600000| Untracked 
|  87|0x0000000785700000, 0x0000000785700000, 0x0000000785800000|  0%| F|  |TAMS 0x0000000785700000, 0x0000000785700000| Untracked 
|  88|0x0000000785800000, 0x000000078585e9c0, 0x0000000785900000| 36%| E|  |TAMS 0x0000000785800000, 0x0000000785800000| Complete 
|  89|0x0000000785900000, 0x0000000785a00000, 0x0000000785a00000|100%| E|CS|TAMS 0x0000000785900000, 0x0000000785900000| Complete 
|  90|0x0000000785a00000, 0x0000000785b00000, 0x0000000785b00000|100%| E|CS|TAMS 0x0000000785a00000, 0x0000000785a00000| Complete 
| 117|0x0000000787500000, 0x0000000787600000, 0x0000000787600000|100%| E|CS|TAMS 0x0000000787500000, 0x0000000787500000| Complete 
| 118|0x0000000787600000, 0x0000000787700000, 0x0000000787700000|100%| E|CS|TAMS 0x0000000787600000, 0x0000000787600000| Complete 
| 119|0x0000000787700000, 0x0000000787800000, 0x0000000787800000|100%| E|CS|TAMS 0x0000000787700000, 0x0000000787700000| Complete 
| 120|0x0000000787800000, 0x0000000787900000, 0x0000000787900000|100%| E|CS|TAMS 0x0000000787800000, 0x0000000787800000| Complete 
| 121|0x0000000787900000, 0x0000000787a00000, 0x0000000787a00000|100%| E|CS|TAMS 0x0000000787900000, 0x0000000787900000| Complete 
| 127|0x0000000787f00000, 0x0000000788000000, 0x0000000788000000|100%| E|CS|TAMS 0x0000000787f00000, 0x0000000787f00000| Complete 
|2046|0x00000007ffe00000, 0x00000007ffe74000, 0x00000007fff00000| 45%|OA|  |TAMS 0x00000007ffe74000, 0x00000007ffe00000| Untracked 
|2047|0x00000007fff00000, 0x00000007fff74000, 0x0000000800000000| 45%|CA|  |TAMS 0x00000007fff74000, 0x00000007fff00000| Untracked 

Card table byte_map: [0x00000001009f0000,0x0000000100df0000] _byte_map_base: 0x00000000fcdf0000

Marking Bits (Prev, Next): (CMBitMap*) 0x000000014380be50, (CMBitMap*) 0x000000014380be10
 Prev Bits: [0x000000010f15c000, 0x000000011115c000)
 Next Bits: [0x000000010d15c000, 0x000000010f15c000)

Polling page: 0x00000001003e4000

Metaspace:

Usage:
  Non-class:     50.32 MB used.
      Class:      8.40 MB used.
       Both:     58.72 MB used.

Virtual space:
  Non-class space:       64.00 MB reserved,      50.62 MB ( 79%) committed,  1 nodes.
      Class space:        1.00 GB reserved,       8.69 MB ( <1%) committed,  1 nodes.
             Both:        1.06 GB reserved,      59.31 MB (  5%) committed. 

Chunk freelists:
   Non-Class:  12.97 MB
       Class:  7.22 MB
        Both:  20.19 MB

MaxMetaspaceSize: unlimited
CompressedClassSpaceSize: 1.00 GB
Initial GC threshold: 21.00 MB
Current GC threshold: 98.88 MB
CDS: on
MetaspaceReclaimPolicy: balanced
 - commit_granule_bytes: 65536.
 - commit_granule_words: 8192.
 - virtual_space_node_default_size: 8388608.
 - enlarge_chunks_in_place: 1.
 - new_chunks_are_fully_committed: 0.
 - uncommit_free_chunks: 1.
 - use_allocation_guard: 0.
 - handle_deallocations: 1.


Internal statistics:

num_allocs_failed_limit: 9.
num_arena_births: 882.
num_arena_deaths: 0.
num_vsnodes_births: 2.
num_vsnodes_deaths: 0.
num_space_committed: 949.
num_space_uncommitted: 0.
num_chunks_returned_to_freelist: 9.
num_chunks_taken_from_freelist: 3148.
num_chunk_merges: 9.
num_chunk_splits: 2196.
num_chunks_enlarged: 1669.
num_inconsistent_stats: 0.

CodeCache: size=49152Kb used=11655Kb max_used=11655Kb free=37496Kb
 bounds [0x000000010a15c000, 0x000000010accc000, 0x000000010d15c000]
 total_blobs=7118 nmethods=6488 adapters=561
 compilation: enabled
              stopped_count=0, restarted_count=0
 full_count=0

Compilation events (20 events):
Event: 324.843 Thread 0x0000000143013e00 nmethod 6762 0x000000010acba490 code [0x000000010acba640, 0x000000010acba798]
Event: 324.843 Thread 0x0000000143013e00 6763       1       org.glassfish.jersey.internal.guava.Equivalence::hash (12 bytes)
Event: 324.843 Thread 0x0000000143013e00 nmethod 6763 0x000000010acba890 code [0x000000010acbaa40, 0x000000010acbab78]
Event: 324.843 Thread 0x0000000143013e00 6764       1       org.glassfish.jersey.internal.guava.Equivalence$Equals::doHash (5 bytes)
Event: 324.843 Thread 0x0000000143013e00 nmethod 6764 0x000000010acbac10 code [0x000000010acbadc0, 0x000000010acbaeb8]
Event: 324.843 Thread 0x0000000143013e00 6765       1       org.glassfish.jersey.internal.guava.LocalCache::rehash (49 bytes)
Event: 324.843 Thread 0x0000000143013e00 nmethod 6765 0x000000010acbaf90 code [0x000000010acbb100, 0x000000010acbb1d8]
Event: 324.843 Thread 0x0000000143013e00 6766       1       org.glassfish.jersey.internal.guava.LocalCache::segmentFor (17 bytes)
Event: 324.843 Thread 0x0000000143013e00 nmethod 6766 0x000000010acbb290 code [0x000000010acbb400, 0x000000010acbb518]
Event: 324.845 Thread 0x0000000143013e00 6767       1       java.util.HashMap$Node::setValue (12 bytes)
Event: 324.845 Thread 0x0000000143013e00 nmethod 6767 0x000000010acbb610 code [0x000000010acbb780, 0x000000010acbb898]
Event: 324.845 Thread 0x0000000143013e00 6768   !   1       java.lang.String::replace (258 bytes)
Event: 324.847 Thread 0x0000000143013e00 nmethod 6768 0x000000010acbb910 code [0x000000010acbbc40, 0x000000010acbc7f8]
Event: 324.847 Thread 0x0000000143013e00 6769   !   1       jdk.internal.misc.ScopedMemoryAccess::copyMemory (31 bytes)
Event: 324.848 Thread 0x0000000143013e00 nmethod 6769 0x000000010acbd210 code [0x000000010acbd400, 0x000000010acbd658]
Event: 347.386 Thread 0x0000000143013e00 6770       1       java.nio.channels.SocketChannel::validOps (3 bytes)
Event: 347.386 Thread 0x0000000143013e00 nmethod 6770 0x000000010acbd890 code [0x000000010acbda00, 0x000000010acbdad8]
Event: 347.391 Thread 0x0000000143013e00 6771       1       org.apache.catalina.core.ApplicationFilterConfig::getFilterName (8 bytes)
Event: 347.392 Thread 0x0000000143013e00 nmethod 6771 0x000000010acbdb90 code [0x000000010acbdd00, 0x000000010acbddd8]
Event: 347.392 Thread 0x0000000143013e00 6775   !   1       org.springframework.web.filter.OncePerRequestFilter::doFilter (178 bytes)

GC Heap History (20 events):
Event: 0.475 GC heap before
{Heap before GC invocations=1 (full 0):
 garbage-first heap   total 133120K, used 40501K [0x0000000780000000, 0x0000000800000000)
  region size 1024K, 28 young (28672K), 3 survivors (3072K)
 Metaspace       used 9460K, committed 9664K, reserved 1114112K
  class space    used 1251K, committed 1344K, reserved 1048576K
}
Event: 0.479 GC heap after
{Heap after GC invocations=2 (full 0):
 garbage-first heap   total 133120K, used 16025K [0x0000000780000000, 0x0000000800000000)
  region size 1024K, 3 young (3072K), 3 survivors (3072K)
 Metaspace       used 9460K, committed 9664K, reserved 1114112K
  class space    used 1251K, committed 1344K, reserved 1048576K
}
Event: 0.693 GC heap before
{Heap before GC invocations=2 (full 0):
 garbage-first heap   total 133120K, used 67225K [0x0000000780000000, 0x0000000800000000)
  region size 1024K, 53 young (54272K), 3 survivors (3072K)
 Metaspace       used 20303K, committed 20608K, reserved 1114112K
  class space    used 2706K, committed 2816K, reserved 1048576K
}
Event: 0.697 GC heap after
{Heap after GC invocations=3 (full 0):
 garbage-first heap   total 133120K, used 19808K [0x0000000780000000, 0x0000000800000000)
  region size 1024K, 7 young (7168K), 7 survivors (7168K)
 Metaspace       used 20303K, committed 20608K, reserved 1114112K
  class space    used 2706K, committed 2816K, reserved 1048576K
}
Event: 0.714 GC heap before
{Heap before GC invocations=3 (full 0):
 garbage-first heap   total 133120K, used 24928K [0x0000000780000000, 0x0000000800000000)
  region size 1024K, 13 young (13312K), 7 survivors (7168K)
 Metaspace       used 21158K, committed 21504K, reserved 1114112K
  class space    used 2810K, committed 3008K, reserved 1048576K
}
Event: 0.717 GC heap after
{Heap after GC invocations=4 (full 0):
 garbage-first heap   total 133120K, used 20449K [0x0000000780000000, 0x0000000800000000)
  region size 1024K, 5 young (5120K), 5 survivors (5120K)
 Metaspace       used 21158K, committed 21504K, reserved 1114112K
  class space    used 2810K, committed 3008K, reserved 1048576K
}
Event: 0.963 GC heap before
{Heap before GC invocations=5 (full 0):
 garbage-first heap   total 75776K, used 73697K [0x0000000780000000, 0x0000000800000000)
  region size 1024K, 58 young (59392K), 5 survivors (5120K)
 Metaspace       used 26870K, committed 27328K, reserved 1114112K
  class space    used 3654K, committed 3840K, reserved 1048576K
}
Event: 0.968 GC heap after
{Heap after GC invocations=6 (full 0):
 garbage-first heap   total 101376K, used 22246K [0x0000000780000000, 0x0000000800000000)
  region size 1024K, 8 young (8192K), 8 survivors (8192K)
 Metaspace       used 26870K, committed 27328K, reserved 1114112K
  class space    used 3654K, committed 3840K, reserved 1048576K
}
Event: 1.289 GC heap before
{Heap before GC invocations=6 (full 0):
 garbage-first heap   total 101376K, used 72422K [0x0000000780000000, 0x0000000800000000)
  region size 1024K, 56 young (57344K), 8 survivors (8192K)
 Metaspace       used 33774K, committed 34240K, reserved 1114112K
  class space    used 4622K, committed 4864K, reserved 1048576K
}
Event: 1.333 GC heap after
{Heap after GC invocations=7 (full 0):
 garbage-first heap   total 101376K, used 25985K [0x0000000780000000, 0x0000000800000000)
  region size 1024K, 7 young (7168K), 7 survivors (7168K)
 Metaspace       used 33774K, committed 34240K, reserved 1114112K
  class space    used 4622K, committed 4864K, reserved 1048576K
}
Event: 1.526 GC heap before
{Heap before GC invocations=7 (full 0):
 garbage-first heap   total 101376K, used 46465K [0x0000000780000000, 0x0000000800000000)
  region size 1024K, 28 young (28672K), 7 survivors (7168K)
 Metaspace       used 35661K, committed 36096K, reserved 1114112K
  class space    used 4902K, committed 5120K, reserved 1048576K
}
Event: 1.532 GC heap after
{Heap after GC invocations=8 (full 0):
 garbage-first heap   total 101376K, used 27176K [0x0000000780000000, 0x0000000800000000)
  region size 1024K, 2 young (2048K), 2 survivors (2048K)
 Metaspace       used 35661K, committed 36096K, reserved 1114112K
  class space    used 4902K, committed 5120K, reserved 1048576K
}
Event: 1.796 GC heap before
{Heap before GC invocations=9 (full 0):
 garbage-first heap   total 101376K, used 74280K [0x0000000780000000, 0x0000000800000000)
  region size 1024K, 49 young (50176K), 2 survivors (2048K)
 Metaspace       used 41161K, committed 41600K, reserved 1114112K
  class space    used 5759K, committed 5952K, reserved 1048576K
}
Event: 1.804 GC heap after
{Heap after GC invocations=10 (full 0):
 garbage-first heap   total 101376K, used 31784K [0x0000000780000000, 0x0000000800000000)
  region size 1024K, 7 young (7168K), 7 survivors (7168K)
 Metaspace       used 41161K, committed 41600K, reserved 1114112K
  class space    used 5759K, committed 5952K, reserved 1048576K
}
Event: 2.168 GC heap before
{Heap before GC invocations=10 (full 0):
 garbage-first heap   total 101376K, used 74792K [0x0000000780000000, 0x0000000800000000)
  region size 1024K, 49 young (50176K), 7 survivors (7168K)
 Metaspace       used 47816K, committed 48384K, reserved 1114112K
  class space    used 6841K, committed 7104K, reserved 1048576K
}
Event: 2.171 GC heap after
{Heap after GC invocations=11 (full 0):
 garbage-first heap   total 101376K, used 35553K [0x0000000780000000, 0x0000000800000000)
  region size 1024K, 4 young (4096K), 4 survivors (4096K)
 Metaspace       used 47816K, committed 48384K, reserved 1114112K
  class space    used 6841K, committed 7104K, reserved 1048576K
}
Event: 7.472 GC heap before
{Heap before GC invocations=11 (full 0):
 garbage-first heap   total 101376K, used 76513K [0x0000000780000000, 0x0000000800000000)
  region size 1024K, 44 young (45056K), 4 survivors (4096K)
 Metaspace       used 53366K, committed 53952K, reserved 1114112K
  class space    used 7636K, committed 7936K, reserved 1048576K
}
Event: 7.488 GC heap after
{Heap after GC invocations=12 (full 0):
 garbage-first heap   total 101376K, used 39998K [0x0000000780000000, 0x0000000800000000)
  region size 1024K, 5 young (5120K), 5 survivors (5120K)
 Metaspace       used 53366K, committed 53952K, reserved 1114112K
  class space    used 7636K, committed 7936K, reserved 1048576K
}
Event: 36.142 GC heap before
{Heap before GC invocations=12 (full 0):
 garbage-first heap   total 101376K, used 72766K [0x0000000780000000, 0x0000000800000000)
  region size 1024K, 39 young (39936K), 5 survivors (5120K)
 Metaspace       used 60082K, committed 60608K, reserved 1114112K
  class space    used 8590K, committed 8832K, reserved 1048576K
}
Event: 36.165 GC heap after
{Heap after GC invocations=13 (full 0):
 garbage-first heap   total 101376K, used 42500K [0x0000000780000000, 0x0000000800000000)
  region size 1024K, 3 young (3072K), 3 survivors (3072K)
 Metaspace       used 60082K, committed 60608K, reserved 1114112K
  class space    used 8590K, committed 8832K, reserved 1048576K
}

Dll operation events (11 events):
Event: 0.007 Loaded shared library /Users/a/Library/Java/JavaVirtualMachines/ms-17.0.17/Contents/Home/lib/libjava.dylib
Event: 0.038 Loaded shared library /Users/a/Library/Java/JavaVirtualMachines/ms-17.0.17/Contents/Home/lib/libzip.dylib
Event: 0.039 Loaded shared library /Users/a/Library/Java/JavaVirtualMachines/ms-17.0.17/Contents/Home/lib/libinstrument.dylib
Event: 0.041 Loaded shared library /Users/a/Library/Java/JavaVirtualMachines/ms-17.0.17/Contents/Home/lib/libnio.dylib
Event: 0.043 Loaded shared library /Users/a/Library/Java/JavaVirtualMachines/ms-17.0.17/Contents/Home/lib/libzip.dylib
Event: 0.136 Loaded shared library /Users/a/Library/Java/JavaVirtualMachines/ms-17.0.17/Contents/Home/lib/libnet.dylib
Event: 0.142 Loaded shared library /Users/a/Library/Java/JavaVirtualMachines/ms-17.0.17/Contents/Home/lib/libextnet.dylib
Event: 0.148 Loaded shared library /Users/a/Library/Java/JavaVirtualMachines/ms-17.0.17/Contents/Home/lib/libjimage.dylib
Event: 1.156 Loaded shared library /Users/a/Library/Java/JavaVirtualMachines/ms-17.0.17/Contents/Home/lib/libmanagement.dylib
Event: 1.156 Loaded shared library /Users/a/Library/Java/JavaVirtualMachines/ms-17.0.17/Contents/Home/lib/libmanagement_ext.dylib
Event: 1.212 Loaded shared library /Users/a/Library/Java/JavaVirtualMachines/ms-17.0.17/Contents/Home/lib/libverify.dylib

Deoptimization events (20 events):
Event: 2.294 Thread 0x0000000142809e00 DEOPT PACKING pc=0x000000010aab4b48 sp=0x000000016fd3b850
Event: 2.294 Thread 0x0000000142809e00 DEOPT UNPACKING pc=0x000000010a1a377c sp=0x000000016fd3b4f0 mode 3
Event: 2.294 Thread 0x0000000142809e00 DEOPT PACKING pc=0x000000010aab56c8 sp=0x000000016fd3b850
Event: 2.294 Thread 0x0000000142809e00 DEOPT UNPACKING pc=0x000000010a1a377c sp=0x000000016fd3b4f0 mode 3
Event: 2.294 Thread 0x0000000142809e00 DEOPT PACKING pc=0x000000010aab6248 sp=0x000000016fd3b850
Event: 2.294 Thread 0x0000000142809e00 DEOPT UNPACKING pc=0x000000010a1a377c sp=0x000000016fd3b4f0 mode 3
Event: 2.294 Thread 0x0000000142809e00 DEOPT PACKING pc=0x000000010aab6dc8 sp=0x000000016fd3b850
Event: 2.294 Thread 0x0000000142809e00 DEOPT UNPACKING pc=0x000000010a1a377c sp=0x000000016fd3b4f0 mode 3
Event: 2.295 Thread 0x0000000142809e00 DEOPT PACKING pc=0x000000010aab7948 sp=0x000000016fd3b850
Event: 2.295 Thread 0x0000000142809e00 DEOPT UNPACKING pc=0x000000010a1a377c sp=0x000000016fd3b4f0 mode 3
Event: 2.327 Thread 0x0000000142809e00 DEOPT PACKING pc=0x000000010a58844c sp=0x000000016fd3e230
Event: 2.327 Thread 0x0000000142809e00 DEOPT UNPACKING pc=0x000000010a1a377c sp=0x000000016fd3df30 mode 3
Event: 7.456 Thread 0x0000000142809e00 DEOPT PACKING pc=0x000000010ab34a88 sp=0x000000016fd41f10
Event: 7.456 Thread 0x0000000142809e00 DEOPT UNPACKING pc=0x000000010a1a377c sp=0x000000016fd41c20 mode 3
Event: 7.506 Thread 0x0000000142809e00 DEOPT PACKING pc=0x000000010ab49f7c sp=0x000000016fd41de0
Event: 7.506 Thread 0x0000000142809e00 DEOPT UNPACKING pc=0x000000010a1a377c sp=0x000000016fd41b40 mode 3
Event: 10.245 Thread 0x00000001441bf600 DEOPT PACKING pc=0x000000010a8ffd3c sp=0x00000001781e5f20
Event: 10.245 Thread 0x00000001441bf600 DEOPT UNPACKING pc=0x000000010a1a377c sp=0x00000001781e5c20 mode 3
Event: 10.245 Thread 0x00000001441bf600 DEOPT PACKING pc=0x000000010a900ec0 sp=0x00000001781e5f70
Event: 10.245 Thread 0x00000001441bf600 DEOPT UNPACKING pc=0x000000010a1a377c sp=0x00000001781e5c50 mode 3

Classes loaded (20 events):
Event: 10.448 Loading class java/time/format/DateTimeFormatterBuilder$ReducedPrinterParser
Event: 10.448 Loading class java/time/format/DateTimeFormatterBuilder$ReducedPrinterParser done
Event: 32.140 Loading class java/util/PrimitiveIterator$OfInt
Event: 32.140 Loading class java/util/PrimitiveIterator
Event: 32.140 Loading class java/util/PrimitiveIterator done
Event: 32.140 Loading class java/util/PrimitiveIterator$OfInt done
Event: 32.144 Loading class org/w3c/dom/Document
Event: 32.144 Loading class org/w3c/dom/Document done
Event: 32.724 Loading class javax/naming/Name
Event: 32.724 Loading class javax/naming/Name done
Event: 32.724 Loading class javax/naming/NameParser
Event: 32.724 Loading class javax/naming/NameParser done
Event: 32.750 Loading class java/util/zip/GZIPInputStream
Event: 32.750 Loading class java/util/zip/GZIPInputStream done
Event: 32.758 Loading class java/util/concurrent/LinkedBlockingDeque$Node
Event: 32.758 Loading class java/util/concurrent/LinkedBlockingDeque$Node done
Event: 32.782 Loading class java/net/Socket$SocketOutputStream
Event: 32.782 Loading class java/net/Socket$SocketOutputStream done
Event: 32.782 Loading class sun/nio/ch/NioSocketImpl$2
Event: 32.782 Loading class sun/nio/ch/NioSocketImpl$2 done

Classes unloaded (0 events):
No events

Classes redefined (0 events):
No events

Internal exceptions (20 events):
Event: 2.124 Thread 0x0000000144310a00 Exception <a 'java/net/UnknownHostException'{0x0000000783d80018}> (0x0000000783d80018) 
thrown [src/hotspot/share/prims/jni.cpp, line 535]
Event: 2.129 Thread 0x0000000142809e00 Exception <a 'java/lang/NoSuchMethodError'{0x0000000783c402d8}: 'void java.lang.invoke.DirectMethodHandle$Holder.invokeSpecialIFC(java.lang.Object, java.lang.Object, java.lang.Object, java.lang.Object, java.lang.Object)'> (0x0000000783c402d8) 
thrown [src/hotspot/share/interpreter/linkResolver.cpp, line 759]
Event: 2.205 Thread 0x0000000142809e00 Exception <a 'java/lang/NoSuchMethodError'{0x00000007876872a0}: 'double java.lang.invoke.DirectMethodHandle$Holder.invokeStatic(java.lang.Object, java.lang.Object)'> (0x00000007876872a0) 
thrown [src/hotspot/share/interpreter/linkResolver.cpp, line 759]
Event: 2.214 Thread 0x0000000144310a00 Exception <a 'java/net/UnknownHostException'{0x0000000787580018}> (0x0000000787580018) 
thrown [src/hotspot/share/prims/jni.cpp, line 535]
Event: 2.249 Thread 0x0000000142809e00 Exception <a 'java/lang/NoSuchMethodError'{0x00000007857ef9e0}: 'double java.lang.invoke.DirectMethodHandle$Holder.invokeVirtual(java.lang.Object, java.lang.Object)'> (0x00000007857ef9e0) 
thrown [src/hotspot/share/interpreter/linkResolver.cpp, line 759]
Event: 7.369 Thread 0x0000000142809e00 Exception <a 'java/lang/NoSuchMethodError'{0x0000000784862bd8}: 'java.lang.Object java.lang.invoke.DirectMethodHandle$Holder.newInvokeSpecial(java.lang.Object, java.lang.Object, java.lang.Object, long, long)'> (0x0000000784862bd8) 
thrown [src/hotspot/share/interpreter/linkResolver.cpp, line 759]
Event: 7.374 Thread 0x0000000142809e00 Exception <a 'java/lang/NoSuchMethodError'{0x00000007848ec340}: 'java.lang.Object java.lang.invoke.DirectMethodHandle$Holder.invokeStatic(java.lang.Object, java.lang.Object, java.lang.Object, java.lang.Object, java.lang.Object, java.lang.Object, int)'> (0x00000007848ec340) 
thrown [src/hotspot/share/interpreter/linkResolver.cpp, line 759]
Event: 7.418 Thread 0x0000000142809e00 Exception <a 'java/lang/NoSuchMethodError'{0x0000000783f383a0}: 'void java.lang.invoke.DirectMethodHandle$Holder.invokeStatic(java.lang.Object, java.lang.Object, double)'> (0x0000000783f383a0) 
thrown [src/hotspot/share/interpreter/linkResolver.cpp, line 759]
Event: 7.423 Thread 0x0000000142809e00 Exception <a 'java/lang/NoSuchMethodError'{0x0000000783fb1908}: 'double java.lang.invoke.DirectMethodHandle$Holder.invokeStatic(java.lang.Object, java.lang.Object, java.lang.Object)'> (0x0000000783fb1908) 
thrown [src/hotspot/share/interpreter/linkResolver.cpp, line 759]
Event: 7.430 Thread 0x0000000142809e00 Exception <a 'java/lang/NoSuchMethodError'{0x0000000783fedf28}: 'double java.lang.invoke.DirectMethodHandle$Holder.invokeInterface(java.lang.Object, java.lang.Object)'> (0x0000000783fedf28) 
thrown [src/hotspot/share/interpreter/linkResolver.cpp, line 759]
Event: 7.432 Thread 0x0000000142809e00 Exception <a 'java/lang/NoSuchMethodError'{0x0000000783e1ecc8}: 'java.lang.Object java.lang.invoke.DirectMethodHandle$Holder.invokeStaticInit(java.lang.Object, int)'> (0x0000000783e1ecc8) 
thrown [src/hotspot/share/interpreter/linkResolver.cpp, line 759]
Event: 7.433 Thread 0x0000000142809e00 Exception <a 'java/lang/NoSuchMethodError'{0x0000000783e49490}: 'java.lang.Object java.lang.invoke.DirectMethodHandle$Holder.newInvokeSpecial(java.lang.Object, java.lang.Object, int, java.lang.Object, java.lang.Object)'> (0x0000000783e49490) 
thrown [src/hotspot/share/interpreter/linkResolver.cpp, line 759]
Event: 7.453 Thread 0x0000000144310a00 Exception <a 'java/net/UnknownHostException'{0x00000007875803a8}> (0x00000007875803a8) 
thrown [src/hotspot/share/prims/jni.cpp, line 535]
Event: 7.463 Thread 0x0000000142809e00 Exception <a 'java/lang/IncompatibleClassChangeError'{0x00000007839a0f90}: Found class java.lang.Object, but interface was expected> (0x00000007839a0f90) 
thrown [src/hotspot/share/interpreter/linkResolver.cpp, line 826]
Event: 7.494 Thread 0x000000014297aa00 Exception <a 'java/lang/NoSuchMethodError'{0x0000000787f95bb0}: 'long java.lang.invoke.DirectMethodHandle$Holder.invokeStatic(java.lang.Object, java.lang.Object, java.lang.Object)'> (0x0000000787f95bb0) 
thrown [src/hotspot/share/interpreter/linkResolver.cpp, line 759]
Event: 10.198 Thread 0x00000001200da200 Exception <a 'java/lang/NoSuchMethodError'{0x00000007876df5d0}: 'java.lang.Object java.lang.invoke.DirectMethodHandle$Holder.invokeStaticInit(java.lang.Object, java.lang.Object, java.lang.Object, int, int)'> (0x00000007876df5d0) 
thrown [src/hotspot/share/interpreter/linkResolver.cpp, line 759]
Event: 10.229 Thread 0x00000001441d5400 Exception <a 'java/lang/NoSuchMethodError'{0x0000000785a5a288}: 'java.lang.Object java.lang.invoke.DirectMethodHandle$Holder.invokeSpecial(java.lang.Object, java.lang.Object, java.lang.Object, java.lang.Object, java.lang.Object, long)'> (0x0000000785a5a288) 
thrown [src/hotspot/share/interpreter/linkResolver.cpp, line 759]
Event: 10.229 Thread 0x00000001441d5400 Exception <a 'java/lang/NoSuchMethodError'{0x0000000785a5dcc8}: 'java.lang.Object java.lang.invoke.Invokers$Holder.linkToTargetMethod(java.lang.Object, java.lang.Object, java.lang.Object, long, java.lang.Object)'> (0x0000000785a5dcc8) 
thrown [src/hotspot/share/interpreter/linkResolver.cpp, line 759]
Event: 32.725 Thread 0x00000001431eb000 Exception <a 'java/lang/reflect/InvocationTargetException'{0x00000007847608a8}> (0x00000007847608a8) 
thrown [src/hotspot/share/runtime/reflection.cpp, line 1128]
Event: 32.727 Thread 0x00000001431eb000 Exception <a 'java/lang/reflect/InvocationTargetException'{0x0000000784782d30}> (0x0000000784782d30) 
thrown [src/hotspot/share/runtime/reflection.cpp, line 1128]

VM Operations (20 events):
Event: 175.440 Executing VM operation: Cleanup
Event: 175.440 Executing VM operation: Cleanup done
Event: 180.309 Executing VM operation: HandshakeAllThreads
Event: 180.309 Executing VM operation: HandshakeAllThreads done
Event: 197.370 Executing VM operation: Cleanup
Event: 197.371 Executing VM operation: Cleanup done
Event: 227.466 Executing VM operation: Cleanup
Event: 227.467 Executing VM operation: Cleanup done
Event: 240.498 Executing VM operation: HandshakeAllThreads
Event: 240.498 Executing VM operation: HandshakeAllThreads done
Event: 262.558 Executing VM operation: Cleanup
Event: 262.558 Executing VM operation: Cleanup done
Event: 287.644 Executing VM operation: Cleanup
Event: 287.645 Executing VM operation: Cleanup done
Event: 288.646 Executing VM operation: Cleanup
Event: 288.646 Executing VM operation: Cleanup done
Event: 300.736 Executing VM operation: HandshakeAllThreads
Event: 300.737 Executing VM operation: HandshakeAllThreads done
Event: 325.809 Executing VM operation: Cleanup
Event: 325.810 Executing VM operation: Cleanup done

Memory protections (20 events):
Event: 7.376 Protecting memory [0x00000001775a8000,0x00000001775b4000] with protection modes 0
Event: 7.376 Protecting memory [0x00000001777b4000,0x00000001777c0000] with protection modes 0
Event: 7.380 Protecting memory [0x00000001779c0000,0x00000001779cc000] with protection modes 0
Event: 7.436 Protecting memory [0x0000000177bcc000,0x0000000177bd8000] with protection modes 0
Event: 7.441 Protecting memory [0x0000000177dd8000,0x0000000177de4000] with protection modes 0
Event: 7.441 Protecting memory [0x0000000177fe4000,0x0000000177ff0000] with protection modes 0
Event: 7.441 Protecting memory [0x00000001781f0000,0x00000001781fc000] with protection modes 0
Event: 7.442 Protecting memory [0x00000001783fc000,0x0000000178408000] with protection modes 0
Event: 7.442 Protecting memory [0x0000000178608000,0x0000000178614000] with protection modes 0
Event: 7.442 Protecting memory [0x0000000178814000,0x0000000178820000] with protection modes 0
Event: 7.442 Protecting memory [0x0000000178a20000,0x0000000178a2c000] with protection modes 0
Event: 7.442 Protecting memory [0x0000000178c2c000,0x0000000178c38000] with protection modes 0
Event: 7.442 Protecting memory [0x0000000178e38000,0x0000000178e44000] with protection modes 0
Event: 7.442 Protecting memory [0x0000000179044000,0x0000000179050000] with protection modes 0
Event: 7.444 Protecting memory [0x0000000177bcc000,0x0000000177bd8000] with protection modes 3
Event: 7.447 Protecting memory [0x0000000177bcc000,0x0000000177bd8000] with protection modes 0
Event: 7.447 Protecting memory [0x0000000179250000,0x000000017925c000] with protection modes 0
Event: 7.509 Protecting memory [0x000000016fb40000,0x000000016fb4c000] with protection modes 3
Event: 7.509 Protecting memory [0x000000016fb40000,0x000000016fb4c000] with protection modes 0
Event: 67.458 Protecting memory [0x0000000173840000,0x000000017384c000] with protection modes 3

Nmethod flushes (0 events):
No events

Events (20 events):
Event: 7.376 Thread 0x0000000142809e00 Thread added: 0x00000001441c4e00
Event: 7.376 Thread 0x0000000142809e00 Thread added: 0x00000001431e8e00
Event: 7.380 Thread 0x0000000142809e00 Thread added: 0x00000001441c0200
Event: 7.436 Thread 0x0000000142809e00 Thread added: 0x00000001441c0800
Event: 7.441 Thread 0x0000000142809e00 Thread added: 0x00000001441d5400
Event: 7.441 Thread 0x0000000142809e00 Thread added: 0x00000001441bf600
Event: 7.441 Thread 0x0000000142809e00 Thread added: 0x00000001431e9400
Event: 7.441 Thread 0x0000000142809e00 Thread added: 0x0000000120323200
Event: 7.442 Thread 0x0000000142809e00 Thread added: 0x0000000120323800
Event: 7.442 Thread 0x0000000142809e00 Thread added: 0x0000000120323e00
Event: 7.442 Thread 0x0000000142809e00 Thread added: 0x00000001200dc400
Event: 7.442 Thread 0x0000000142809e00 Thread added: 0x00000001441bfc00
Event: 7.442 Thread 0x0000000142809e00 Thread added: 0x00000001441d5a00
Event: 7.442 Thread 0x0000000142809e00 Thread added: 0x00000001441d6000
Event: 7.444 Thread 0x00000001441c0800 Thread exited: 0x00000001441c0800
Event: 7.447 Thread 0x0000000142809e00 Thread added: 0x00000001200daa00
Event: 7.447 Thread 0x0000000142809e00 Thread added: 0x00000001200da200
Event: 7.509 Thread 0x0000000142809e00 Thread exited: 0x0000000142809e00
Event: 7.509 Thread 0x00000001200dba00 Thread added: 0x00000001200dba00
Event: 67.459 Thread 0x0000000144310a00 Thread exited: 0x0000000144310a00


Dynamic libraries:
0x0000000100390000 	/Users/a/Library/Java/JavaVirtualMachines/ms-17.0.17/Contents/Home/lib/libjli.dylib
0x00000001b8bce000 	/System/Library/Frameworks/Cocoa.framework/Versions/A/Cocoa
0x00000001a0395000 	/System/Library/Frameworks/AppKit.framework/Versions/C/AppKit
0x00000001a3684000 	/System/Library/Frameworks/CoreData.framework/Versions/A/CoreData
0x000000019da1d000 	/System/Library/Frameworks/Foundation.framework/Versions/C/Foundation
0x00000001aa601000 	/usr/lib/libSystem.B.dylib
0x00000001a1827000 	/System/Library/PrivateFrameworks/UIFoundation.framework/Versions/A/UIFoundation
0x000000024a937000 	/System/Library/PrivateFrameworks/CollectionViewCore.framework/Versions/A/CollectionViewCore
0x00000001b1bf4000 	/System/Library/PrivateFrameworks/RemoteViewServices.framework/Versions/A/RemoteViewServices
0x00000001a8195000 	/System/Library/PrivateFrameworks/XCTTargetBootstrap.framework/Versions/A/XCTTargetBootstrap
0x00000001acdcb000 	/System/Library/PrivateFrameworks/InternationalSupport.framework/Versions/A/InternationalSupport
0x00000001ad122000 	/System/Library/PrivateFrameworks/UserActivity.framework/Versions/A/UserActivity
0x00000002793a7000 	/System/Library/PrivateFrameworks/UIIntelligenceSupport.framework/Versions/A/UIIntelligenceSupport
0x000000020331d000 	/System/Library/Frameworks/SwiftUICore.framework/Versions/A/SwiftUICore
0x000000027e420000 	/System/Library/PrivateFrameworks/WritingTools.framework/Versions/A/WritingTools
0x000000027d468000 	/System/Library/PrivateFrameworks/WindowManagement.framework/Versions/A/WindowManagement
0x000000019d681000 	/System/Library/Frameworks/SystemConfiguration.framework/Versions/A/SystemConfiguration
0x00000001ac22f000 	/usr/lib/libspindump.dylib
0x00000001a19d9000 	/System/Library/Frameworks/UniformTypeIdentifiers.framework/Versions/A/UniformTypeIdentifiers
0x00000001a99f3000 	/usr/lib/libbsm.0.dylib
0x00000001a5c18000 	/usr/lib/libapp_launch_measurement.dylib
0x00000001a4fc1000 	/System/Library/PrivateFrameworks/CoreAnalytics.framework/Versions/A/CoreAnalytics
0x00000001a5c1c000 	/System/Library/PrivateFrameworks/CoreAutoLayout.framework/Versions/A/CoreAutoLayout
0x00000001a77af000 	/System/Library/Frameworks/Metal.framework/Versions/A/Metal
0x00000001a89d3000 	/usr/lib/liblangid.dylib
0x00000001a819b000 	/System/Library/PrivateFrameworks/CoreSVG.framework/Versions/A/CoreSVG
0x00000001a23ff000 	/System/Library/PrivateFrameworks/SkyLight.framework/Versions/A/SkyLight
0x00000001a2925000 	/System/Library/Frameworks/CoreGraphics.framework/Versions/A/CoreGraphics
0x00000001b22d3000 	/System/Library/Frameworks/Accelerate.framework/Versions/A/Accelerate
0x00000001ac072000 	/System/Library/PrivateFrameworks/IconServices.framework/Versions/A/IconServices
0x00000001a778c000 	/System/Library/Frameworks/IOSurface.framework/Versions/A/IOSurface
0x00000001a4ff2000 	/usr/lib/libDiagnosticMessagesClient.dylib
0x00000001aa54b000 	/usr/lib/libz.1.dylib
0x00000001b61e6000 	/System/Library/Frameworks/ApplicationServices.framework/Versions/A/ApplicationServices
0x00000001a8180000 	/System/Library/PrivateFrameworks/DFRFoundation.framework/Versions/A/DFRFoundation
0x000000019fbfa000 	/usr/lib/libicucore.A.dylib
0x00000001ae1a9000 	/System/Library/Frameworks/AudioToolbox.framework/Versions/A/AudioToolbox
0x00000001ad0d3000 	/System/Library/PrivateFrameworks/DataDetectorsCore.framework/Versions/A/DataDetectorsCore
0x00000001c913d000 	/System/Library/PrivateFrameworks/TextInput.framework/Versions/A/TextInput
0x00000001a234a000 	/usr/lib/libMobileGestalt.dylib
0x00000001a7e79000 	/System/Library/Frameworks/Carbon.framework/Versions/A/Frameworks/HIToolbox.framework/Versions/A/HIToolbox
0x00000001a54f9000 	/System/Library/Frameworks/QuartzCore.framework/Versions/A/QuartzCore
0x000000019f7ef000 	/System/Library/Frameworks/Security.framework/Versions/A/Security
0x00000001b1c30000 	/System/Library/Frameworks/Carbon.framework/Versions/A/Frameworks/SpeechRecognition.framework/Versions/A/SpeechRecognition
0x00000001a591f000 	/System/Library/PrivateFrameworks/CoreUI.framework/Versions/A/CoreUI
0x000000019f0ba000 	/System/Library/Frameworks/CoreAudio.framework/Versions/A/CoreAudio
0x00000001a50e0000 	/System/Library/Frameworks/DiskArbitration.framework/Versions/A/DiskArbitration
0x00000001ac698000 	/System/Library/PrivateFrameworks/MultitouchSupport.framework/Versions/A/MultitouchSupport
0x00000001a2348000 	/usr/lib/libenergytrace.dylib
0x00000001bd4e3000 	/System/Library/PrivateFrameworks/RenderBox.framework/Versions/A/RenderBox
0x00000001a0245000 	/System/Library/Frameworks/IOKit.framework/Versions/A/IOKit
0x00000001b2027000 	/System/Library/Frameworks/CoreServices.framework/Versions/A/CoreServices
0x00000001a5ba9000 	/System/Library/PrivateFrameworks/PerformanceAnalysis.framework/Versions/A/PerformanceAnalysis
0x00000001fcced000 	/System/Library/Frameworks/OpenGL.framework/Versions/A/OpenGL
0x00000001a5c66000 	/usr/lib/libxml2.2.dylib
0x00000001a98d7000 	/System/Library/PrivateFrameworks/MobileKeyBag.framework/Versions/A/MobileKeyBag
0x000000019bfc4000 	/usr/lib/libobjc.A.dylib
0x000000019c2d1000 	/usr/lib/libc++.1.dylib
0x00000001b1fa8000 	/System/Library/Frameworks/Accessibility.framework/Versions/A/Accessibility
0x00000001a3055000 	/System/Library/Frameworks/ColorSync.framework/Versions/A/ColorSync
0x000000019c42d000 	/System/Library/Frameworks/CoreFoundation.framework/Versions/A/CoreFoundation
0x00000001a8555000 	/System/Library/Frameworks/CoreImage.framework/Versions/A/CoreImage
0x000000019ee9b000 	/System/Library/Frameworks/CoreText.framework/Versions/A/CoreText
0x00000001fe232000 	/System/Library/Frameworks/CoreTransferable.framework/Versions/A/CoreTransferable
0x00000001fe7b6000 	/System/Library/Frameworks/DataDetection.framework/Versions/A/DataDetection
0x00000001fe7b9000 	/System/Library/Frameworks/DeveloperToolsSupport.framework/Versions/A/DeveloperToolsSupport
0x00000001a81d6000 	/System/Library/Frameworks/ImageIO.framework/Versions/A/ImageIO
0x0000000203ee0000 	/System/Library/Frameworks/Symbols.framework/Versions/A/Symbols
0x00000001f04fc000 	/System/Library/PrivateFrameworks/FeatureFlags.framework/Versions/A/FeatureFlags
0x00000001aa606000 	/System/Library/PrivateFrameworks/SoftLinking.framework/Versions/A/SoftLinking
0x00000001dbe10000 	/usr/lib/swift/libswiftAccelerate.dylib
0x00000001adb3e000 	/usr/lib/swift/libswiftCore.dylib
0x00000001c57e6000 	/usr/lib/swift/libswiftCoreFoundation.dylib
0x00000001c5840000 	/usr/lib/swift/libswiftCoreImage.dylib
0x00000001c2bfa000 	/usr/lib/swift/libswiftDarwin.dylib
0x0000000285035000 	/usr/lib/swift/libswiftDataDetection.dylib
0x00000001b3b1f000 	/usr/lib/swift/libswiftDispatch.dylib
0x00000001c5841000 	/usr/lib/swift/libswiftIOKit.dylib
0x00000001d2397000 	/usr/lib/swift/libswiftMetal.dylib
0x00000001e136d000 	/usr/lib/swift/libswiftOSLog.dylib
0x00000001b678c000 	/usr/lib/swift/libswiftObjectiveC.dylib
0x0000000285062000 	/usr/lib/swift/libswiftObservation.dylib
0x00000001d77be000 	/usr/lib/swift/libswiftQuartzCore.dylib
0x00000001dbe01000 	/usr/lib/swift/libswiftUniformTypeIdentifiers.dylib
0x00000001c57f8000 	/usr/lib/swift/libswiftXPC.dylib
0x0000000285148000 	/usr/lib/swift/libswift_Builtin_float.dylib
0x000000028514b000 	/usr/lib/swift/libswift_Concurrency.dylib
0x00000002852aa000 	/usr/lib/swift/libswift_StringProcessing.dylib
0x000000028533d000 	/usr/lib/swift/libswift_errno.dylib
0x000000028533f000 	/usr/lib/swift/libswift_math.dylib
0x0000000285342000 	/usr/lib/swift/libswift_signal.dylib
0x0000000285343000 	/usr/lib/swift/libswift_stdio.dylib
0x0000000285344000 	/usr/lib/swift/libswift_time.dylib
0x00000001b6790000 	/usr/lib/swift/libswiftos.dylib
0x00000001c9094000 	/usr/lib/swift/libswiftsimd.dylib
0x0000000285345000 	/usr/lib/swift/libswiftsys_time.dylib
0x0000000285346000 	/usr/lib/swift/libswiftunistd.dylib
0x00000001aa82e000 	/usr/lib/libcompression.dylib
0x00000001acd2b000 	/System/Library/PrivateFrameworks/TextureIO.framework/Versions/A/TextureIO
0x00000001abd11000 	/usr/lib/libate.dylib
0x00000001aa5fb000 	/usr/lib/system/libcache.dylib
0x00000001aa5b6000 	/usr/lib/system/libcommonCrypto.dylib
0x00000001aa5e1000 	/usr/lib/system/libcompiler_rt.dylib
0x00000001aa5d6000 	/usr/lib/system/libcopyfile.dylib
0x000000019c11f000 	/usr/lib/system/libcorecrypto.dylib
0x000000019c205000 	/usr/lib/system/libdispatch.dylib
0x000000019c3c5000 	/usr/lib/system/libdyld.dylib
0x00000001aa5f1000 	/usr/lib/system/libkeymgr.dylib
0x00000001aa599000 	/usr/lib/system/libmacho.dylib
0x00000001a99cc000 	/usr/lib/system/libquarantine.dylib
0x00000001aa5ee000 	/usr/lib/system/libremovefile.dylib
0x00000001a23c4000 	/usr/lib/system/libsystem_asl.dylib
0x000000019c0b4000 	/usr/lib/system/libsystem_blocks.dylib
0x000000019c24f000 	/usr/lib/system/libsystem_c.dylib
0x00000001aa5e5000 	/usr/lib/system/libsystem_collections.dylib
0x00000001a89c0000 	/usr/lib/system/libsystem_configuration.dylib
0x00000001a775b000 	/usr/lib/system/libsystem_containermanager.dylib
0x00000001aa0dc000 	/usr/lib/system/libsystem_coreservices.dylib
0x000000019fec6000 	/usr/lib/system/libsystem_darwin.dylib
0x000000028547d000 	/usr/lib/system/libsystem_darwindirectory.dylib
0x00000001aa5f2000 	/usr/lib/system/libsystem_dnssd.dylib
0x0000000285481000 	/usr/lib/system/libsystem_eligibility.dylib
0x000000019c24c000 	/usr/lib/system/libsystem_featureflags.dylib
0x000000019c3fd000 	/usr/lib/system/libsystem_info.dylib
0x00000001aa55a000 	/usr/lib/system/libsystem_m.dylib
0x000000019c1be000 	/usr/lib/system/libsystem_malloc.dylib
0x00000001a232d000 	/usr/lib/system/libsystem_networkextension.dylib
0x00000001a0328000 	/usr/lib/system/libsystem_notify.dylib
0x00000001a89c5000 	/usr/lib/system/libsystem_sandbox.dylib
0x0000000285489000 	/usr/lib/system/libsystem_sanitizers.dylib
0x00000001aa5ea000 	/usr/lib/system/libsystem_secinit.dylib
0x000000019c37c000 	/usr/lib/system/libsystem_kernel.dylib
0x000000019c3f5000 	/usr/lib/system/libsystem_platform.dylib
0x000000019c3b8000 	/usr/lib/system/libsystem_pthread.dylib
0x00000001a3f1e000 	/usr/lib/system/libsystem_symptoms.dylib
0x000000019c103000 	/usr/lib/system/libsystem_trace.dylib
0x00000001aa5c4000 	/usr/lib/system/libunwind.dylib
0x000000019c0b8000 	/usr/lib/system/libxpc.dylib
0x000000019c35e000 	/usr/lib/libc++abi.dylib
0x0000000284055000 	/usr/lib/libRosetta.dylib
0x00000001a01c4000 	/System/Library/PrivateFrameworks/CoreServicesInternal.framework/Versions/A/CoreServicesInternal
0x00000001aa5ce000 	/usr/lib/liboah.dylib
0x00000001aa603000 	/usr/lib/libfakelink.dylib
0x00000001b5c99000 	/System/Library/PrivateFrameworks/DiskImages.framework/Versions/A/DiskImages
0x00000001c2723000 	/System/Library/Frameworks/NetFS.framework/Versions/A/NetFS
0x00000001a1f62000 	/System/Library/Frameworks/CFNetwork.framework/Versions/A/CFNetwork
0x00000001a5be0000 	/System/Library/Frameworks/CoreServices.framework/Versions/A/Frameworks/FSEvents.framework/Versions/A/FSEvents
0x000000019fed1000 	/System/Library/Frameworks/CoreServices.framework/Versions/A/Frameworks/CarbonCore.framework/Versions/A/CarbonCore
0x00000001a5055000 	/System/Library/Frameworks/CoreServices.framework/Versions/A/Frameworks/Metadata.framework/Versions/A/Metadata
0x00000001aa0e3000 	/System/Library/Frameworks/CoreServices.framework/Versions/A/Frameworks/OSServices.framework/Versions/A/OSServices
0x00000001aa750000 	/System/Library/Frameworks/CoreServices.framework/Versions/A/Frameworks/SearchKit.framework/Versions/A/SearchKit
0x00000001a3e99000 	/System/Library/Frameworks/CoreServices.framework/Versions/A/Frameworks/AE.framework/Versions/A/AE
0x000000019c96c000 	/System/Library/Frameworks/CoreServices.framework/Versions/A/Frameworks/LaunchServices.framework/Versions/A/LaunchServices
0x00000001abb66000 	/System/Library/Frameworks/CoreServices.framework/Versions/A/Frameworks/DictionaryServices.framework/Versions/A/DictionaryServices
0x00000001a5bee000 	/System/Library/Frameworks/CoreServices.framework/Versions/A/Frameworks/SharedFileList.framework/Versions/A/SharedFileList
0x00000001aa7e5000 	/usr/lib/libapple_nghttp2.dylib
0x00000001a3afa000 	/usr/lib/libsqlite3.dylib
0x00000001ae821000 	/System/Library/Frameworks/GSS.framework/Versions/A/GSS
0x00000001a3e30000 	/System/Library/PrivateFrameworks/RunningBoardServices.framework/Versions/A/RunningBoardServices
0x00000001a3f27000 	/System/Library/Frameworks/Network.framework/Versions/A/Network
0x00000001aa59d000 	/usr/lib/system/libkxld.dylib
0x00000002464f1000 	/System/Library/PrivateFrameworks/AppleKeyStore.framework/Versions/A/AppleKeyStore
0x0000000283ead000 	/usr/lib/libCoreEntitlements.dylib
0x000000026192d000 	/System/Library/PrivateFrameworks/MessageSecurity.framework/Versions/A/MessageSecurity
0x00000001a3adf000 	/System/Library/PrivateFrameworks/ProtocolBuffer.framework/Versions/A/ProtocolBuffer
0x00000001aa0c3000 	/System/Library/PrivateFrameworks/AppleFSCompression.framework/Versions/A/AppleFSCompression
0x00000001a99db000 	/usr/lib/libcoretls.dylib
0x00000001abbdc000 	/usr/lib/libcoretls_cfhelpers.dylib
0x00000001aa828000 	/usr/lib/libpam.2.dylib
0x00000001abc50000 	/usr/lib/libxar.1.dylib
0x00000001aa658000 	/usr/lib/libarchive.2.dylib
0x00000001aff23000 	/System/Library/Frameworks/Combine.framework/Versions/A/Combine
0x000000024a95b000 	/System/Library/PrivateFrameworks/CollectionsInternal.framework/Versions/A/CollectionsInternal
0x000000026a954000 	/System/Library/PrivateFrameworks/ReflectionInternal.framework/Versions/A/ReflectionInternal
0x000000026b626000 	/System/Library/PrivateFrameworks/RuntimeInternal.framework/Versions/A/RuntimeInternal
0x00000002850d9000 	/usr/lib/swift/libswiftSystem.dylib
0x00000001a89ce000 	/System/Library/PrivateFrameworks/AppleSystemInfo.framework/Versions/A/AppleSystemInfo
0x00000001c56d1000 	/System/Library/PrivateFrameworks/LoggingSupport.framework/Versions/A/LoggingSupport
0x00000001b2fe0000 	/System/Library/PrivateFrameworks/PowerLog.framework/Versions/A/PowerLog
0x00000002031e2000 	/System/Library/Frameworks/SwiftData.framework/Versions/A/SwiftData
0x00000001a5df1000 	/System/Library/PrivateFrameworks/UserManagement.framework/Versions/A/UserManagement
0x00000001a1e90000 	/usr/lib/libboringssl.dylib
0x00000001a3f0d000 	/usr/lib/libdns_services.dylib
0x00000001c4885000 	/usr/lib/libquic.dylib
0x00000001adacd000 	/usr/lib/libusrtcp.dylib
0x00000001e91d7000 	/System/Library/PrivateFrameworks/InternalSwiftProtobuf.framework/Versions/A/InternalSwiftProtobuf
0x0000000285036000 	/usr/lib/swift/libswiftDistributed.dylib
0x00000002850cf000 	/usr/lib/swift/libswiftSynchronization.dylib
0x00000001a1f61000 	/usr/lib/libnetwork.dylib
0x00000001d63fd000 	/System/Library/PrivateFrameworks/OSAnalytics.framework/Versions/A/OSAnalytics
0x00000001aa7c0000 	/System/Library/PrivateFrameworks/AppleSauce.framework/Versions/A/AppleSauce
0x00000001b42b5000 	/System/Library/PrivateFrameworks/CoreSymbolication.framework/Versions/A/CoreSymbolication
0x00000001e4ea3000 	/System/Library/PrivateFrameworks/Symbolication.framework/Versions/A/Symbolication
0x00000001b4291000 	/System/Library/PrivateFrameworks/DebugSymbols.framework/Versions/A/DebugSymbols
0x0000000283d78000 	/usr/lib/libAppleArchive.dylib
0x00000001aa0cf000 	/usr/lib/libbz2.1.0.dylib
0x00000001abbbd000 	/usr/lib/liblzma.5.dylib
0x00000001a96cb000 	/System/Library/PrivateFrameworks/IOMobileFramebuffer.framework/Versions/A/IOMobileFramebuffer
0x00000001c575a000 	/System/Library/PrivateFrameworks/MallocStackLogging.framework/Versions/A/MallocStackLogging
0x00000001abdab000 	/System/Library/PrivateFrameworks/CrashReporterSupport.framework/Versions/A/CrashReporterSupport
0x000000019d478000 	/System/Library/PrivateFrameworks/Lexicon.framework/Versions/A/Lexicon
0x0000000259c7d000 	/System/Library/PrivateFrameworks/IO80211.framework/Versions/A/IO80211
0x00000001b3db7000 	/System/Library/PrivateFrameworks/FrontBoardServices.framework/Versions/A/FrontBoardServices
0x00000001a9903000 	/System/Library/Frameworks/SecurityFoundation.framework/Versions/A/SecurityFoundation
0x00000001a9a65000 	/usr/lib/libgermantok.dylib
0x00000001a8af2000 	/System/Library/PrivateFrameworks/LinguisticData.framework/Versions/A/LinguisticData
0x00000001a3d4b000 	/System/Library/PrivateFrameworks/BaseBoard.framework/Versions/A/BaseBoard
0x00000001b3e84000 	/System/Library/PrivateFrameworks/BoardServices.framework/Versions/A/BoardServices
0x00000001a98f4000 	/System/Library/PrivateFrameworks/AssertionServices.framework/Versions/A/AssertionServices
0x00000001b5ad4000 	/System/Library/PrivateFrameworks/BackBoardServices.framework/Versions/A/BackBoardServices
0x00000001a7ba6000 	/System/Library/PrivateFrameworks/FontServices.framework/libFontParser.dylib
0x00000001a23dc000 	/System/Library/PrivateFrameworks/TCC.framework/Versions/A/TCC
0x00000001b966f000 	/System/Library/PrivateFrameworks/IOSurfaceAccelerator.framework/Versions/A/IOSurfaceAccelerator
0x00000001ac696000 	/System/Library/PrivateFrameworks/WatchdogClient.framework/Versions/A/WatchdogClient
0x000000019e9c2000 	/System/Library/Frameworks/CoreDisplay.framework/Versions/A/CoreDisplay
0x00000001a7a4a000 	/System/Library/Frameworks/CoreMedia.framework/Versions/A/CoreMedia
0x00000001a77a5000 	/System/Library/PrivateFrameworks/IOAccelerator.framework/Versions/A/IOAccelerator
0x00000001a5d50000 	/System/Library/Frameworks/CoreVideo.framework/Versions/A/CoreVideo
0x00000001aa826000 	/System/Library/Frameworks/MetalPerformanceShaders.framework/Versions/A/MetalPerformanceShaders
0x0000000269ca5000 	/System/Library/PrivateFrameworks/ProDisplayLibrary.framework/Versions/A/ProDisplayLibrary
0x00000001ac6de000 	/System/Library/Frameworks/VideoToolbox.framework/Versions/A/VideoToolbox
0x00000001a89cc000 	/System/Library/PrivateFrameworks/AggregateDictionary.framework/Versions/A/AggregateDictionary
0x00000001abbde000 	/System/Library/PrivateFrameworks/APFS.framework/Versions/A/APFS
0x00000001abc5f000 	/usr/lib/libutil.dylib
0x0000000274b64000 	/System/Library/PrivateFrameworks/SwiftASN1Internal.framework/Versions/A/SwiftASN1Internal
0x00000001a50e9000 	/System/Library/Frameworks/Accelerate.framework/Versions/A/Frameworks/vImage.framework/Versions/A/vImage
0x00000001b2002000 	/System/Library/Frameworks/Accelerate.framework/Versions/A/Frameworks/vecLib.framework/Versions/A/vecLib
0x00000001abc97000 	/System/Library/Frameworks/Accelerate.framework/Versions/A/Frameworks/vecLib.framework/Versions/A/libvMisc.dylib
0x000000019cde4000 	/System/Library/Frameworks/Accelerate.framework/Versions/A/Frameworks/vecLib.framework/Versions/A/libBLAS.dylib
0x00000001ae3f8000 	/System/Library/Frameworks/ApplicationServices.framework/Versions/A/Frameworks/ATS.framework/Versions/A/ATS
0x00000001a320b000 	/System/Library/Frameworks/ApplicationServices.framework/Versions/A/Frameworks/HIServices.framework/Versions/A/HIServices
0x00000001accb4000 	/System/Library/Frameworks/ApplicationServices.framework/Versions/A/Frameworks/PrintCore.framework/Versions/A/PrintCore
0x00000001ae7eb000 	/System/Library/Frameworks/ApplicationServices.framework/Versions/A/Frameworks/QD.framework/Versions/A/QD
0x00000001ae7e2000 	/System/Library/Frameworks/ApplicationServices.framework/Versions/A/Frameworks/ColorSyncLegacy.framework/Versions/A/ColorSyncLegacy
0x00000001ae3ca000 	/System/Library/Frameworks/ApplicationServices.framework/Versions/A/Frameworks/SpeechSynthesis.framework/Versions/A/SpeechSynthesis
0x00000001a9698000 	/System/Library/PrivateFrameworks/CoreEmoji.framework/Versions/A/CoreEmoji
0x0000000250d56000 	/System/Library/PrivateFrameworks/FontServices.framework/Versions/A/FontServices
0x00000001ac1e4000 	/System/Library/PrivateFrameworks/OTSVG.framework/Versions/A/OTSVG
0x00000001a58cd000 	/System/Library/Frameworks/ApplicationServices.framework/Versions/A/Frameworks/ATS.framework/Versions/A/Resources/libFontRegistry.dylib
0x0000000284439000 	/usr/lib/libhvf.dylib
0x0000000265bb3000 	/System/Library/PrivateFrameworks/ParsingInternal.framework/Versions/A/ParsingInternal
0x000000028507f000 	/usr/lib/swift/libswiftRegexBuilder.dylib
0x0000000285207000 	/usr/lib/swift/libswift_RegexParser.dylib
0x00000001ac55f000 	/System/Library/PrivateFrameworks/AppleJPEG.framework/Versions/A/AppleJPEG
0x00000001ac000000 	/usr/lib/libexpat.1.dylib
0x00000001acb8a000 	/System/Library/Frameworks/ImageIO.framework/Versions/A/Resources/libPng.dylib
0x00000001acbb5000 	/System/Library/Frameworks/ImageIO.framework/Versions/A/Resources/libTIFF.dylib
0x00000001acc9f000 	/System/Library/Frameworks/ImageIO.framework/Versions/A/Resources/libGIF.dylib
0x00000001ac5a5000 	/System/Library/Frameworks/ImageIO.framework/Versions/A/Resources/libJP2.dylib
0x00000001acc46000 	/System/Library/Frameworks/ImageIO.framework/Versions/A/Resources/libJPEG.dylib
0x00000001acc3d000 	/System/Library/Frameworks/ImageIO.framework/Versions/A/Resources/libRadiance.dylib
0x0000000255a24000 	/System/Library/PrivateFrameworks/GPUCompiler.framework/Versions/32023/Libraries/libllvm-flatbuffers.dylib
0x0000000250e21000 	/System/Library/PrivateFrameworks/FramePacing.framework/Versions/A/FramePacing
0x00000001fccdf000 	/System/Library/Frameworks/OpenGL.framework/Versions/A/Libraries/libCoreFSCache.dylib
0x0000000251996000 	/System/Library/PrivateFrameworks/GPUCompiler.framework/Versions/32023/Libraries/libGPUCompilerUtils.dylib
0x0000000250d57000 	/System/Library/PrivateFrameworks/FontServices.framework/libXTFontStaticRegistryData.dylib
0x00000001b78d5000 	/System/Library/PrivateFrameworks/ASEProcessing.framework/Versions/A/ASEProcessing
0x0000000268e14000 	/System/Library/PrivateFrameworks/PhotosensitivityProcessing.framework/Versions/A/PhotosensitivityProcessing
0x00000001ac1d8000 	/System/Library/PrivateFrameworks/GraphVisualizer.framework/Versions/A/GraphVisualizer
0x00000001fcd3d000 	/System/Library/Frameworks/OpenGL.framework/Versions/A/Libraries/libGLU.dylib
0x00000001fcd01000 	/System/Library/Frameworks/OpenGL.framework/Versions/A/Libraries/libGFXShared.dylib
0x00000001fcec9000 	/System/Library/Frameworks/OpenGL.framework/Versions/A/Libraries/libGL.dylib
0x00000001fcd0a000 	/System/Library/Frameworks/OpenGL.framework/Versions/A/Libraries/libGLImage.dylib
0x00000001fccfe000 	/System/Library/Frameworks/OpenGL.framework/Versions/A/Libraries/libCVMSPluginSupport.dylib
0x00000001fcce7000 	/System/Library/Frameworks/OpenGL.framework/Versions/A/Libraries/libCoreVMClient.dylib
0x00000001a8910000 	/System/Library/Frameworks/MetalPerformanceShaders.framework/Versions/A/Frameworks/MPSCore.framework/Versions/A/MPSCore
0x00000001aa02e000 	/System/Library/Frameworks/MetalPerformanceShaders.framework/Versions/A/Frameworks/MPSImage.framework/Versions/A/MPSImage
0x00000001a9a7d000 	/System/Library/Frameworks/MetalPerformanceShaders.framework/Versions/A/Frameworks/MPSNeuralNetwork.framework/Versions/A/MPSNeuralNetwork
0x00000001a9eb4000 	/System/Library/Frameworks/MetalPerformanceShaders.framework/Versions/A/Frameworks/MPSMatrix.framework/Versions/A/MPSMatrix
0x00000001a9cc9000 	/System/Library/Frameworks/MetalPerformanceShaders.framework/Versions/A/Frameworks/MPSRayIntersector.framework/Versions/A/MPSRayIntersector
0x00000001a9ee6000 	/System/Library/Frameworks/MetalPerformanceShaders.framework/Versions/A/Frameworks/MPSNDArray.framework/Versions/A/MPSNDArray
0x00000002005d4000 	/System/Library/Frameworks/MetalPerformanceShaders.framework/Versions/A/Frameworks/MPSFunctions.framework/Versions/A/MPSFunctions
0x00000002005b6000 	/System/Library/Frameworks/MetalPerformanceShaders.framework/Versions/A/Frameworks/MPSBenchmarkLoop.framework/Versions/A/MPSBenchmarkLoop
0x000000019cc5f000 	/System/Library/PrivateFrameworks/MetalTools.framework/Versions/A/MetalTools
0x00000001ca43a000 	/System/Library/PrivateFrameworks/IOAccelMemoryInfo.framework/Versions/A/IOAccelMemoryInfo
0x00000001d7bb3000 	/System/Library/PrivateFrameworks/kperf.framework/Versions/A/kperf
0x00000001c57c1000 	/System/Library/PrivateFrameworks/GPURawCounter.framework/Versions/A/GPURawCounter
0x00000001acc71000 	/System/Library/Frameworks/ApplicationServices.framework/Versions/A/Frameworks/ATSUI.framework/Versions/A/ATSUI
0x00000001ae776000 	/usr/lib/libcups.2.dylib
0x00000001ae810000 	/System/Library/Frameworks/Kerberos.framework/Versions/A/Kerberos
0x00000001ae476000 	/usr/lib/libresolv.9.dylib
0x00000001aa63d000 	/usr/lib/libiconv.2.dylib
0x00000001ac236000 	/System/Library/PrivateFrameworks/Heimdal.framework/Versions/A/Heimdal
0x00000001b66e3000 	/System/Library/Frameworks/Kerberos.framework/Versions/A/Libraries/libHeimdalProxy.dylib
0x00000001ac01b000 	/usr/lib/libheimdal-asn1.dylib
0x00000001a5bb3000 	/System/Library/Frameworks/OpenDirectory.framework/Versions/A/OpenDirectory
0x00000001ae873000 	/System/Library/PrivateFrameworks/CommonAuth.framework/Versions/A/CommonAuth
0x00000001a5bc1000 	/System/Library/Frameworks/OpenDirectory.framework/Versions/A/Frameworks/CFOpenDirectory.framework/Versions/A/CFOpenDirectory
0x00000001aa598000 	/usr/lib/libcharset.1.dylib
0x00000001fd265000 	/System/Library/Frameworks/AVFAudio.framework/Versions/A/AVFAudio
0x00000001beea9000 	/System/Library/PrivateFrameworks/AXCoreUtilities.framework/Versions/A/AXCoreUtilities
0x000000025d5ac000 	/System/Library/PrivateFrameworks/IsolatedCoreAudioClient.framework/Versions/A/IsolatedCoreAudioClient
0x00000001ae3b1000 	/usr/lib/libAudioStatistics.dylib
0x00000001a7a22000 	/System/Library/PrivateFrameworks/caulk.framework/Versions/A/caulk
0x000000019eae3000 	/System/Library/PrivateFrameworks/AudioToolboxCore.framework/Versions/A/AudioToolboxCore
0x00000001b89fb000 	/System/Library/Frameworks/CoreMIDI.framework/Versions/A/CoreMIDI
0x00000001ae354000 	/System/Library/PrivateFrameworks/AudioSession.framework/Versions/A/AudioSession
0x00000001afc8b000 	/System/Library/Frameworks/IOBluetooth.framework/Versions/A/IOBluetooth
0x00000001ac105000 	/System/Library/PrivateFrameworks/MediaExperience.framework/Versions/A/MediaExperience
0x000000027761f000 	/System/Library/PrivateFrameworks/Tightbeam.framework/Versions/A/Tightbeam
0x000000024b418000 	/System/Library/PrivateFrameworks/CoreAudioOrchestration.framework/Versions/A/CoreAudioOrchestration
0x00000001dc4d3000 	/System/Library/PrivateFrameworks/AFKUser.framework/Versions/A/AFKUser
0x00000001c57c5000 	/usr/lib/swift/libswiftCoreAudio.dylib
0x00000001ac225000 	/System/Library/PrivateFrameworks/AppServerSupport.framework/Versions/A/AppServerSupport
0x00000001ae7f4000 	/System/Library/PrivateFrameworks/perfdata.framework/Versions/A/perfdata
0x00000001c497e000 	/System/Library/PrivateFrameworks/SystemPolicy.framework/Versions/A/SystemPolicy
0x00000001ae695000 	/usr/lib/libSMC.dylib
0x00000001acb54000 	/usr/lib/libAudioToolboxUtility.dylib
0x00000001ae802000 	/usr/lib/libperfcheck.dylib
0x00000002472ae000 	/System/Library/PrivateFrameworks/AudioAnalytics.framework/Versions/A/AudioAnalytics
0x00000001e8f9e000 	/System/Library/Frameworks/OSLog.framework/Versions/A/OSLog
0x00000001c578c000 	/usr/lib/libmis.dylib
0x00000001ae162000 	/System/Library/PrivateFrameworks/AudioSession.framework/libSessionUtility.dylib
0x00000001acca5000 	/System/Library/PrivateFrameworks/CMCaptureCore.framework/Versions/A/CMCaptureCore
0x00000001fe906000 	/System/Library/Frameworks/ExtensionFoundation.framework/Versions/A/ExtensionFoundation
0x00000001b43c2000 	/System/Library/PrivateFrameworks/CoreTime.framework/Versions/A/CoreTime
0x00000001abeff000 	/System/Library/PrivateFrameworks/PlugInKit.framework/Versions/A/PlugInKit
0x00000001b2ee9000 	/System/Library/Frameworks/CoreBluetooth.framework/Versions/A/CoreBluetooth
0x00000001b66e4000 	/System/Library/Frameworks/AudioUnit.framework/Versions/A/AudioUnit
0x00000001a975c000 	/System/Library/PrivateFrameworks/CoreUtils.framework/Versions/A/CoreUtils
0x000000024e3bc000 	/System/Library/PrivateFrameworks/CoreUtilsExtras.framework/Versions/A/CoreUtilsExtras
0x00000001b2323000 	/System/Library/Frameworks/MediaAccessibility.framework/Versions/A/MediaAccessibility
0x00000001cddd6000 	/System/Library/PrivateFrameworks/AttributeGraph.framework/Versions/A/AttributeGraph
0x0000000283cf6000 	/usr/lib/libAXSafeCategoryBundle.dylib
0x00000001bef65000 	/usr/lib/libAccessibility.dylib
0x00000001a95a6000 	/System/Library/Frameworks/Accelerate.framework/Versions/A/Frameworks/vecLib.framework/Versions/A/libvDSP.dylib
0x00000001aa904000 	/System/Library/Frameworks/Accelerate.framework/Versions/A/Frameworks/vecLib.framework/Versions/A/libLAPACK.dylib
0x00000001a9a68000 	/System/Library/Frameworks/Accelerate.framework/Versions/A/Frameworks/vecLib.framework/Versions/A/libLinearAlgebra.dylib
0x00000001aa7ff000 	/System/Library/Frameworks/Accelerate.framework/Versions/A/Frameworks/vecLib.framework/Versions/A/libSparseBLAS.dylib
0x00000001aa8ff000 	/System/Library/Frameworks/Accelerate.framework/Versions/A/Frameworks/vecLib.framework/Versions/A/libQuadrature.dylib
0x00000001a8af9000 	/System/Library/Frameworks/Accelerate.framework/Versions/A/Frameworks/vecLib.framework/Versions/A/libBNNS.dylib
0x000000019d585000 	/System/Library/Frameworks/Accelerate.framework/Versions/A/Frameworks/vecLib.framework/Versions/A/libSparse.dylib
0x000000025ed1d000 	/System/Library/PrivateFrameworks/MIL.framework/Versions/A/MIL
0x00000001acc38000 	/System/Library/PrivateFrameworks/GPUWrangler.framework/Versions/A/GPUWrangler
0x00000001acc18000 	/System/Library/PrivateFrameworks/IOPresentment.framework/Versions/A/IOPresentment
0x00000001acc40000 	/System/Library/PrivateFrameworks/DSExternalDisplay.framework/Versions/A/DSExternalDisplay
0x00000001e93a5000 	/System/Library/PrivateFrameworks/HIDDisplay.framework/Versions/A/HIDDisplay
0x00000001be184000 	/System/Library/PrivateFrameworks/HID.framework/Versions/A/HID
0x000000027ae5b000 	/System/Library/PrivateFrameworks/VideoToolboxParavirtualizationSupport.framework/Versions/A/VideoToolboxParavirtualizationSupport
0x00000001abfb7000 	/System/Library/PrivateFrameworks/AppleVA.framework/Versions/A/AppleVA
0x00000001b3f31000 	/System/Library/PrivateFrameworks/GraphicsServices.framework/Versions/A/GraphicsServices
0x00000001ae9e6000 	/System/Library/PrivateFrameworks/CorePhoneNumbers.framework/Versions/A/CorePhoneNumbers
0x00000001b30d1000 	/System/Library/PrivateFrameworks/MediaKit.framework/Versions/A/MediaKit
0x00000001b301c000 	/System/Library/Frameworks/DiscRecording.framework/Versions/A/DiscRecording
0x00000001ae7d5000 	/System/Library/PrivateFrameworks/NetAuth.framework/Versions/A/NetAuth
0x00000001a5db1000 	/System/Library/PrivateFrameworks/login.framework/Versions/A/Frameworks/loginsupport.framework/Versions/A/loginsupport
0x00000001ac025000 	/System/Library/PrivateFrameworks/IconFoundation.framework/Versions/A/IconFoundation
0x00000001abda2000 	/usr/lib/libIOReport.dylib
0x0000000246ebe000 	/System/Library/PrivateFrameworks/AppleMobileFileIntegrity.framework/Versions/A/AppleMobileFileIntegrity
0x00000002840b8000 	/usr/lib/libTLE.dylib
0x00000001f9d3b000 	/System/Library/PrivateFrameworks/ConfigProfileHelper.framework/Versions/A/ConfigProfileHelper
0x00000001a9a05000 	/usr/lib/libmecab.dylib
0x000000019d715000 	/usr/lib/libCRFSuite.dylib
0x00000001a89d5000 	/System/Library/PrivateFrameworks/CoreNLP.framework/Versions/A/CoreNLP
0x00000001aa7b8000 	/usr/lib/libThaiTokenizer.dylib
0x00000001a99cf000 	/usr/lib/libCheckFix.dylib
0x00000001a4ff4000 	/System/Library/PrivateFrameworks/MetadataUtilities.framework/Versions/A/MetadataUtilities
0x000000025a55f000 	/System/Library/PrivateFrameworks/InstalledContentLibrary.framework/Versions/A/InstalledContentLibrary
0x00000001a0204000 	/System/Library/PrivateFrameworks/CoreServicesStore.framework/Versions/A/CoreServicesStore
0x00000001d7cbd000 	/System/Library/PrivateFrameworks/MobileSystemServices.framework/Versions/A/MobileSystemServices
0x00000001abc63000 	/usr/lib/libxslt.1.dylib
0x00000001a9992000 	/System/Library/PrivateFrameworks/BackgroundTaskManagement.framework/Versions/A/BackgroundTaskManagement
0x00000001b5e57000 	/usr/lib/libcurl.4.dylib
0x00000002842ec000 	/usr/lib/libcrypto.46.dylib
0x0000000284e14000 	/usr/lib/libssl.48.dylib
0x00000001b5b30000 	/System/Library/Frameworks/LDAP.framework/Versions/A/LDAP
0x00000001b5b6c000 	/System/Library/PrivateFrameworks/TrustEvaluationAgent.framework/Versions/A/TrustEvaluationAgent
0x00000001ae493000 	/usr/lib/libsasl2.2.dylib
0x00000001c2bf9000 	/usr/lib/swift/libswiftCoreGraphics.dylib
0x00000001b2951000 	/usr/lib/swift/libswiftFoundation.dylib
0x00000001f97c5000 	/usr/lib/swift/libswiftSwiftOnoneSupport.dylib
0x00000001e5657000 	/System/Library/PrivateFrameworks/CoreMaterial.framework/Versions/A/CoreMaterial
0x000000026b71d000 	/System/Library/PrivateFrameworks/SFSymbols.framework/Versions/A/SFSymbols
0x00000001b1c1d000 	/System/Library/PrivateFrameworks/SpeechRecognitionCore.framework/Versions/A/SpeechRecognitionCore
0x0000000101610000 	/Users/a/Library/Java/JavaVirtualMachines/ms-17.0.17/Contents/Home/lib/server/libjvm.dylib
0x00000001003fc000 	/Users/a/Library/Java/JavaVirtualMachines/ms-17.0.17/Contents/Home/lib/libjimage.dylib
0x0000000100434000 	/Users/a/Library/Java/JavaVirtualMachines/ms-17.0.17/Contents/Home/lib/libinstrument.dylib
0x000000010048c000 	/Users/a/Library/Java/JavaVirtualMachines/ms-17.0.17/Contents/Home/lib/libjava.dylib
0x0000000100564000 	/Users/a/Library/Java/JavaVirtualMachines/ms-17.0.17/Contents/Home/lib/libzip.dylib
0x0000000101258000 	/Users/a/Library/Java/JavaVirtualMachines/ms-17.0.17/Contents/Home/lib/libnio.dylib
0x000000010127c000 	/Users/a/Library/Java/JavaVirtualMachines/ms-17.0.17/Contents/Home/lib/libnet.dylib
0x000000010046c000 	/Users/a/Library/Java/JavaVirtualMachines/ms-17.0.17/Contents/Home/lib/libextnet.dylib
0x00000001012a4000 	/Users/a/Library/Java/JavaVirtualMachines/ms-17.0.17/Contents/Home/lib/libmanagement.dylib
0x00000001012bc000 	/Users/a/Library/Java/JavaVirtualMachines/ms-17.0.17/Contents/Home/lib/libmanagement_ext.dylib
0x00000001012f4000 	/Users/a/Library/Java/JavaVirtualMachines/ms-17.0.17/Contents/Home/lib/libverify.dylib


VM Arguments:
jvm_args: -XX:TieredStopAtLevel=1 -Dspring.output.ansi.enabled=always -javaagent:/Applications/IntelliJ IDEA.app/Contents/lib/idea_rt.jar=63253 -Dfile.encoding=UTF-8 
java_command: com.example.eurekaserver.EurekaServerApplication
java_class_path (initial): /Users/a/Downloads/musicband-service/eureka-server/target/classes:/Users/a/.m2/repository/org/springframework/boot/spring-boot-starter-actuator/4.0.1/spring-boot-starter-actuator-4.0.1.jar:/Users/a/.m2/repository/org/springframework/boot/spring-boot-starter/4.0.1/spring-boot-starter-4.0.1.jar:/Users/a/.m2/repository/org/springframework/boot/spring-boot-starter-logging/4.0.1/spring-boot-starter-logging-4.0.1.jar:/Users/a/.m2/repository/ch/qos/logback/logback-classic/1.5.22/logback-classic-1.5.22.jar:/Users/a/.m2/repository/ch/qos/logback/logback-core/1.5.22/logback-core-1.5.22.jar:/Users/a/.m2/repository/org/apache/logging/log4j/log4j-to-slf4j/2.25.3/log4j-to-slf4j-2.25.3.jar:/Users/a/.m2/repository/org/apache/logging/log4j/log4j-api/2.25.3/log4j-api-2.25.3.jar:/Users/a/.m2/repository/org/slf4j/jul-to-slf4j/2.0.17/jul-to-slf4j-2.0.17.jar:/Users/a/.m2/repository/org/springframework/boot/spring-boot-autoconfigure/4.0.1/spring-boot-autoconfigure-4.0.1.jar:/Users/a/.m2/repository/jakarta/annotation/jakarta.annotation-api/3.0.0/jakarta.annotation-api-3.0.0.jar:/Users/a/.m2/repository/org/yaml/snakeyaml/2.5/snakeyaml-2.5.jar:/Users/a/.m2/repository/org/springframework/boot/spring-boot-starter-micrometer-metrics/4.0.1/spring-boot-starter-micrometer-metrics-4.0.1.jar:/Users/a/.m2/repository/org/springframework/boot/spring-boot-micrometer-metrics/4.0.1/spring-boot-micrometer-metrics-4.0.1.jar:/Users/a/.m2/repository/org/springframework/boot/spring-boot-micrometer-observation/4.0.1/spring-boot-micrometer-observation-4.0.1.jar:/Users/a/.m2/repository/org/springframework/boot/spring-boot-actuator-autoconfigure/4.0.1/spring-boot-actuator-autoconfigure-4.0.1.jar:/Users/a/.m2/repository/org/springframework/boot/spring-boot-actuator/4.0.1/spring-boot-actuator-4.0.1.jar:/Users/a/.m2/repository/org/springframework/boot/spring-boot-health/4.0.1/spring-boot-health-4.0.1.jar:/Users/a/.m2/repository/org/springframework/boot/spring-boot/4.0.1/spring-boot-4.0.1.
Launcher Type: SUN_STANDARD

[Global flags]
     intx CICompilerCount                          = 4                                         {product} {ergonomic}
     uint ConcGCThreads                            = 2                                         {product} {ergonomic}
     uint G1ConcRefinementThreads                  = 8                                         {product} {ergonomic}
   size_t G1HeapRegionSize                         = 1048576                                   {product} {ergonomic}
    uintx GCDrainStackTargetSize                   = 64                                        {product} {ergonomic}
   size_t InitialHeapSize                          = 134217728                                 {product} {ergonomic}
   size_t MarkStackSize                            = 4194304                                   {product} {ergonomic}
   size_t MaxHeapSize                              = 2147483648                                {product} {ergonomic}
   size_t MaxNewSize                               = 1287651328                                {product} {ergonomic}
   size_t MinHeapDeltaBytes                        = 1048576                                   {product} {ergonomic}
   size_t MinHeapSize                              = 8388608                                   {product} {ergonomic}
    uintx NonProfiledCodeHeapSize                  = 0                                      {pd product} {ergonomic}
     bool ProfileInterpreter                       = false                                  {pd product} {command line}
    uintx ProfiledCodeHeapSize                     = 0                                      {pd product} {ergonomic}
   size_t SoftMaxHeapSize                          = 2147483648                             {manageable} {ergonomic}
     intx TieredStopAtLevel                        = 1                                         {product} {command line}
     bool UseCompressedClassPointers               = true                           {product lp64_product} {ergonomic}
     bool UseCompressedOops                        = true                           {product lp64_product} {ergonomic}
     bool UseG1GC                                  = true                                      {product} {ergonomic}
     bool UseNUMA                                  = false                                     {product} {ergonomic}
     bool UseNUMAInterleaving                      = false                                     {product} {ergonomic}

Logging:
Log output configuration:
 #0: stdout all=warning uptime,level,tags
 #1: stderr all=off uptime,level,tags

Environment Variables:
PATH=/opt/homebrew/bin:/opt/homebrew/sbin:/usr/local/bin:/System/Cryptexes/App/usr/bin:/usr/bin:/bin:/usr/sbin:/sbin:/var/run/com.apple.security.cryptexd/codex.system/bootstrap/usr/local/bin:/var/run/com.apple.security.cryptexd/codex.system/bootstrap/usr/bin:/var/run/com.apple.security.cryptexd/codex.system/bootstrap/usr/appleinternal/bin
SHELL=/bin/zsh
LC_CTYPE=ru_RU.UTF-8
TMPDIR=/var/folders/61/x6cf550d4199vygmt8zws6pm0000gn/T/

Active Locale:
LC_ALL=C/ru_RU.UTF-8/C/C/C/C
LC_COLLATE=C
LC_CTYPE=ru_RU.UTF-8
LC_MESSAGES=C
LC_MONETARY=C
LC_NUMERIC=C
LC_TIME=C

Signal Handlers:
   SIGSEGV: crash_handler in libjvm.dylib, mask=11100110000111110111111111111111, flags=SA_RESTART|SA_SIGINFO, unblocked
    SIGBUS: crash_handler in libjvm.dylib, mask=11100110000111110111111111111111, flags=SA_RESTART|SA_SIGINFO, unblocked
    SIGFPE: crash_handler in libjvm.dylib, mask=11100110000111110111111111111111, flags=SA_RESTART|SA_SIGINFO, unblocked
   SIGPIPE: javaSignalHandler in libjvm.dylib, mask=11100110000111110111111111111111, flags=SA_RESTART|SA_SIGINFO, blocked
   SIGXFSZ: javaSignalHandler in libjvm.dylib, mask=11100110000111110111111111111111, flags=SA_RESTART|SA_SIGINFO, blocked
    SIGILL: crash_handler in libjvm.dylib, mask=11100110000111110111111111111111, flags=SA_RESTART|SA_SIGINFO, unblocked
   SIGUSR2: SR_handler in libjvm.dylib, mask=00000000000000000000000000000000, flags=SA_RESTART|SA_SIGINFO, blocked
    SIGHUP: UserHandler in libjvm.dylib, mask=11100110000111110111111111111111, flags=SA_RESTART|SA_SIGINFO, blocked
    SIGINT: UserHandler in libjvm.dylib, mask=11100110000111110111111111111111, flags=SA_RESTART|SA_SIGINFO, blocked
   SIGTERM: UserHandler in libjvm.dylib, mask=11100110000111110111111111111111, flags=SA_RESTART|SA_SIGINFO, blocked
   SIGQUIT: UserHandler in libjvm.dylib, mask=11100110000111110111111111111111, flags=SA_RESTART|SA_SIGINFO, blocked
   SIGTRAP: crash_handler in libjvm.dylib, mask=11100110000111110111111111111111, flags=SA_RESTART|SA_SIGINFO, unblocked


Periodic native trim disabled


---------------  S Y S T E M  ---------------

OS:
uname: Darwin 24.5.0 Darwin Kernel Version 24.5.0: Tue Apr 22 19:48:46 PDT 2025; root:xnu-11417.121.6~2/RELEASE_ARM64_T8103 arm64
OS uptime: 1 days 0:36 hours
rlimit (soft/hard): STACK 8176k/65520k , CORE 0k/infinity , NPROC 1333/2000 , NOFILE 1048576/infinity , AS infinity/infinity , CPU infinity/infinity , DATA infinity/infinity , FSIZE infinity/infinity , MEMLOCK infinity/infinity , RSS infinity/infinity
load average: 6.63 4.65 4.01

CPU: total 8 (initial active 8) 0x61:0x0:0x1b588bb3:0, fp, simd, crc, lse
machdep.cpu.brand_string:Apple M1
hw.cachelinesize:128
hw.l1icachesize:131072
hw.l1dcachesize:65536
hw.l2cachesize:4194304

Memory: 16k page, physical 8388608k(75360k free), swap 5242880k(1235136k free)

vm_info: OpenJDK 64-Bit Server VM (17.0.17+10-LTS) for bsd-aarch64 JRE (17.0.17+10-LTS), built on Oct 13 2025 22:02:27 by "MicrosoftCorporation" with clang Apple LLVM 15.0.0 (clang-1500.1.0.2.5)

END.
