#
# A fatal error has been detected by the Java Runtime Environment:
#
#  SIGBUS (0xa) at pc=0x000000010e65bf6c, pid=15063, tid=47107
#
# JRE version: OpenJDK Runtime Environment Microsoft-12574438 (17.0.17+10) (build 17.0.17+10-LTS)
# Java VM: OpenJDK 64-Bit Server VM Microsoft-12574438 (17.0.17+10-LTS, mixed mode, emulated-client, sharing, tiered, compressed oops, compressed class ptrs, g1 gc, bsd-aarch64)
# Problematic frame:
# j  com.fasterxml.jackson.databind.ObjectMapper.createGenerator(Ljava/io/OutputStream;Lcom/fasterxml/jackson/core/JsonEncoding;)Lcom/fasterxml/jackson/core/JsonGenerator;+4
#
# No core dump will be written. Core dumps have been disabled. To enable core dumping, try "ulimit -c unlimited" before starting Java again
#
# If you would like to submit a bug report, please visit:
#   https://github.com/microsoft/openjdk/issues
#

---------------  S U M M A R Y ------------

Command Line: -XX:TieredStopAtLevel=1 -Dspring.output.ansi.enabled=always -javaagent:/Applications/IntelliJ IDEA.app/Contents/lib/idea_rt.jar=59774 -Dfile.encoding=UTF-8 com.example.eurekaserver.EurekaServerApplication

Host: "MacBookAir10,1" arm64, 8 cores, 8G, Darwin 24.5.0, macOS 15.5 (24F74)
Time: Mon Jan 19 22:18:18 2026 MSK elapsed time: 8647.627796 seconds (0d 2h 24m 7s)

---------------  T H R E A D  ---------------

Current thread (0x00000001229ac400):  JavaThread "TaskBatchingWorker-target_localhost-9" daemon [_thread_in_Java, id=47107, stack(0x0000000171b1c000,0x0000000171d1f000)]

Stack: [0x0000000171b1c000,0x0000000171d1f000],  sp=0x0000000171d1d100,  free space=2052k
Native frames: (J=compiled Java code, j=interpreted, Vv=VM code, C=native code)
j  com.fasterxml.jackson.databind.ObjectMapper.createGenerator(Ljava/io/OutputStream;Lcom/fasterxml/jackson/core/JsonEncoding;)Lcom/fasterxml/jackson/core/JsonGenerator;+4
j  com.fasterxml.jackson.databind.ObjectMapper.writeValue(Ljava/io/OutputStream;Ljava/lang/Object;)V+6
j  com.netflix.discovery.converters.EurekaJacksonCodec.writeTo(Ljava/lang/Object;Ljava/io/OutputStream;)V+27
j  org.springframework.cloud.netflix.eureka.server.CloudJacksonJson.encode(Ljava/lang/Object;Ljava/io/OutputStream;)V+6
j  com.netflix.discovery.provider.DiscoveryJerseyProvider.writeTo(Ljava/lang/Object;Ljava/lang/Class;Ljava/lang/reflect/Type;[Ljava/lang/annotation/Annotation;Ljakarta/ws/rs/core/MediaType;Ljakarta/ws/rs/core/MultivaluedMap;Ljava/io/OutputStream;)V+72
J 8390 c1 org.glassfish.jersey.message.internal.WriterInterceptorExecutor$TerminalWriterInterceptor.invokeWriteTo(Ljakarta/ws/rs/ext/WriterInterceptorContext;Ljakarta/ws/rs/ext/MessageBodyWriter;)V (120 bytes) @ 0x000000010f441d78 [0x000000010f441b00+0x0000000000000278]
J 8388 c1 org.glassfish.jersey.message.internal.WriterInterceptorExecutor$TerminalWriterInterceptor.aroundWriteTo(Ljakarta/ws/rs/ext/WriterInterceptorContext;)V (274 bytes) @ 0x000000010f440304 [0x000000010f43fdc0+0x0000000000000544]
J 7160 c1 org.glassfish.jersey.message.internal.WriterInterceptorExecutor.proceed()V (78 bytes) @ 0x000000010f240bf0 [0x000000010f240ac0+0x0000000000000130]
J 8387 c1 org.glassfish.jersey.message.internal.MessageBodyFactory.writeTo(Ljava/lang/Object;Ljava/lang/Class;Ljava/lang/reflect/Type;[Ljava/lang/annotation/Annotation;Ljakarta/ws/rs/core/MediaType;Ljakarta/ws/rs/core/MultivaluedMap;Lorg/glassfish/jersey/internal/PropertiesDelegate;Ljava/io/OutputStream;Ljava/lang/Iterable;)Ljava/io/OutputStream; (115 bytes) @ 0x000000010f43f178 [0x000000010f43f080+0x00000000000000f8]
j  org.glassfish.jersey.client.ClientRequest.doWriteEntity(Lorg/glassfish/jersey/message/MessageBodyWorkers;Ljakarta/ws/rs/core/GenericType;)V+45
j  org.glassfish.jersey.client.ClientRequest.writeEntity()V+45
j  org.glassfish.jersey.apache.connector.ApacheConnector$1.writeTo(Ljava/io/OutputStream;)V+20
j  org.apache.http.impl.execchain.RequestEntityProxy.writeTo(Ljava/io/OutputStream;)V+10
j  org.apache.http.impl.DefaultBHttpClientConnection.sendRequestEntity(Lorg/apache/http/HttpEntityEnclosingRequest;)V+31
j  org.apache.http.impl.conn.CPoolProxy.sendRequestEntity(Lorg/apache/http/HttpEntityEnclosingRequest;)V+5
j  org.apache.http.protocol.HttpRequestExecutor.doSendRequest(Lorg/apache/http/HttpRequest;Lorg/apache/http/HttpClientConnection;Lorg/apache/http/protocol/HttpContext;)Lorg/apache/http/HttpResponse;+223
j  org.apache.http.protocol.HttpRequestExecutor.execute(Lorg/apache/http/HttpRequest;Lorg/apache/http/HttpClientConnection;Lorg/apache/http/protocol/HttpContext;)Lorg/apache/http/HttpResponse;+25
j  org.apache.http.impl.execchain.MainClientExec.execute(Lorg/apache/http/conn/routing/HttpRoute;Lorg/apache/http/client/methods/HttpRequestWrapper;Lorg/apache/http/client/protocol/HttpClientContext;Lorg/apache/http/client/methods/HttpExecutionAware;)Lorg/apache/http/client/methods/CloseableHttpResponse;+714
j  org.apache.http.impl.execchain.ProtocolExec.execute(Lorg/apache/http/conn/routing/HttpRoute;Lorg/apache/http/client/methods/HttpRequestWrapper;Lorg/apache/http/client/protocol/HttpClientContext;Lorg/apache/http/client/methods/HttpExecutionAware;)Lorg/apache/http/client/methods/CloseableHttpResponse;+447
j  org.apache.http.impl.execchain.RetryExec.execute(Lorg/apache/http/conn/routing/HttpRoute;Lorg/apache/http/client/methods/HttpRequestWrapper;Lorg/apache/http/client/protocol/HttpClientContext;Lorg/apache/http/client/methods/HttpExecutionAware;)Lorg/apache/http/client/methods/CloseableHttpResponse;+39
j  org.apache.http.impl.execchain.RedirectExec.execute(Lorg/apache/http/conn/routing/HttpRoute;Lorg/apache/http/client/methods/HttpRequestWrapper;Lorg/apache/http/client/protocol/HttpClientContext;Lorg/apache/http/client/methods/HttpExecutionAware;)Lorg/apache/http/client/methods/CloseableHttpResponse;+85
j  org.apache.http.impl.client.InternalHttpClient.doExecute(Lorg/apache/http/HttpHost;Lorg/apache/http/HttpRequest;Lorg/apache/http/protocol/HttpContext;)Lorg/apache/http/client/methods/CloseableHttpResponse;+176
j  org.apache.http.impl.client.CloseableHttpClient.execute(Lorg/apache/http/HttpHost;Lorg/apache/http/HttpRequest;Lorg/apache/http/protocol/HttpContext;)Lorg/apache/http/client/methods/CloseableHttpResponse;+4
j  org.glassfish.jersey.apache.connector.ApacheConnector.apply(Lorg/glassfish/jersey/client/ClientRequest;)Lorg/glassfish/jersey/client/ClientResponse;+100
j  org.glassfish.jersey.client.ClientRuntime.invoke(Lorg/glassfish/jersey/client/ClientRequest;)Lorg/glassfish/jersey/client/ClientResponse;+40
j  org.glassfish.jersey.client.JerseyInvocation.lambda$invoke$0(Lorg/glassfish/jersey/client/ClientRuntime;Lorg/glassfish/jersey/process/internal/RequestScope;)Ljakarta/ws/rs/core/Response;+13
j  org.glassfish.jersey.client.JerseyInvocation$$Lambda$1582+0x000000a80187a958.call()Ljava/lang/Object;+12
j  org.glassfish.jersey.client.JerseyInvocation.call(Lorg/glassfish/jersey/internal/util/Producer;Lorg/glassfish/jersey/process/internal/RequestScope;)Ljava/lang/Object;+1
j  org.glassfish.jersey.client.JerseyInvocation.lambda$runInScope$3(Lorg/glassfish/jersey/internal/util/Producer;Lorg/glassfish/jersey/process/internal/RequestScope;)Ljava/lang/Object;+3
j  org.glassfish.jersey.client.JerseyInvocation$$Lambda$1583+0x000000a80187ab98.call()Ljava/lang/Object;+12
J 6982 c1 org.glassfish.jersey.internal.Errors.process(Ljava/util/concurrent/Callable;Z)Ljava/lang/Object; (112 bytes) @ 0x000000010f1f8b58 [0x000000010f1f88c0+0x0000000000000298]
J 9497 c1 org.glassfish.jersey.internal.Errors.process(Lorg/glassfish/jersey/internal/util/Producer;)Ljava/lang/Object; (6 bytes) @ 0x000000010f61ea5c [0x000000010f61ea40+0x000000000000001c]
j  org.glassfish.jersey.process.internal.RequestScope.runInScope(Lorg/glassfish/jersey/internal/util/Producer;)Ljava/lang/Object;+17
j  org.glassfish.jersey.client.JerseyInvocation.runInScope(Lorg/glassfish/jersey/internal/util/Producer;Lorg/glassfish/jersey/process/internal/RequestScope;)Ljava/lang/Object;+9
j  org.glassfish.jersey.client.JerseyInvocation.invoke()Ljakarta/ws/rs/core/Response;+23
j  org.glassfish.jersey.client.JerseyInvocation$Builder.method(Ljava/lang/String;Ljakarta/ws/rs/client/Entity;)Ljakarta/ws/rs/core/Response;+21
j  org.glassfish.jersey.client.JerseyInvocation$Builder.post(Ljakarta/ws/rs/client/Entity;)Ljakarta/ws/rs/core/Response;+4
j  com.netflix.eureka.transport.Jersey3ReplicationClient.submitBatchUpdates(Lcom/netflix/eureka/cluster/protocol/ReplicationList;)Lcom/netflix/discovery/shared/transport/EurekaHttpResponse;+41
j  com.netflix.eureka.cluster.ReplicationTaskProcessor.process(Ljava/util/List;)Lcom/netflix/eureka/util/batcher/TaskProcessor$ProcessingResult;+11
j  com.netflix.eureka.util.batcher.TaskExecutors$BatchWorkerRunnable.run()V+34
j  java.lang.Thread.run()V+11 java.base@17.0.17
v  ~StubRoutines::call_stub
V  [libjvm.dylib+0x4610f4]  JavaCalls::call_helper(JavaValue*, methodHandle const&, JavaCallArguments*, JavaThread*)+0x3d8
V  [libjvm.dylib+0x460074]  JavaCalls::call_virtual(JavaValue*, Klass*, Symbol*, Symbol*, JavaCallArguments*, JavaThread*)+0x11c
V  [libjvm.dylib+0x460140]  JavaCalls::call_virtual(JavaValue*, Handle, Klass*, Symbol*, Symbol*, JavaThread*)+0x64
V  [libjvm.dylib+0x518084]  thread_entry(JavaThread*, JavaThread*)+0xc4
V  [libjvm.dylib+0x9ab078]  JavaThread::thread_main_inner()+0x148
V  [libjvm.dylib+0x9a9714]  Thread::call_run()+0xcc
V  [libjvm.dylib+0x7aec44]  thread_native_entry(Thread*)+0x158
C  [libsystem_pthread.dylib+0x6c0c]  _pthread_start+0x88


siginfo: si_signo: 10 (SIGBUS), si_code: 1 (BUS_ADRALN), si_addr: 0x00000001390b6c90

Registers:
 x0=0x0000000785bc5908  x1=0x00000007808ee700  x2=0x00000007809f9ee0  x3=0x0000000090500003
 x4=0x0000000000000044  x5=0x0000000785bc5728  x6=0x0000000084400000  x7=0x0000000785f23aa8
 x8=0x00000001067714b8  x9=0x0000000000000009 x10=0x0000000781256de0 x11=0x000000a8014a8000
x12=0x00000001390b6c40 x13=0x0000000171d1d100 x14=0x0000000785f23dd8 x15=0x000000a8014a8620
x16=0x000000019c3bf9d4 x17=0x0000600000312160 x18=0x0000000000000000 x19=0x00000000000000b6
x20=0x0000000171d1d128 x21=0x000000010676bfb8 x22=0x00000001390a8bc4 x23=0x000000010e650440
x24=0x0000000171d1d1c0 x25=0x0000000000000001 x26=0x0000000139228000 x27=0x0000000000000000
x28=0x00000001229ac400  fp=0x0000000171d1d190  lr=0x000000010e64de18  sp=0x0000000171d1d100
pc=0x000000010e65bf6c cpsr=0x0000000060001000

Register to memory mapping:

 x0=0x0000000785bc5908 is an oop: org.glassfish.jersey.message.internal.WriterInterceptorExecutor$UnCloseableOutputStream 
{0x0000000785bc5908} - klass: 'org/glassfish/jersey/message/internal/WriterInterceptorExecutor$UnCloseableOutputStream'
 - ---- fields (total size 3 words):
 - private final 'original' 'Ljava/io/OutputStream;' @12  a 'org/glassfish/jersey/message/internal/CommittingOutputStream'{0x0000000785f23dd8} (f0be47bb)
 - private final 'writer' 'Ljakarta/ws/rs/ext/MessageBodyWriter;' @16  a 'com/netflix/discovery/provider/DiscoveryJerseyProvider'{0x000000078254d4a8} (f04a9a95)
 x1=0x00000007808ee700 is an oop: java.lang.String 
{0x00000007808ee700} - klass: 'java/lang/String'
 - string: "<null_sentinel>"
 x2=0x00000007809f9ee0 is an oop: com.fasterxml.jackson.databind.ObjectMapper 
{0x00000007809f9ee0} - klass: 'com/fasterxml/jackson/databind/ObjectMapper'
 - ---- fields (total size 9 words):
 - protected final '_jsonFactory' 'Lcom/fasterxml/jackson/core/JsonFactory;' @12  a 'com/fasterxml/jackson/databind/MappingJsonFactory'{0x00000007809f9f28} (f013f3e5)
 - protected '_typeFactory' 'Lcom/fasterxml/jackson/databind/type/TypeFactory;' @16  a 'com/fasterxml/jackson/databind/type/TypeFactory'{0x0000000781200250} (f024004a)
 - protected '_injectableValues' 'Lcom/fasterxml/jackson/databind/InjectableValues;' @20  NULL (0)
 - protected '_subtypeResolver' 'Lcom/fasterxml/jackson/databind/jsontype/SubtypeResolver;' @24  a 'com/fasterxml/jackson/databind/jsontype/impl/StdSubtypeResolver'{0x00000007809fac28} (f013f585)
 - protected final '_configOverrides' 'Lcom/fasterxml/jackson/databind/cfg/ConfigOverrides;' @28  a 'com/fasterxml/jackson/databind/cfg/ConfigOverrides'{0x00000007809fac38} (f013f587)
 - protected final '_coercionConfigs' 'Lcom/fasterxml/jackson/databind/cfg/CoercionConfigs;' @32  a 'com/fasterxml/jackson/databind/cfg/CoercionConfigs'{0x00000007809fac80} (f013f590)
 - protected '_mixIns' 'Lcom/fasterxml/jackson/databind/introspect/SimpleMixInResolver;' @36  a 'com/fasterxml/jackson/databind/introspect/SimpleMixInResolver'{0x00000007809facf0} (f013f59e)
 - protected '_serializationConfig' 'Lcom/fasterxml/jackson/databind/SerializationConfig;' @40  a 'com/fasterxml/jackson/databind/SerializationConfig'{0x00000007809fad08} (f013f5a1)
 - protected '_serializerProvider' 'Lcom/fasterxml/jackson/databind/ser/DefaultSerializerProvider;' @44  a 'com/fasterxml/jackson/databind/ser/DefaultSerializerProvider$Impl'{0x00000007809fb0f8} (f013f61f)
 - protected '_serializerFactory' 'Lcom/fasterxml/jackson/databind/ser/SerializerFactory;' @48  a 'com/fasterxml/jackson/databind/ser/BeanSerializerFactory'{0x00000007809fb9d8} (f013f73b)
 - protected '_deserializationConfig' 'Lcom/fasterxml/jackson/databind/DeserializationConfig;' @52  a 'com/fasterxml/jackson/databind/DeserializationConfig'{0x00000007809fbc20} (f013f784)
 - protected '_deserializationContext' 'Lcom/fasterxml/jackson/databind/deser/DefaultDeserializationContext;' @56  a 'com/fasterxml/jackson/databind/deser/DefaultDeserializationContext$Impl'{0x00000007809fbc80} (f013f790)
 - protected '_registeredModuleTypes' 'Ljava/util/Set;' @60  a 'java/util/LinkedHashSet'{0x00000007809fc2c0} (f013f858)
 - protected final '_rootDeserializers' 'Ljava/util/concurrent/ConcurrentHashMap;' @64  a 'java/util/concurrent/ConcurrentHashMap'{0x00000007809fc380} (f013f870)
 x3=0x0000000090500003 is an unknown value
 x4=0x0000000000000044 is an unknown value
 x5=0x0000000785bc5728 is an oop: [Ljava.lang.annotation.Annotation; 
{0x0000000785bc5728} - klass: 'java/lang/annotation/Annotation'[]
 - length: 0
 x6=0x0000000084400000 is an unknown value
 x7=0x0000000785f23aa8 is an oop: org.glassfish.jersey.internal.util.collection.GuardianStringKeyMultivaluedMap 
{0x0000000785f23aa8} - klass: 'org/glassfish/jersey/internal/util/collection/GuardianStringKeyMultivaluedMap'
 - ---- fields (total size 3 words):
 - private final 'inner' 'Ljakarta/ws/rs/core/MultivaluedMap;' @12  a 'org/glassfish/jersey/internal/util/collection/StringKeyIgnoreCaseMultivaluedMap'{0x0000000785f23ac0} (f0be4758)
 - private final 'guards' 'Ljava/util/Map;' @16  a 'java/util/HashMap'{0x0000000785f23b80} (f0be4770)
 x8=0x00000001067714b8: _ZN19TemplateInterpreter20_invoke_return_entryE+0 in /Users/a/Library/Java/JavaVirtualMachines/ms-17.0.17/Contents/Home/lib/server/libjvm.dylib at 0x0000000105afc000
 x9=0x0000000000000009 is an unknown value
x10=0x0000000781256de0 is an oop: java.lang.Class 
{0x0000000781256de0} - klass: 'java/lang/Class'
 - ---- fields (total size 16 words):
 - private volatile transient 'classRedefinedCount' 'I' @12  0
 - private volatile transient 'cachedConstructor' 'Ljava/lang/reflect/Constructor;' @40  NULL (0)
 - private transient 'name' 'Ljava/lang/String;' @44  "com.fasterxml.jackson.databind.ObjectMapper"{0x0000000781256ea8} (f024add5)
 - private transient 'module' 'Ljava/lang/Module;' @48  a 'java/lang/Module'{0x0000000780890160} (f011202c)
 - private final 'classLoader' 'Ljava/lang/ClassLoader;' @52  a 'jdk/internal/loader/ClassLoaders$AppClassLoader'{0x0000000780890000} (f0112000)
 - private transient 'classData' 'Ljava/lang/Object;' @56  NULL (0)
 - private transient 'packageName' 'Ljava/lang/String;' @60  "com.fasterxml.jackson.databind"{0x0000000781256938} (f024ad27)
 - private final 'componentType' 'Ljava/lang/Class;' @64  NULL (0)
 - private volatile transient 'reflectionData' 'Ljava/lang/ref/SoftReference;' @68  a 'java/lang/ref/SoftReference'{0x0000000781e98b48} (f03d3169)
 - private volatile transient 'genericInfo' 'Lsun/reflect/generics/repository/ClassRepository;' @72  a 'sun/reflect/generics/repository/ClassRepository'{0x000000078011f130} (f0023e26)
 - private volatile transient 'enumConstants' '[Ljava/lang/Object;' @76  NULL (0)
 - private volatile transient 'enumConstantDirectory' 'Ljava/util/Map;' @80  NULL (0)
 - private volatile transient 'annotationData' 'Ljava/lang/Class$AnnotationData;' @84  a 'java/lang/Class$AnnotationData'{0x0000000781e98b30} (f03d3166)
 - private volatile transient 'annotationType' 'Lsun/reflect/annotation/AnnotationType;' @88  NULL (0)
 - transient 'classValueMap' 'Ljava/lang/ClassValue$ClassValueMap;' @92  NULL (0)
 - signature: Lcom/fasterxml/jackson/databind/ObjectMapper;
 - fake entry for mirror: 'com/fasterxml/jackson/databind/ObjectMapper'
 - fake entry for array: NULL
 - fake entry for oop_size: 16
 - fake entry for static_oop_field_count: 2
 - private static final 'serialVersionUID' 'J' @120  2 (2 0)
 - protected static final 'DEFAULT_ANNOTATION_INTROSPECTOR' 'Lcom/fasterxml/jackson/databind/AnnotationIntrospector;' @112  a 'com/fasterxml/jackson/databind/introspect/JacksonAnnotationIntrospector'{0x0000000781200b00} (f0240160)
 - protected static final 'DEFAULT_BASE' 'Lcom/fasterxml/jackson/databind/cfg/BaseSettings;' @116  a 'com/fasterxml/jackson/databind/cfg/BaseSettings'{0x0000000781256e60} (f024adcc)
x11=0x000000a8014a8000 is a pointer to class: 
jakarta.ws.rs.ext.MessageBodyWriter {0x000000a8014a8000}
 - instance size:     2
 - klass size:        64
 - access:            public interface abstract 
 - state:             fully_initialized
 - name:              'jakarta/ws/rs/ext/MessageBodyWriter'
 - super:             'java/lang/Object'
 - sub:               
 - nof implementors:  2
 - arrays:            NULL
 - methods:           Array<T>(0x0000000139c9fab8)
 - method ordering:   Array<T>(0x000000a800913180)
 - local interfaces:  Array<T>(0x000000a8005d4fb0)
 - trans. interfaces: Array<T>(0x000000a8005d4fb0)
 - constants:         constant pool [44] {0x0000000139c9f8d8} for 'jakarta/ws/rs/ext/MessageBodyWriter' cache=0x000000013a2c4c70
 - class loader data:  loader data: 0x00006000016f4d20 for instance a 'jdk/internal/loader/ClassLoaders$AppClassLoader'{0x0000000780890000}
 - source file:       'MessageBodyWriter.java'
 - class annotations:       Array<T>(0x0000000000000000)
 - class type annotations:  Array<T>(0x0000000000000000)
 - field annotations:       Array<T>(0x0000000000000000)
 - field type annotations:  Array<T>(0x0000000000000000)
 - generic signature: '<T:Ljava/lang/Object;>Ljava/lang/Object;'
 - inner classes:     Array<T>(0x000000a8005d4f40)
 - nest members:     Array<T>(0x000000a8005d4f40)
 - permitted subclasses:     Array<T>(0x000000a8005d4f40)
 - java mirror:       a 'java/lang/Class'{0x0000000781933120} = 'jakarta/ws/rs/ext/MessageBodyWriter'
 - vtable length      5  (start addr: 0x000000a8014a81d0)
 - itable length      0 (start addr: 0x000000a8014a81f8)
 - ---- static fields (0 words):
 - ---- non-static fields (0 words):
 - non-static oop maps: 
x12=0x00000001390b6c40 is pointing into metadata
x13=0x0000000171d1d100 is pointing into the stack for thread: 0x00000001229ac400
x14=0x0000000785f23dd8 is an oop: org.glassfish.jersey.message.internal.CommittingOutputStream 
{0x0000000785f23dd8} - klass: 'org/glassfish/jersey/message/internal/CommittingOutputStream'
 - ---- fields (total size 4 words):
 - private 'bufferSize' 'I' @12  0
 - private final 'isVirtualThread' 'Z' @16  false
 - private 'directWrite' 'Z' @17  true
 - private 'isCommitted' 'Z' @18  false
 - private 'isClosed' 'Z' @19  false
 - private 'adaptedOutput' 'Ljava/io/OutputStream;' @20  NULL (0)
 - private 'streamProvider' 'Lorg/glassfish/jersey/message/internal/OutboundMessageContext$StreamProvider;' @24  a 'org/glassfish/jersey/apache/connector/ApacheConnector$1$1'{0x0000000785bc4f90} (f0b789f2)
 - private 'buffer' 'Ljava/io/ByteArrayOutputStream;' @28  NULL (0)
x15=0x000000a8014a8620 is pointing into metadata
x16=0x000000019c3bf9d4: pthread_jit_write_protect_np+0 in /usr/lib/system/libsystem_pthread.dylib at 0x000000019c3b8000
x17=0x0000600000312160 points into unknown readable memory: 0xfffffffffffffffe | fe ff ff ff ff ff ff ff
x18=0x0 is NULL
x19=0x00000000000000b6 is an unknown value
x20=0x0000000171d1d128 is pointing into the stack for thread: 0x00000001229ac400
x21=0x000000010676bfb8: _ZN19TemplateInterpreter13_active_tableE+0 in /Users/a/Library/Java/JavaVirtualMachines/ms-17.0.17/Contents/Home/lib/server/libjvm.dylib at 0x0000000105afc000
x22=0x00000001390a8bc4 is pointing into metadata
x23=0x000000010e650440 is at code_begin+0 in an Interpreter codelet
method entry point (kind = zerolocals)  [0x000000010e650440, 0x000000010e650680]  576 bytes
x24=0x0000000171d1d1c0 is pointing into the stack for thread: 0x00000001229ac400
x25=0x0000000000000001 is an unknown value
x26=0x0000000139228000 is pointing into metadata
x27=0x0 is NULL
x28=0x00000001229ac400 is a thread


Top of Stack: (sp=0x0000000171d1d100)
0x0000000171d1d100:   0000000139b63c28 0000000000000001
0x0000000171d1d110:   0000000171d1d2c8 0000000000000000
0x0000000171d1d120:   00000001229ac6b8 0000000785bc5908
0x0000000171d1d130:   00000007fff682c8 00000007809f9ee0
0x0000000171d1d140:   0000000171d1d140 00000001390a8bc4
0x0000000171d1d150:   0000000171d1d1c0 0000000139228000
0x0000000171d1d160:   0000000781256de0 0000000000000000
0x0000000171d1d170:   0000000000000000 00000001390a8c20
0x0000000171d1d180:   0000000171d1d128 0000000171d1d190
0x0000000171d1d190:   0000000171d1d220 000000010e64dc60
0x0000000171d1d1a0:   0000000171d1d200 0000000000000000
0x0000000171d1d1b0:   000000078129a8b0 0000000785bc5908
0x0000000171d1d1c0:   00000007809f9ee0 00000007809f9ee0
0x0000000171d1d1d0:   0000000171d1d1d0 00000001390b242e
0x0000000171d1d1e0:   0000000171d1d248 0000000139228000
0x0000000171d1d1f0:   0000000781256de0 0000000000000000
0x0000000171d1d200:   0000000000000000 00000001390b2470
0x0000000171d1d210:   0000000171d1d1b0 0000000171d1d210
0x0000000171d1d220:   0000000171d1d2a0 000000010e64de18
0x0000000171d1d230:   0000000171d1d850 0000000785f216f8
0x0000000171d1d240:   0000000785bc5908 00000007809f9ee0
0x0000000171d1d250:   0000000171d1d250 00000001397cc19b
0x0000000171d1d260:   0000000171d1d2c8 0000000139b63c28
0x0000000171d1d270:   0000000780f05360 0000000000000000
0x0000000171d1d280:   0000000000000000 00000001397cc1f0
0x0000000171d1d290:   0000000171d1d238 0000000171d1d290
0x0000000171d1d2a0:   0000000171d1d320 000000010e64de18
0x0000000171d1d2b0:   0000000000000000 0000000785bc5908
0x0000000171d1d2c0:   0000000785f216f8 00000007809f9e50
0x0000000171d1d2d0:   0000000171d1d2d0 0000000139b5986e
0x0000000171d1d2e0:   0000000171d1d348 0000000139b5a7e0
0x0000000171d1d2f0:   0000000780f049d0 0000000000000000 

Instructions: (pc=0x000000010e65bf6c)
0x000000010e65be6c:   00 00 00 00 00 00 00 00 00 00 00 00 00 00 00 00
0x000000010e65be7c:   00 00 00 00 80 8e 1f f8 09 00 00 14 80 8e 1f bc
0x000000010e65be8c:   07 00 00 14 80 0e 1f fc 05 00 00 14 9f 8e 1f f8
0x000000010e65be9c:   80 8e 1f f8 02 00 00 14 80 8e 1f f8 b6 83 1b f8
0x000000010e65beac:   c4 12 40 78 49 17 04 8b 33 a1 00 91 73 fe df 88
0x000000010e65bebc:   73 7e 58 d3 7f da 02 f1 80 03 00 54 d3 16 80 d2
0x000000010e65becc:   e1 03 13 aa b6 83 1b f8 e0 03 1c aa 28 01 00 10
0x000000010e65bedc:   88 53 01 f9 94 4f 01 f9 9d 57 01 f9 e8 33 bf a9
0x000000010e65beec:   88 cb 8c d2 a8 be a0 f2 28 00 c0 f2 00 01 3f d6
0x000000010e65befc:   e8 33 c1 a8 fe ff ff 10 9f 4f 01 f9 9f 57 01 f9
0x000000010e65bf0c:   9f 53 01 f9 88 07 40 f9 a8 00 00 b4 08 10 90 d2
0x000000010e65bf1c:   88 cc a1 f2 28 00 c0 f2 00 01 1f d6 b6 e3 7b a9
0x000000010e65bf2c:   c4 12 40 78 49 17 04 8b 2c 1d 40 f9 23 41 40 b9
0x000000010e65bf3c:   62 1c 00 12 88 6e 22 8b 02 81 5f f8 69 7c 1c 53
0x000000010e65bf4c:   08 97 82 d2 e8 ce a0 f2 28 00 c0 f2 1e 79 69 f8
0x000000010e65bf5c:   c3 00 a0 36 5f 00 40 f9 ed 03 00 91 b4 03 1f f8
0x000000010e65bf6c:   88 29 40 f9 00 01 1f d6 40 08 40 b9 00 15 c0 f2
0x000000010e65bf7c:   0c 6c 2c 8b 8c e9 40 f9 ed 03 00 91 b4 03 1f f8
0x000000010e65bf8c:   88 29 40 f9 00 01 1f d6 1f 20 03 d5 00 00 00 00
0x000000010e65bf9c:   00 00 00 00 00 00 00 00 00 00 00 00 00 00 00 00
0x000000010e65bfac:   00 00 00 00 00 00 00 00 00 00 00 00 00 00 00 00
0x000000010e65bfbc:   00 00 00 00 cb 4c 5b 06 01 00 00 00 40 01 00 00
0x000000010e65bfcc:   b7 00 00 00 00 00 00 00 00 00 00 00 00 00 00 00
0x000000010e65bfdc:   00 00 00 00 00 00 00 00 00 00 00 00 00 00 00 00
0x000000010e65bfec:   00 00 00 00 00 00 00 00 00 00 00 00 00 00 00 00
0x000000010e65bffc:   00 00 00 00 80 8e 1f f8 09 00 00 14 80 8e 1f bc
0x000000010e65c00c:   07 00 00 14 80 0e 1f fc 05 00 00 14 9f 8e 1f f8
0x000000010e65c01c:   80 8e 1f f8 02 00 00 14 80 8e 1f f8 b6 83 1b f8
0x000000010e65c02c:   c4 12 40 78 49 17 04 8b 33 a1 00 91 73 fe df 88
0x000000010e65c03c:   73 5e 50 d3 7f de 02 f1 80 03 00 54 f3 16 80 d2
0x000000010e65c04c:   e1 03 13 aa b6 83 1b f8 e0 03 1c aa 28 01 00 10
0x000000010e65c05c:   88 53 01 f9 94 4f 01 f9 9d 57 01 f9 e8 33 bf a9 


Stack slot to memory mapping:
stack at sp + 0 slots: 0x0000000139b63c28 is pointing into metadata
stack at sp + 1 slots: 0x0000000000000001 is an unknown value
stack at sp + 2 slots: 0x0000000171d1d2c8 is pointing into the stack for thread: 0x00000001229ac400
stack at sp + 3 slots: 0x0 is NULL
stack at sp + 4 slots: 0x00000001229ac6b8 points into unknown readable memory: 0x0000000106726b60 | 60 6b 72 06 01 00 00 00
stack at sp + 5 slots: 0x0000000785bc5908 is an oop: org.glassfish.jersey.message.internal.WriterInterceptorExecutor$UnCloseableOutputStream 
{0x0000000785bc5908} - klass: 'org/glassfish/jersey/message/internal/WriterInterceptorExecutor$UnCloseableOutputStream'
 - ---- fields (total size 3 words):
 - private final 'original' 'Ljava/io/OutputStream;' @12  a 'org/glassfish/jersey/message/internal/CommittingOutputStream'{0x0000000785f23dd8} (f0be47bb)
 - private final 'writer' 'Ljakarta/ws/rs/ext/MessageBodyWriter;' @16  a 'com/netflix/discovery/provider/DiscoveryJerseyProvider'{0x000000078254d4a8} (f04a9a95)
stack at sp + 6 slots: 0x00000007fff682c8 is an oop: java.lang.String 
{0x00000007fff682c8} - klass: 'java/lang/String'
 - string: "out"
stack at sp + 7 slots: 0x00000007809f9ee0 is an oop: com.fasterxml.jackson.databind.ObjectMapper 
{0x00000007809f9ee0} - klass: 'com/fasterxml/jackson/databind/ObjectMapper'
 - ---- fields (total size 9 words):
 - protected final '_jsonFactory' 'Lcom/fasterxml/jackson/core/JsonFactory;' @12  a 'com/fasterxml/jackson/databind/MappingJsonFactory'{0x00000007809f9f28} (f013f3e5)
 - protected '_typeFactory' 'Lcom/fasterxml/jackson/databind/type/TypeFactory;' @16  a 'com/fasterxml/jackson/databind/type/TypeFactory'{0x0000000781200250} (f024004a)
 - protected '_injectableValues' 'Lcom/fasterxml/jackson/databind/InjectableValues;' @20  NULL (0)
 - protected '_subtypeResolver' 'Lcom/fasterxml/jackson/databind/jsontype/SubtypeResolver;' @24  a 'com/fasterxml/jackson/databind/jsontype/impl/StdSubtypeResolver'{0x00000007809fac28} (f013f585)
 - protected final '_configOverrides' 'Lcom/fasterxml/jackson/databind/cfg/ConfigOverrides;' @28  a 'com/fasterxml/jackson/databind/cfg/ConfigOverrides'{0x00000007809fac38} (f013f587)
 - protected final '_coercionConfigs' 'Lcom/fasterxml/jackson/databind/cfg/CoercionConfigs;' @32  a 'com/fasterxml/jackson/databind/cfg/CoercionConfigs'{0x00000007809fac80} (f013f590)
 - protected '_mixIns' 'Lcom/fasterxml/jackson/databind/introspect/SimpleMixInResolver;' @36  a 'com/fasterxml/jackson/databind/introspect/SimpleMixInResolver'{0x00000007809facf0} (f013f59e)
 - protected '_serializationConfig' 'Lcom/fasterxml/jackson/databind/SerializationConfig;' @40  a 'com/fasterxml/jackson/databind/SerializationConfig'{0x00000007809fad08} (f013f5a1)
 - protected '_serializerProvider' 'Lcom/fasterxml/jackson/databind/ser/DefaultSerializerProvider;' @44  a 'com/fasterxml/jackson/databind/ser/DefaultSerializerProvider$Impl'{0x00000007809fb0f8} (f013f61f)
 - protected '_serializerFactory' 'Lcom/fasterxml/jackson/databind/ser/SerializerFactory;' @48  a 'com/fasterxml/jackson/databind/ser/BeanSerializerFactory'{0x00000007809fb9d8} (f013f73b)
 - protected '_deserializationConfig' 'Lcom/fasterxml/jackson/databind/DeserializationConfig;' @52  a 'com/fasterxml/jackson/databind/DeserializationConfig'{0x00000007809fbc20} (f013f784)
 - protected '_deserializationContext' 'Lcom/fasterxml/jackson/databind/deser/DefaultDeserializationContext;' @56  a 'com/fasterxml/jackson/databind/deser/DefaultDeserializationContext$Impl'{0x00000007809fbc80} (f013f790)
 - protected '_registeredModuleTypes' 'Ljava/util/Set;' @60  a 'java/util/LinkedHashSet'{0x00000007809fc2c0} (f013f858)
 - protected final '_rootDeserializers' 'Ljava/util/concurrent/ConcurrentHashMap;' @64  a 'java/util/concurrent/ConcurrentHashMap'{0x00000007809fc380} (f013f870)

invokevirtual  182 invokevirtual  [0x000000010e65be80, 0x000000010e65bfc0]  320 bytes
[MachCode]
  0x000000010e65be80: 808e 1ff8 | 0900 0014 | 808e 1fbc | 0700 0014 | 800e 1ffc | 0500 0014 | 9f8e 1ff8 | 808e 1ff8 
  0x000000010e65bea0: 0200 0014 | 808e 1ff8 | b683 1bf8 | c412 4078 | 4917 048b | 33a1 0091 | 73fe df88 | 737e 58d3 
  0x000000010e65bec0: 7fda 02f1 | 8003 0054 | d316 80d2 | e103 13aa | b683 1bf8 | e003 1caa | 2801 0010 | 8853 01f9 
  0x000000010e65bee0: 944f 01f9 | 9d57 01f9 | e833 bfa9 | 88cb 8cd2 | a8be a0f2 | 2800 c0f2 | 0001 3fd6 | e833 c1a8 
  0x000000010e65bf00: feff ff10 | 9f4f 01f9 | 9f57 01f9 | 9f53 01f9 | 8807 40f9 | a800 00b4 | 0810 90d2 | 88cc a1f2 
  0x000000010e65bf20: 2800 c0f2 | 0001 1fd6 | b6e3 7ba9 | c412 4078 | 4917 048b | 2c1d 40f9 | 2341 40b9 | 621c 0012 
  0x000000010e65bf40: 886e 228b | 0281 5ff8 | 697c 1c53 | 0897 82d2 | e8ce a0f2 | 2800 c0f2 | 1e79 69f8 | c300 a036 
  0x000000010e65bf60: 5f00 40f9 | ed03 0091 | b403 1ff8 | 8829 40f9 | 0001 1fd6 | 4008 40b9 | 0015 c0f2 | 0c6c 2c8b 
  0x000000010e65bf80: 8ce9 40f9 | ed03 0091 | b403 1ff8 | 8829 40f9 | 0001 1fd6 | 1f20 03d5 | 0000 0000 | 0000 0000 
  0x000000010e65bfa0: 0000 0000 | 0000 0000 | 0000 0000 | 0000 0000 | 0000 0000 | 0000 0000 | 0000 0000 | 0000 0000 
[/MachCode]

Compiled method (c1) 8647654 8390   !   1       org.glassfish.jersey.message.internal.WriterInterceptorExecutor$TerminalWriterInterceptor::invokeWriteTo (120 bytes)
 total in heap  [0x000000010f441910,0x000000010f4425b8] = 3240
 relocation     [0x000000010f441a68,0x000000010f441af0] = 136
 main code      [0x000000010f441b00,0x000000010f442140] = 1600
 stub code      [0x000000010f442140,0x000000010f442178] = 56
 oops           [0x000000010f442178,0x000000010f442188] = 16
 metadata       [0x000000010f442188,0x000000010f442250] = 200
 scopes data    [0x000000010f442250,0x000000010f442350] = 256
 scopes pcs     [0x000000010f442350,0x000000010f4424a0] = 336
 dependencies   [0x000000010f4424a0,0x000000010f4424d8] = 56
 handler table  [0x000000010f4424d8,0x000000010f442580] = 168
 nul chk table  [0x000000010f442580,0x000000010f4425b8] = 56

[Constant Pool (empty)]

[MachCode]
[Entry Point]
  # {method} {0x000000013af1d4b8} 'invokeWriteTo' '(Ljakarta/ws/rs/ext/WriterInterceptorContext;Ljakarta/ws/rs/ext/MessageBodyWriter;)V' in 'org/glassfish/jersey/message/internal/WriterInterceptorExecutor$TerminalWriterInterceptor'
  # this:     c_rarg1:c_rarg1 
                        = 'org/glassfish/jersey/message/internal/WriterInterceptorExecutor$TerminalWriterInterceptor'
  # parm0:    c_rarg2:c_rarg2 
                        = 'jakarta/ws/rs/ext/WriterInterceptorContext'
  # parm1:    c_rarg3:c_rarg3 
                        = 'jakarta/ws/rs/ext/MessageBodyWriter'
  #           [sp+0xa0]  (sp of caller)
  0x000000010f441b00: 2808 40b9 | 3f01 086b | c001 0054 

  0x000000010f441b0c: ;   {runtime_call ic_miss_stub}
  0x000000010f441b0c: 3d1c c917 | 1f20 03d5 | 1f20 03d5 | 1f20 03d5 | 1f20 03d5 | 1f20 03d5 | 1f20 03d5 | 1f20 03d5 
  0x000000010f441b2c: 1f20 03d5 | 1f20 03d5 | 1f20 03d5 | 1f20 03d5 | 1f20 03d5 
[Verified Entry Point]
  0x000000010f441b40: 1f20 03d5 | e953 40d1 | 3f01 00f9 | ff83 02d1 | fd7b 09a9 | 2010 40b9 | 00f0 7dd3 

  0x000000010f441b5c: ; implicit exception: dispatches to 0x000000010f441fc8
  0x000000010f441b5c: 0c20 40b9 | 8cf1 7dd3 

  0x000000010f441b64: ; implicit exception: dispatches to 0x000000010f441fcc
  0x000000010f441b64: 9f01 40f9 | ed03 03aa 

  0x000000010f441b6c: ;   {metadata('org/glassfish/jersey/message/internal/WriterInterceptorExecutor$UnCloseableOutputStream')}
  0x000000010f441b6c: 03e2 8dd2 | 4330 a0f2 | 0315 c0f2 | 8087 40f9 | 0b60 0091 | 888f 40f9 | 7f01 08eb | 4822 0054 
  0x000000010f441b8c: 8b87 00f9 | ea03 40b2 | 0a00 00f9 | ea03 032a | 0a7c 0129 | 0a40 0091 | 5f01 00f9 | bf3a 03d5 
  0x000000010f441bac: 2201 00b4 

  0x000000010f441bb0: ;   {metadata('org/glassfish/jersey/message/internal/WriterInterceptorExecutor')}
  0x000000010f441bb0: 051f 8dd2 | 4530 a0f2 | 0515 c0f2 | 4808 40b9 | 0815 c0f2 | 1f01 05eb | 8120 0054 | 0100 0014 
  0x000000010f441bd0: e303 02aa 

  0x000000010f441bd4: ; implicit exception: dispatches to 0x000000010f441fdc
  0x000000010f441bd4: 432c 40b9 | 63f0 7dd3 | 84e3 4039 | 9f00 0071 | e11f 0054 | 68fc 43d3 | 080c 00b9 | 0400 03ca 
  0x000000010f441bf4: 84fc 54d3 | 9f00 00f1 | e11f 0054 | 83e3 4039 | 7f00 0071 | 0120 0054 | a8fd 43d3 | 0810 00b9 
  0x000000010f441c14: 0300 0dca | 63fc 54d3 | 7f00 00f1 | 0120 0054 | bf3a 03d5 | 2201 00b4 

  0x000000010f441c2c: ;   {metadata('org/glassfish/jersey/message/internal/WriterInterceptorExecutor')}
  0x000000010f441c2c: 051f 8dd2 | 4530 a0f2 | 0515 c0f2 | 4808 40b9 | 0815 c0f2 | 1f01 05eb | 611f 0054 | 0100 0014 
  0x000000010f441c4c: e303 02aa | 4334 40b9 | 63f0 7dd3 | 2201 00b4 

  0x000000010f441c5c: ;   {metadata('org/glassfish/jersey/message/internal/WriterInterceptorExecutor')}
  0x000000010f441c5c: 061f 8dd2 | 4630 a0f2 | 0615 c0f2 | 4808 40b9 | 0815 c0f2 | 1f01 06eb | 011e 0054 | 0100 0014 
  0x000000010f441c7c: e403 02aa | 4414 40b9 | 84f0 7dd3 | 2201 00b4 

  0x000000010f441c8c: ;   {metadata('org/glassfish/jersey/message/internal/WriterInterceptorExecutor')}
  0x000000010f441c8c: 071f 8dd2 | 4730 a0f2 | 0715 c0f2 | 4808 40b9 | 0815 c0f2 | 1f01 07eb | a11c 0054 | 0100 0014 
  0x000000010f441cac: e503 02aa | 4518 40b9 | a5f0 7dd3 | 2201 00b4 

  0x000000010f441cbc: ;   {metadata('org/glassfish/jersey/message/internal/WriterInterceptorExecutor')}
  0x000000010f441cbc: 011f 8dd2 | 4130 a0f2 | 0115 c0f2 | 4808 40b9 | 0815 c0f2 | 1f01 01eb | 411b 0054 | 0100 0014 
  0x000000010f441cdc: e603 02aa | 4610 40b9 | c6f0 7dd3 | 2201 00b4 

  0x000000010f441cec: ;   {metadata('org/glassfish/jersey/message/internal/WriterInterceptorExecutor')}
  0x000000010f441cec: 0a1f 8dd2 | 4a30 a0f2 | 0a15 c0f2 | 4808 40b9 | 0815 c0f2 | 1f01 0aeb | e119 0054 | 0100 0014 
  0x000000010f441d0c: e703 02aa | 471c 40b9 | e7f0 7dd3 | 2201 00b4 

  0x000000010f441d1c: ;   {metadata('org/glassfish/jersey/message/internal/WriterInterceptorExecutor')}
  0x000000010f441d1c: 0b1f 8dd2 | 4b30 a0f2 | 0b15 c0f2 | 4808 40b9 | 0815 c0f2 | 1f01 0beb | 8118 0054 | 0100 0014 
  0x000000010f441d3c: e103 02aa | 4130 40b9 | 21f0 7dd3 | e203 03aa | e303 04aa | e403 05aa | e503 06aa | e603 07aa 
  0x000000010f441d5c: e703 01aa | e103 0daa | edb3 07a9 | 09f4 8cd2 | 6943 a0f2 | 0900 ccf2 

  0x000000010f441d74: ; ImmutableOopMap {[120]=Oop [128]=Oop }
                      ;*invokeinterface writeTo {reexecute=0 rethrow=0 return_oop=0}
                      ; - org.glassfish.jersey.message.internal.WriterInterceptorExecutor$TerminalWriterInterceptor::invokeWriteTo@72 (line 242)
                      ;   {virtual_call}
  0x000000010f441d74: 4715 cc97 | f303 0032 

  0x000000010f441d7c: ;   {metadata('java/lang/Object'[])}
  0x000000010f441d7c: 03aa 82d2 | 0300 a0f2 | 0315 c0f2 | 737e 40d3 | e503 13aa | e85f 40b2 | 7f02 08eb | 8215 0054 
  0x000000010f441d9c: eb02 80d2 | 6b49 338b | 6bf1 7d92 | 8087 40f9 | 0b60 2b8b | 888f 40f9 | 7f01 08eb | 8814 0054 
  0x000000010f441dbc: 8b87 00f9 | 6b01 00cb | ea03 40b2 | 0a00 00f9 | ea03 032a | 0a4c 0129 | 6b41 00f1 | c001 0054 
  0x000000010f441ddc: e803 0baa | 0a40 0091 | 0bfd 43d3 | 6821 00f1 | 4300 0054 

  0x000000010f441df0: ;   {runtime_call StubRoutines (2)}
  0x000000010f441df0: 34c6 c897 | 6b00 1036 | 5f7d 81a8 | 5f7d 81a8 | 4b00 0836 | 5f7d 81a8 | 4b00 0036 | 5f01 00f9 
  0x000000010f441e10: bf3a 03d5 | e13f 40f9 | 4102 00b4 

  0x000000010f441e1c: ; implicit exception: dispatches to 0x000000010f442050
  0x000000010f441e1c: 0308 40b9 | 0315 c0f2 | 2508 40b9 | 0515 c0f2 | 6370 40f9 | bf00 03eb | 6001 0054 | 6a14 40b9 
  0x000000010f441e3c: a868 6af8 | 7f00 08eb | e000 0054 | 5f81 00f1 | 4110 0054 | e50f bfa9 

  0x000000010f441e54: ;   {runtime_call slow_subtype_check Runtime1 stub}
  0x000000010f441e54: 8bdf cb97 | e317 c1a8 | c30f 0034 | 0040 0091 | 83e3 4039 | 7f00 0071 | 810f 0054 | 28fc 43d3 
  0x000000010f441e74: 0800 00b9 | 0300 01ca | 63fc 54d3 | 7f00 00f1 | 810f 0054 | fd7b 49a9 | ff83 0291 

  0x000000010f441e90: ;   {poll_return}
  0x000000010f441e90: 88a7 41f9 | ff63 28eb | 680f 0054 | c003 5fd6 | 80ef 41f9 | 9fef 01f9 | 9ff3 01f9 | e203 00aa 
  0x000000010f441eb0: f303 0032 

  0x000000010f441eb4: ;   {metadata('java/lang/Object'[])}
  0x000000010f441eb4: 03aa 82d2 | 0300 a0f2 | 0315 c0f2 | 737e 40d3 | e503 13aa | e85f 40b2 | 7f02 08eb | 020e 0054 
  0x000000010f441ed4: eb02 80d2 | 6b49 338b | 6bf1 7d92 | 8087 40f9 | 0b60 2b8b | 888f 40f9 | 7f01 08eb | 080d 0054 
  0x000000010f441ef4: 8b87 00f9 | 6b01 00cb | ea03 40b2 | 0a00 00f9 | ea03 032a | 0a4c 0129 | 6b41 00f1 | c001 0054 
  0x000000010f441f14: e803 0baa | 0a40 0091 | 0bfd 43d3 | 6821 00f1 | 4300 0054 

  0x000000010f441f28: ;   {runtime_call StubRoutines (2)}
  0x000000010f441f28: e6c5 c897 | 6b00 1036 | 5f7d 81a8 | 5f7d 81a8 | 4b00 0836 | 5f7d 81a8 | 4b00 0036 | 5f01 00f9 
  0x000000010f441f48: bf3a 03d5 | 4102 00b4 

  0x000000010f441f50: ; implicit exception: dispatches to 0x000000010f442098
  0x000000010f441f50: 0308 40b9 | 0315 c0f2 | 2408 40b9 | 0415 c0f2 | 6370 40f9 | 9f00 03eb | 6001 0054 | 6514 40b9 
  0x000000010f441f70: 8868 65f8 | 7f00 08eb | e000 0054 | bf80 00f1 | e108 0054 | e40f bfa9 

  0x000000010f441f88: ;   {runtime_call slow_subtype_check Runtime1 stub}
  0x000000010f441f88: 3edf cb97 | e313 c1a8 | 6308 0034 | 0040 0091 | 83e3 4039 | 7f00 0071 | 2108 0054 | 28fc 43d3 
  0x000000010f441fa8: 0800 00b9 | 0300 01ca | 63fc 54d3 | 7f00 00f1 | 2108 0054 

  0x000000010f441fbc: ; implicit exception: dispatches to 0x000000010f4420cc
  0x000000010f441fbc: 9f01 40f9 | e003 02aa | 5600 0014 

  0x000000010f441fc8: ; ImmutableOopMap {c_rarg2=Oop c_rarg3=Oop }
                      ;*invokevirtual getTracingLogger {reexecute=0 rethrow=0 return_oop=0}
                      ; - org.glassfish.jersey.message.internal.WriterInterceptorExecutor$TerminalWriterInterceptor::invokeWriteTo@4 (line 237)
                      ;   {runtime_call throw_null_pointer_exception Runtime1 stub}
  0x000000010f441fc8: aed4 cb97 

  0x000000010f441fcc: ; ImmutableOopMap {c_rarg2=Oop c_rarg3=Oop r12=Oop }
                      ;*invokevirtual timestamp {reexecute=0 rethrow=0 return_oop=0}
                      ; - org.glassfish.jersey.message.internal.WriterInterceptorExecutor$TerminalWriterInterceptor::invokeWriteTo@12 (line 238)
                      ;   {runtime_call throw_null_pointer_exception Runtime1 stub}
  0x000000010f441fcc: add4 cb97 

  0x000000010f441fd0: ; ImmutableOopMap {c_rarg2=Oop r12=Oop r13=Oop }
                      ;*new {reexecute=0 rethrow=0 return_oop=0}
                      ; - org.glassfish.jersey.message.internal.WriterInterceptorExecutor$TerminalWriterInterceptor::invokeWriteTo@17 (line 239)
                      ;   {runtime_call fast_new_instance Runtime1 stub}
  0x000000010f441fd0: ecd6 cb97 | f6fe ff17 

  0x000000010f441fd8: ; ImmutableOopMap {c_rarg2=Oop r12=Oop r13=Oop c_rarg0=Oop }
                      ;*invokeinterface getOutputStream {reexecute=0 rethrow=0 return_oop=0}
                      ; - org.glassfish.jersey.message.internal.WriterInterceptorExecutor$TerminalWriterInterceptor::invokeWriteTo@22 (line 239)
                      ;   {runtime_call throw_incompatible_class_change_error Runtime1 stub}
  0x000000010f441fd8: 6ade cb97 

  0x000000010f441fdc: ; ImmutableOopMap {c_rarg2=Oop r12=Oop r13=Oop c_rarg0=Oop }
                      ;*invokeinterface getOutputStream {reexecute=0 rethrow=0 return_oop=0}
                      ; - org.glassfish.jersey.message.internal.WriterInterceptorExecutor$TerminalWriterInterceptor::invokeWriteTo@22 (line 239)
                      ;   {runtime_call throw_null_pointer_exception Runtime1 stub}
  0x000000010f441fdc: a9d4 cb97 | 040c 40b9 | 84f0 7dd3 | 04e0 ffb4 | e403 00f9 

  0x000000010f441ff0: ;   {runtime_call g1_pre_barrier_slow}
  0x000000010f441ff0: 24eb cb97 | fdfe ff17 | 43e0 ffb4 | e003 00f9 

  0x000000010f442000: ;   {runtime_call g1_post_barrier_slow}
  0x000000010f442000: a0ec cb97 | fffe ff17 | 0310 40b9 | 63f0 7dd3 | e3df ffb4 | e303 00f9 

  0x000000010f442018: ;   {runtime_call g1_pre_barrier_slow}
  0x000000010f442018: 1aeb cb97 | fcfe ff17 | 2de0 ffb4 | e003 00f9 

  0x000000010f442028: ;   {runtime_call g1_post_barrier_slow}
  0x000000010f442028: 96ec cb97 | fefe ff17 

  0x000000010f442030: ; ImmutableOopMap {c_rarg2=Oop r12=Oop r13=Oop c_rarg0=Oop }
                      ;*invokeinterface getEntity {reexecute=0 rethrow=0 return_oop=0}
                      ; - org.glassfish.jersey.message.internal.WriterInterceptorExecutor$TerminalWriterInterceptor::invokeWriteTo@35 (line 242)
                      ;   {runtime_call throw_incompatible_class_change_error Runtime1 stub}
  0x000000010f442030: 54de cb97 

  0x000000010f442034: ; ImmutableOopMap {c_rarg2=Oop r12=Oop r13=Oop c_rarg0=Oop c_rarg3=Oop }
                      ;*invokeinterface getType {reexecute=0 rethrow=0 return_oop=0}
                      ; - org.glassfish.jersey.message.internal.WriterInterceptorExecutor$TerminalWriterInterceptor::invokeWriteTo@41 (line 242)
                      ;   {runtime_call throw_incompatible_class_change_error Runtime1 stub}
  0x000000010f442034: 53de cb97 

  0x000000010f442038: ; ImmutableOopMap {c_rarg2=Oop r12=Oop r13=Oop c_rarg0=Oop c_rarg3=Oop c_rarg4=Oop }
                      ;*invokeinterface getGenericType {reexecute=0 rethrow=0 return_oop=0}
                      ; - org.glassfish.jersey.message.internal.WriterInterceptorExecutor$TerminalWriterInterceptor::invokeWriteTo@47 (line 242)
                      ;   {runtime_call throw_incompatible_class_change_error Runtime1 stub}
  0x000000010f442038: 52de cb97 

  0x000000010f44203c: ; ImmutableOopMap {c_rarg2=Oop r12=Oop r13=Oop c_rarg0=Oop c_rarg3=Oop c_rarg4=Oop c_rarg5=Oop }
                      ;*invokeinterface getAnnotations {reexecute=0 rethrow=0 return_oop=0}
                      ; - org.glassfish.jersey.message.internal.WriterInterceptorExecutor$TerminalWriterInterceptor::invokeWriteTo@53 (line 242)
                      ;   {runtime_call throw_incompatible_class_change_error Runtime1 stub}
  0x000000010f44203c: 51de cb97 

  0x000000010f442040: ; ImmutableOopMap {c_rarg2=Oop r12=Oop r13=Oop c_rarg0=Oop c_rarg3=Oop c_rarg4=Oop c_rarg5=Oop c_rarg6=Oop }
                      ;*invokeinterface getMediaType {reexecute=0 rethrow=0 return_oop=0}
                      ; - org.glassfish.jersey.message.internal.WriterInterceptorExecutor$TerminalWriterInterceptor::invokeWriteTo@59 (line 243)
                      ;   {runtime_call throw_incompatible_class_change_error Runtime1 stub}
  0x000000010f442040: 50de cb97 

  0x000000010f442044: ; ImmutableOopMap {c_rarg2=Oop r12=Oop r13=Oop c_rarg0=Oop c_rarg3=Oop c_rarg4=Oop c_rarg5=Oop c_rarg6=Oop c_rarg7=Oop }
                      ;*invokeinterface getHeaders {reexecute=0 rethrow=0 return_oop=0}
                      ; - org.glassfish.jersey.message.internal.WriterInterceptorExecutor$TerminalWriterInterceptor::invokeWriteTo@65 (line 243)
                      ;   {runtime_call throw_incompatible_class_change_error Runtime1 stub}
  0x000000010f442044: 4fde cb97 

  0x000000010f442048: ; ImmutableOopMap {[120]=Oop [128]=Oop }
                      ;*anewarray {reexecute=0 rethrow=0 return_oop=0}
                      ; - org.glassfish.jersey.message.internal.WriterInterceptorExecutor$TerminalWriterInterceptor::invokeWriteTo@84 (line 245)
                      ;   {runtime_call new_object_array Runtime1 stub}
  0x000000010f442048: 0ed9 cb97 | 72ff ff17 

  0x000000010f442050: ; ImmutableOopMap {[128]=Oop c_rarg0=Oop c_rarg1=Oop }
                      ;*aastore {reexecute=1 rethrow=0 return_oop=0}
                      ; - (reexecute) org.glassfish.jersey.message.internal.WriterInterceptorExecutor$TerminalWriterInterceptor::invokeWriteTo@90 (line 245)
                      ;   {runtime_call throw_null_pointer_exception Runtime1 stub}
  0x000000010f442050: 8cd4 cb97 | e803 01aa 

  0x000000010f442058: ; ImmutableOopMap {[128]=Oop c_rarg0=Oop c_rarg1=Oop }
                      ;*aastore {reexecute=1 rethrow=0 return_oop=0}
                      ; - (reexecute) org.glassfish.jersey.message.internal.WriterInterceptorExecutor$TerminalWriterInterceptor::invokeWriteTo@90 (line 245)
                      ;   {runtime_call throw_array_store_exception Runtime1 stub}
  0x000000010f442058: cadc cb97 | 0300 40b9 | 63f0 7dd3 | 63f0 ffb4 | e303 00f9 

  0x000000010f44206c: ;   {runtime_call g1_pre_barrier_slow}
  0x000000010f44206c: 05eb cb97 | 80ff ff17 | a1f0 ffb4 | e003 00f9 

  0x000000010f44207c: ;   {runtime_call g1_post_barrier_slow}
  0x000000010f44207c: 81ec cb97 | 82ff ff17 

  0x000000010f442084: ;   {internal_word}
  0x000000010f442084: 68f0 ff10 | 88b3 01f9 

  0x000000010f44208c: ;   {runtime_call SafepointBlob}
  0x000000010f44208c: 5d34 c917 

  0x000000010f442090: ; ImmutableOopMap {c_rarg1=Oop r12=Oop c_rarg2=Oop }
                      ;*anewarray {reexecute=0 rethrow=0 return_oop=0}
                      ; - org.glassfish.jersey.message.internal.WriterInterceptorExecutor$TerminalWriterInterceptor::invokeWriteTo@106 (line 245)
                      ;   {runtime_call new_object_array Runtime1 stub}
  0x000000010f442090: fcd8 cb97 | aeff ff17 

  0x000000010f442098: ; ImmutableOopMap {c_rarg1=Oop r12=Oop c_rarg2=Oop c_rarg0=Oop }
                      ;*aastore {reexecute=1 rethrow=0 return_oop=0}
                      ; - (reexecute) org.glassfish.jersey.message.internal.WriterInterceptorExecutor$TerminalWriterInterceptor::invokeWriteTo@112 (line 245)
                      ;   {runtime_call throw_null_pointer_exception Runtime1 stub}
  0x000000010f442098: 7ad4 cb97 | e803 01aa 

  0x000000010f4420a0: ; ImmutableOopMap {c_rarg1=Oop r12=Oop c_rarg2=Oop c_rarg0=Oop }
                      ;*aastore {reexecute=1 rethrow=0 return_oop=0}
                      ; - (reexecute) org.glassfish.jersey.message.internal.WriterInterceptorExecutor$TerminalWriterInterceptor::invokeWriteTo@112 (line 245)
                      ;   {runtime_call throw_array_store_exception Runtime1 stub}
  0x000000010f4420a0: b8dc cb97 | 0300 40b9 | 63f0 7dd3 | c3f7 ffb4 | e303 00f9 

  0x000000010f4420b4: ;   {runtime_call g1_pre_barrier_slow}
  0x000000010f4420b4: f3ea cb97 | bbff ff17 | 01f8 ffb4 | e003 00f9 

  0x000000010f4420c4: ;   {runtime_call g1_post_barrier_slow}
  0x000000010f4420c4: 6fec cb97 | bdff ff17 

  0x000000010f4420cc: ; ImmutableOopMap {c_rarg2=Oop }
                      ;*invokevirtual logDuration {reexecute=0 rethrow=0 return_oop=0}
                      ; - org.glassfish.jersey.message.internal.WriterInterceptorExecutor$TerminalWriterInterceptor::invokeWriteTo@113 (line 245)
                      ;   {runtime_call throw_null_pointer_exception Runtime1 stub}
  0x000000010f4420cc: 6dd4 cb97 | e1b3 47a9 | 73ff ff17 | e103 0daa | 71ff ff17 | e103 0daa | 6fff ff17 | e103 0daa 
  0x000000010f4420ec: 6dff ff17 | e103 0daa | 6bff ff17 | e103 0daa | 69ff ff17 | e103 0daa | 67ff ff17 | 1f20 03d5 
  0x000000010f44210c: 1f20 03d5 | 80ef 41f9 | 9fef 01f9 | 9ff3 01f9 | fd7b 49a9 | ff83 0291 

  0x000000010f442124: ;   {runtime_call unwind_exception Runtime1 stub}
  0x000000010f442124: 97d0 cb17 | 0000 0000 | 0000 0000 | 0000 0000 | 0000 0000 | 0000 0000 | 0000 0000 
[Stub Code]
  0x000000010f442140: ;   {no_reloc}
  0x000000010f442140: df3f 03d5 

  0x000000010f442144: ;   {metadata(NULL)}
  0x000000010f442144: 0c00 80d2 | 0c00 a0f2 | 0c00 c0f2 | 0800 80d2 | 0800 a0f2 | 0800 c0f2 | 0001 1fd6 
[Exception Handler]
  0x000000010f442160: ;   {runtime_call handle_exception_from_callee Runtime1 stub}
  0x000000010f442160: c8db cb97 | c1d5 bbd4 | 645f 5b06 | 0100 0000 
[Deopt Handler Code]
  0x000000010f442170: 1e00 0010 

  0x000000010f442174: ;   {runtime_call DeoptimizationBlob}
  0x000000010f442174: f334 c917 
[/MachCode]


Compiled method (c1) 8647665 8388   !   1       org.glassfish.jersey.message.internal.WriterInterceptorExecutor$TerminalWriterInterceptor::aroundWriteTo (274 bytes)
 total in heap  [0x000000010f43fa90,0x000000010f441888] = 7672
 relocation     [0x000000010f43fbe8,0x000000010f43fd90] = 424
 main code      [0x000000010f43fdc0,0x000000010f440a00] = 3136
 stub code      [0x000000010f440a00,0x000000010f440b98] = 408
 oops           [0x000000010f440b98,0x000000010f440bd8] = 64
 metadata       [0x000000010f440bd8,0x000000010f440d20] = 328
 scopes data    [0x000000010f440d20,0x000000010f440f80] = 608
 scopes pcs     [0x000000010f440f80,0x000000010f441320] = 928
 dependencies   [0x000000010f441320,0x000000010f441360] = 64
 handler table  [0x000000010f441360,0x000000010f4417e0] = 1152
 nul chk table  [0x000000010f4417e0,0x000000010f441888] = 168

[Constant Pool (empty)]

[MachCode]
[Entry Point]
  # {method} {0x000000013af1d2e0} 'aroundWriteTo' '(Ljakarta/ws/rs/ext/WriterInterceptorContext;)V' in 'org/glassfish/jersey/message/internal/WriterInterceptorExecutor$TerminalWriterInterceptor'
  # this:     c_rarg1:c_rarg1 
                        = 'org/glassfish/jersey/message/internal/WriterInterceptorExecutor$TerminalWriterInterceptor'
  # parm0:    c_rarg2:c_rarg2 
                        = 'jakarta/ws/rs/ext/WriterInterceptorContext'
  #           [sp+0x120]  (sp of caller)
  0x000000010f43fdc0: 2808 40b9 | 3f01 086b | c001 0054 

  0x000000010f43fdcc: ;   {runtime_call ic_miss_stub}
  0x000000010f43fdcc: 8d23 c917 | 1f20 03d5 | 1f20 03d5 | 1f20 03d5 | 1f20 03d5 | 1f20 03d5 | 1f20 03d5 | 1f20 03d5 
  0x000000010f43fdec: 1f20 03d5 | 1f20 03d5 | 1f20 03d5 | 1f20 03d5 | 1f20 03d5 
[Verified Entry Point]
  0x000000010f43fe00: 1f20 03d5 | e953 40d1 | 3f01 00f9 | ff83 04d1 | fd7b 11a9 | e10b 0da9 | 2010 40b9 | 00f0 7dd3 
  0x000000010f43fe20: ; implicit exception: dispatches to 0x000000010f44079c
  0x000000010f43fe20: 0328 40b9 | 6304 0051 | 0328 00b9 | e203 1faa 

  0x000000010f43fe30: ;   {oop(a 'org/glassfish/jersey/message/internal/MsgTraceEvent'{0x0000000782848530})}
  0x000000010f43fe30: 03a6 90d2 | 8350 b0f2 | e300 c0f2 | e103 00aa 

  0x000000010f43fe40: ; ImmutableOopMap {[208]=Oop [216]=Oop }
                      ;*invokevirtual traceBefore {reexecute=0 rethrow=0 return_oop=0}
                      ; - org.glassfish.jersey.message.internal.WriterInterceptorExecutor$TerminalWriterInterceptor::aroundWriteTo@21 (line 207)
                      ;   {optimized virtual_call}
  0x000000010f43fe40: 60de f697 | e16b 40f9 | 2610 40b9 | c6f0 7dd3 

  0x000000010f43fe50: ; implicit exception: dispatches to 0x000000010f4407a0
  0x000000010f43fe50: c220 40b9 | 42f0 7dd3 

  0x000000010f43fe58: ; implicit exception: dispatches to 0x000000010f4407a4
  0x000000010f43fe58: 5f00 40f9 | 200c 40b9 | 00f0 7dd3 | e26f 40f9 | 2201 00b4 

  0x000000010f43fe6c: ;   {metadata('org/glassfish/jersey/message/internal/WriterInterceptorExecutor')}
  0x000000010f43fe6c: 051f 8dd2 | 4530 a0f2 | 0515 c0f2 | 4808 40b9 | 0815 c0f2 | 1f01 05eb | 2149 0054 | 0100 0014 
  0x000000010f43fe8c: e303 02aa 

  0x000000010f43fe90: ; implicit exception: dispatches to 0x000000010f4407ac
  0x000000010f43fe90: 4314 40b9 | 63f0 7dd3 | 2201 00b4 

  0x000000010f43fe9c: ;   {metadata('org/glassfish/jersey/message/internal/WriterInterceptorExecutor')}
  0x000000010f43fe9c: 071f 8dd2 | 4730 a0f2 | 0715 c0f2 | 4808 40b9 | 0815 c0f2 | 1f01 07eb | e147 0054 | 0100 0014 
  0x000000010f43febc: e403 02aa | 4418 40b9 | 84f0 7dd3 | 2201 00b4 

  0x000000010f43fecc: ;   {metadata('org/glassfish/jersey/message/internal/WriterInterceptorExecutor')}
  0x000000010f43fecc: 0a1f 8dd2 | 4a30 a0f2 | 0a15 c0f2 | 4808 40b9 | 0815 c0f2 | 1f01 0aeb | 8146 0054 | 0100 0014 
  0x000000010f43feec: e503 02aa | 4510 40b9 | a5f0 7dd3 | 2201 00b4 

  0x000000010f43fefc: ;   {metadata('org/glassfish/jersey/message/internal/WriterInterceptorExecutor')}
  0x000000010f43fefc: 0b1f 8dd2 | 4b30 a0f2 | 0b15 c0f2 | 4808 40b9 | 0815 c0f2 | 1f01 0beb | 2145 0054 | 0100 0014 
  0x000000010f43ff1c: e703 02aa | 471c 40b9 | e7f0 7dd3 | 4001 00b4 

  0x000000010f43ff2c: ;   {metadata('org/glassfish/jersey/message/internal/MessageBodyFactory')}
  0x000000010f43ff2c: 0cab 9bd2 | cc2a a0f2 | 0c15 c0f2 | 0d08 40b9 | 0d15 c0f2 | a81d 40f9 | 9f01 08eb | a143 0054 
  0x000000010f43ff4c: 0100 0014 | ea03 00aa 

  0x000000010f43ff54: ; implicit exception: dispatches to 0x000000010f4407c0
  0x000000010f43ff54: 1f00 40f9 | e203 03aa | e303 04aa | e403 05aa | e503 07aa | e103 00aa 

  0x000000010f43ff6c: ; ImmutableOopMap {[208]=Oop [216]=Oop }
                      ;*invokeinterface getMessageBodyWriter {reexecute=0 rethrow=0 return_oop=0}
                      ; - org.glassfish.jersey.message.internal.WriterInterceptorExecutor$TerminalWriterInterceptor::aroundWriteTo@154 (line 218)
                      ;   {optimized virtual_call}
  0x000000010f43ff6c: 152c 0094 | e303 1faa | 1f00 03eb | c11b 0054 | e26f 40f9 | 2201 00b4 

  0x000000010f43ff84: ;   {metadata('org/glassfish/jersey/message/internal/WriterInterceptorExecutor')}
  0x000000010f43ff84: 051f 8dd2 | 4530 a0f2 | 0515 c0f2 | 4808 40b9 | 0815 c0f2 | 1f01 05eb | 4141 0054 | 0100 0014 
  0x000000010f43ffa4: e303 02aa | 441c 40b9 | 84f0 7dd3 | 2201 00b4 

  0x000000010f43ffb4: ;   {metadata('org/glassfish/jersey/message/internal/WriterInterceptorExecutor')}
  0x000000010f43ffb4: 051f 8dd2 | 4530 a0f2 | 0515 c0f2 | 4808 40b9 | 0815 c0f2 | 1f01 05eb | e13f 0054 | 0100 0014 
  0x000000010f43ffd4: e303 02aa | 4114 40b9 | 21f0 7dd3 | 2201 00b4 

  0x000000010f43ffe4: ;   {metadata('org/glassfish/jersey/message/internal/WriterInterceptorExecutor')}
  0x000000010f43ffe4: 051f 8dd2 | 4530 a0f2 | 0515 c0f2 | 4808 40b9 | 0815 c0f2 | 1f01 05eb | 813e 0054 | 0100 0014 
  0x000000010f440004: e303 02aa | 4618 40b9 | c6f0 7dd3 | f307 0032 

  0x000000010f440014: ;   {metadata('java/lang/Object'[])}
  0x000000010f440014: 03aa 82d2 | 0300 a0f2 | 0315 c0f2 | 737e 40d3 | e503 13aa | e85f 40b2 | 7f02 08eb | 023d 0054 
  0x000000010f440034: eb02 80d2 | 6b49 338b | 6bf1 7d92 | 8087 40f9 | 0b60 2b8b | 888f 40f9 | 7f01 08eb | 083c 0054 
  0x000000010f440054: 8b87 00f9 | 6b01 00cb | ea03 40b2 | 0a00 00f9 | ea03 032a | 0a4c 0129 | 6b41 00f1 | c001 0054 
  0x000000010f440074: e803 0baa | 0a40 0091 | 0bfd 43d3 | 6821 00f1 | 4300 0054 

  0x000000010f440088: ;   {runtime_call StubRoutines (2)}
  0x000000010f440088: 8ecd c897 | 6b00 1036 | 5f7d 81a8 | 5f7d 81a8 | 4b00 0836 | 5f7d 81a8 | 4b00 0036 | 5f01 00f9 
  0x000000010f4400a8: bf3a 03d5 | e503 00aa | 4402 00b4 

  0x000000010f4400b4: ; implicit exception: dispatches to 0x000000010f4407d8
  0x000000010f4400b4: a308 40b9 | 0315 c0f2 | 8008 40b9 | 0015 c0f2 | 6370 40f9 | 1f00 03eb | 6001 0054 | 6a14 40b9 
  0x000000010f4400d4: 0868 6af8 | 7f00 08eb | e000 0054 | 5f81 00f1 | c137 0054 | e00f bfa9 

  0x000000010f4400ec: ;   {runtime_call slow_subtype_check Runtime1 stub}
  0x000000010f4400ec: e5e6 cb97 | e303 c1a8 | 4337 0034 | a340 0091 | 80e3 4039 | 1f00 0071 | 0137 0054 | 88fc 43d3 
  0x000000010f44010c: 6800 00b9 | 6000 04ca | 00fc 54d3 | 1f00 00f1 | 0137 0054 | 4102 00b4 

  0x000000010f440124: ; implicit exception: dispatches to 0x000000010f44080c
  0x000000010f440124: a308 40b9 | 0315 c0f2 | 2008 40b9 | 0015 c0f2 | 6370 40f9 | 1f00 03eb | 6001 0054 | 6414 40b9 
  0x000000010f440144: 0868 64f8 | 7f00 08eb | e000 0054 | 9f80 00f1 | e135 0054 | e00f bfa9 

  0x000000010f44015c: ;   {runtime_call slow_subtype_check Runtime1 stub}
  0x000000010f44015c: c9e6 cb97 | e303 c1a8 | 6335 0034 | a350 0091 | 80e3 4039 | 1f00 0071 | 2135 0054 | 28fc 43d3 
  0x000000010f44017c: 6800 00b9 | 6000 01ca | 00fc 54d3 | 1f00 00f1 | 2135 0054 | 4602 00b4 

  0x000000010f440194: ; implicit exception: dispatches to 0x000000010f440840
  0x000000010f440194: a308 40b9 | 0315 c0f2 | c008 40b9 | 0015 c0f2 | 6370 40f9 | 1f00 03eb | 6001 0054 | 6414 40b9 
  0x000000010f4401b4: 0868 64f8 | 7f00 08eb | e000 0054 | 9f80 00f1 | 0134 0054 | e00f bfa9 

  0x000000010f4401cc: ;   {runtime_call slow_subtype_check Runtime1 stub}
  0x000000010f4401cc: ade6 cb97 | e303 c1a8 | 8333 0034 | a360 0091 | 80e3 4039 | 1f00 0071 | 4133 0054 | c8fc 43d3 
  0x000000010f4401ec: 6800 00b9 | 6000 06ca | 00fc 54d3 | 1f00 00f1 | 4133 0054 

  0x000000010f440200: ;   {metadata('org/glassfish/jersey/internal/l10n/LocalizableMessage')}
  0x000000010f440200: 03ad 98d2 | 832a a0f2 | 0315 c0f2 | 8087 40f9 | 0b80 0091 | 888f 40f9 | 7f01 08eb | c832 0054 
  0x000000010f440220: 8b87 00f9 | ea03 40b2 | 0a00 00f9 | ea03 032a | 0a7c 0129 | 0a40 0091 | 5f7d 00a9 | bf3a 03d5 
  0x000000010f440240: ;   {oop(a 'org/glassfish/jersey/internal/l10n/LocalizableMessageFactory'{0x000000078192ec50})}
  0x000000010f440240: 038a 9dd2 | 4332 b0f2 | e300 c0f2 

  0x000000010f44024c: ; implicit exception: dispatches to 0x000000010f44087c
  0x000000010f44024c: 640c 40b9 | 84f0 7dd3 | 6310 40b9 | 63f0 7dd3 

  0x000000010f44025c: ;   {oop("error.notfound.messagebodywriter"{0x00000007807ab9d0})}
  0x000000010f44025c: 013a 97d2 | 410f b0f2 | e100 c0f2 | e203 04aa | e403 01aa | e103 00aa | e073 00f9 

  0x000000010f440278: ; ImmutableOopMap {[208]=Oop [216]=Oop [224]=Oop }
                      ;*invokespecial <init> {reexecute=0 rethrow=0 return_oop=0}
                      ; - org.glassfish.jersey.internal.l10n.LocalizableMessageFactory::getMessage@14 (line 42)
                      ; - org.glassfish.jersey.internal.LocalizationMessages::localizableERROR_NOTFOUND_MESSAGEBODYWRITER@22 (line 998)
                      ; - org.glassfish.jersey.internal.LocalizationMessages::ERROR_NOTFOUND_MESSAGEBODYWRITER@6 (line 1006)
                      ; - org.glassfish.jersey.message.internal.WriterInterceptorExecutor$TerminalWriterInterceptor::aroundWriteTo@188 (line 222)
                      ;   {optimized virtual_call}
  0x000000010f440278: 2223 c997 

  0x000000010f44027c: ;   {oop(a 'org/glassfish/jersey/internal/l10n/Localizer'{0x0000000781913f10})}
  0x000000010f44027c: 01e2 87d2 | 2132 b0f2 | e100 c0f2 | e273 40f9 

  0x000000010f44028c: ; ImmutableOopMap {[208]=Oop [216]=Oop }
                      ;*invokevirtual localize {reexecute=0 rethrow=0 return_oop=0}
                      ; - org.glassfish.jersey.internal.LocalizationMessages::ERROR_NOTFOUND_MESSAGEBODYWRITER@9 (line 1006)
                      ; - org.glassfish.jersey.message.internal.WriterInterceptorExecutor$TerminalWriterInterceptor::aroundWriteTo@188 (line 222)
                      ;   {optimized virtual_call}
  0x000000010f44028c: 1d23 c997 | e103 00aa 

  0x000000010f440294: ;   {oop(a 'java/util/logging/Logger'{0x00000007827fc7a8})}
  0x000000010f440294: 02f5 98d2 | e24f b0f2 | e200 c0f2 

  0x000000010f4402a0: ; implicit exception: dispatches to 0x000000010f440880
  0x000000010f4402a0: 4210 40b9 | 42f0 7dd3 | bf39 03d5 

  0x000000010f4402ac: ; implicit exception: dispatches to 0x000000010f440884
  0x000000010f4402ac: 420c 40b9 | bf39 03d5 

  0x000000010f4402b4: ;   {oop(a 'java/util/logging/Level'{0x000000078011cdd0})}
  0x000000010f4402b4: 03ba 99d2 | 2302 b0f2 | e300 c0f2 

  0x000000010f4402c0: ; implicit exception: dispatches to 0x000000010f440888
  0x000000010f4402c0: 630c 40b9 | 7f00 026b | 8b00 0054 | e37b 0032 | 5f00 036b | 6100 0054 | 0200 a052 | 0200 0014 
  0x000000010f4402e0: e203 0032 | 5f00 0071 | 4103 0054 | 3800 0014 | e10b 4da9 | e303 00aa | e003 01aa | e103 00aa 
  0x000000010f440300: ; ImmutableOopMap {[208]=Oop }
                      ;*invokevirtual invokeWriteTo {reexecute=0 rethrow=0 return_oop=0}
                      ; - org.glassfish.jersey.message.internal.WriterInterceptorExecutor$TerminalWriterInterceptor::aroundWriteTo@226 (line 227)
                      ;   {optimized virtual_call}
  0x000000010f440300: 1006 0094 | e16b 40f9 | 2010 40b9 | 00f0 7dd3 | 82e3 4039 | 5f00 0071 | a12b 0054 

  0x000000010f44031c: ; implicit exception: dispatches to 0x000000010f4408a4
  0x000000010f44031c: 1f24 00b9 | e203 1faa 

  0x000000010f440324: ;   {oop(a 'org/glassfish/jersey/message/internal/MsgTraceEvent'{0x0000000782848510})}
  0x000000010f440324: 03a2 90d2 | 8350 b0f2 | e300 c0f2 | e103 00aa 

  0x000000010f440334: ; ImmutableOopMap {[208]=Oop }
                      ;*invokevirtual traceAfter {reexecute=0 rethrow=0 return_oop=0}
                      ; - org.glassfish.jersey.message.internal.WriterInterceptorExecutor$TerminalWriterInterceptor::aroundWriteTo@244 (line 230)
                      ;   {optimized virtual_call}
  0x000000010f440334: 033e f597 | fd7b 51a9 | ff83 0491 

  0x000000010f440340: ;   {poll_return}
  0x000000010f440340: 88a7 41f9 | ff63 28eb | 082b 0054 | c003 5fd6 

  0x000000010f440350: ;   {metadata('java/util/logging/LogRecord')}
  0x000000010f440350: 0353 8ad2 | e325 a0f2 | 0315 c0f2 | 8087 40f9 | 0b40 0191 | 888f 40f9 | 7f01 08eb | 482a 0054 
  0x000000010f440370: 8b87 00f9 | ea03 40b2 | 0a00 00f9 | ea03 032a | 0a7c 0129 | 0a40 0091 | 5f7d 00a9 | 5f7d 01a9 
  0x000000010f440390: 5f7d 02a9 | 5f7d 03a9 | bf3a 03d5 

  0x000000010f44039c: ;   {oop(a 'java/util/logging/Level'{0x000000078011cdd0})}
  0x000000010f44039c: 02ba 99d2 | 2202 b0f2 | e200 c0f2 | e303 01aa | e103 00aa | e077 00f9 

  0x000000010f4403b4: ; ImmutableOopMap {[208]=Oop [216]=Oop [232]=Oop }
                      ;*invokespecial <init> {reexecute=0 rethrow=0 return_oop=0}
                      ; - java.util.logging.Logger::log@15 (line 1029)
                      ; - org.glassfish.jersey.message.internal.WriterInterceptorExecutor$TerminalWriterInterceptor::aroundWriteTo@191 (line 222)
                      ;   {optimized virtual_call}
  0x000000010f4403b4: d322 c997 

  0x000000010f4403b8: ;   {oop(a 'java/util/logging/Logger'{0x00000007827fc7a8})}
  0x000000010f4403b8: 01f5 98d2 | e14f b0f2 | e100 c0f2 | e277 40f9 

  0x000000010f4403c8: ; ImmutableOopMap {[208]=Oop [216]=Oop }
                      ;*invokevirtual doLog {reexecute=0 rethrow=0 return_oop=0}
                      ; - java.util.logging.Logger::log@21 (line 1030)
                      ; - org.glassfish.jersey.message.internal.WriterInterceptorExecutor$TerminalWriterInterceptor::aroundWriteTo@191 (line 222)
                      ;   {optimized virtual_call}
  0x000000010f4403c8: ce22 c997 | e26f 40f9 

  0x000000010f4403d0: ;   {metadata('org/glassfish/jersey/message/internal/MessageBodyProviderNotFoundException')}
  0x000000010f4403d0: 031d 8dd2 | 432c a0f2 | 0315 c0f2 | 68ec 4439 | 1f11 0071 

  0x000000010f4403e4: ; implicit exception: dispatches to 0x000000010f4408bc
  0x000000010f4403e4: e126 0054 | 8087 40f9 | 0ba0 0091 | 888f 40f9 | 7f01 08eb | 4826 0054 | 8b87 00f9 | ea03 40b2 
  0x000000010f440404: 0a00 00f9 | ea03 032a | 0a7c 0129 | 0a40 0091 | 5f01 00f9 | 5ffd 00a9 | bf3a 03d5 | 2201 00b4 
  0x000000010f440424: ;   {metadata('org/glassfish/jersey/message/internal/WriterInterceptorExecutor')}
  0x000000010f440424: 0a1f 8dd2 | 4a30 a0f2 | 0a15 c0f2 | 4808 40b9 | 0815 c0f2 | 1f01 0aeb | 6124 0054 | 0100 0014 
  0x000000010f440444: e303 02aa | 441c 40b9 | 84f0 7dd3 | 2201 00b4 

  0x000000010f440454: ;   {metadata('org/glassfish/jersey/message/internal/WriterInterceptorExecutor')}
  0x000000010f440454: 0a1f 8dd2 | 4a30 a0f2 | 0a15 c0f2 | 4808 40b9 | 0815 c0f2 | 1f01 0aeb | 0123 0054 | 0100 0014 
  0x000000010f440474: e303 02aa | 4114 40b9 | 21f0 7dd3 | 2201 00b4 

  0x000000010f440484: ;   {metadata('org/glassfish/jersey/message/internal/WriterInterceptorExecutor')}
  0x000000010f440484: 0a1f 8dd2 | 4a30 a0f2 | 0a15 c0f2 | 4808 40b9 | 0815 c0f2 | 1f01 0aeb | a121 0054 | 0100 0014 
  0x000000010f4404a4: e303 02aa | 4218 40b9 | 42f0 7dd3 | f307 0032 

  0x000000010f4404b4: ;   {metadata('java/lang/Object'[])}
  0x000000010f4404b4: 03aa 82d2 | 0300 a0f2 | 0315 c0f2 | e07f 00f9 | 737e 40d3 | e503 13aa | e85f 40b2 | 7f02 08eb 
  0x000000010f4404d4: 0220 0054 | eb02 80d2 | 6b49 338b | 6bf1 7d92 | 8087 40f9 | 0b60 2b8b | 888f 40f9 | 7f01 08eb 
  0x000000010f4404f4: 081f 0054 | 8b87 00f9 | 6b01 00cb | ea03 40b2 | 0a00 00f9 | ea03 032a | 0a4c 0129 | 6b41 00f1 
  0x000000010f440514: c001 0054 | e803 0baa | 0a40 0091 | 0bfd 43d3 | 6821 00f1 | 4300 0054 

  0x000000010f44052c: ;   {runtime_call StubRoutines (2)}
  0x000000010f44052c: 65cc c897 | 6b00 1036 | 5f7d 81a8 | 5f7d 81a8 | 4b00 0836 | 5f7d 81a8 | 4b00 0036 | 5f01 00f9 
  0x000000010f44054c: bf3a 03d5 | e503 00aa | 4402 00b4 

  0x000000010f440558: ; implicit exception: dispatches to 0x000000010f4408dc
  0x000000010f440558: a308 40b9 | 0315 c0f2 | 8008 40b9 | 0015 c0f2 | 6370 40f9 | 1f00 03eb | 6001 0054 | 6a14 40b9 
  0x000000010f440578: 0868 6af8 | 7f00 08eb | e000 0054 | 5f81 00f1 | c11a 0054 | e00f bfa9 

  0x000000010f440590: ;   {runtime_call slow_subtype_check Runtime1 stub}
  0x000000010f440590: bce5 cb97 | e303 c1a8 | 431a 0034 | a340 0091 | 80e3 4039 | 1f00 0071 | 011a 0054 | 88fc 43d3 
  0x000000010f4405b0: 6800 00b9 | 6000 04ca | 00fc 54d3 | 1f00 00f1 | 011a 0054 | 4102 00b4 

  0x000000010f4405c8: ; implicit exception: dispatches to 0x000000010f440910
  0x000000010f4405c8: a308 40b9 | 0315 c0f2 | 2008 40b9 | 0015 c0f2 | 6370 40f9 | 1f00 03eb | 6001 0054 | 6414 40b9 
  0x000000010f4405e8: 0868 64f8 | 7f00 08eb | e000 0054 | 9f80 00f1 | e118 0054 | e00f bfa9 

  0x000000010f440600: ;   {runtime_call slow_subtype_check Runtime1 stub}
  0x000000010f440600: a0e5 cb97 | e303 c1a8 | 6318 0034 | a350 0091 | 80e3 4039 | 1f00 0071 | 2118 0054 | 28fc 43d3 
  0x000000010f440620: 6800 00b9 | 6000 01ca | 00fc 54d3 | 1f00 00f1 | 2118 0054 | 4202 00b4 

  0x000000010f440638: ; implicit exception: dispatches to 0x000000010f440944
  0x000000010f440638: a308 40b9 | 0315 c0f2 | 4008 40b9 | 0015 c0f2 | 6370 40f9 | 1f00 03eb | 6001 0054 | 6414 40b9 
  0x000000010f440658: 0868 64f8 | 7f00 08eb | e000 0054 | 9f80 00f1 | 0117 0054 | e00f bfa9 

  0x000000010f440670: ;   {runtime_call slow_subtype_check Runtime1 stub}
  0x000000010f440670: 84e5 cb97 | e303 c1a8 | 8316 0034 | a360 0091 | 80e3 4039 | 1f00 0071 | 4116 0054 | 48fc 43d3 
  0x000000010f440690: 6800 00b9 | 6000 02ca | 00fc 54d3 | 1f00 00f1 | 4116 0054 

  0x000000010f4406a4: ;   {metadata('org/glassfish/jersey/internal/l10n/LocalizableMessage')}
  0x000000010f4406a4: 03ad 98d2 | 832a a0f2 | 0315 c0f2 | 8087 40f9 | 0b80 0091 | 888f 40f9 | 7f01 08eb | c815 0054 
  0x000000010f4406c4: 8b87 00f9 | ea03 40b2 | 0a00 00f9 | ea03 032a | 0a7c 0129 | 0a40 0091 | 5f7d 00a9 | bf3a 03d5 
  0x000000010f4406e4: ;   {oop(a 'org/glassfish/jersey/internal/l10n/LocalizableMessageFactory'{0x000000078192ec50})}
  0x000000010f4406e4: 028a 9dd2 | 4232 b0f2 | e200 c0f2 | 430c 40b9 | 63f0 7dd3 | 4410 40b9 | 84f0 7dd3 

  0x000000010f440700: ;   {oop("error.notfound.messagebodywriter"{0x00000007807ab9d0})}
  0x000000010f440700: 013a 97d2 | 410f b0f2 | e100 c0f2 | e203 03aa | e303 04aa | e403 01aa | e103 00aa | e07b 00f9 
  0x000000010f440720: ; ImmutableOopMap {[208]=Oop [240]=Oop [248]=Oop }
                      ;*invokespecial <init> {reexecute=0 rethrow=0 return_oop=0}
                      ; - org.glassfish.jersey.internal.l10n.LocalizableMessageFactory::getMessage@14 (line 42)
                      ; - org.glassfish.jersey.internal.LocalizationMessages::localizableERROR_NOTFOUND_MESSAGEBODYWRITER@22 (line 998)
                      ; - org.glassfish.jersey.internal.LocalizationMessages::ERROR_NOTFOUND_MESSAGEBODYWRITER@6 (line 1006)
                      ; - org.glassfish.jersey.message.internal.WriterInterceptorExecutor$TerminalWriterInterceptor::aroundWriteTo@216 (line 224)
                      ;   {optimized virtual_call}
  0x000000010f440720: f821 c997 

  0x000000010f440724: ;   {oop(a 'org/glassfish/jersey/internal/l10n/Localizer'{0x0000000781913f10})}
  0x000000010f440724: 01e2 87d2 | 2132 b0f2 | e100 c0f2 | e27b 40f9 

  0x000000010f440734: ; ImmutableOopMap {[208]=Oop [248]=Oop }
                      ;*invokevirtual localize {reexecute=0 rethrow=0 return_oop=0}
                      ; - org.glassfish.jersey.internal.LocalizationMessages::ERROR_NOTFOUND_MESSAGEBODYWRITER@9 (line 1006)
                      ; - org.glassfish.jersey.message.internal.WriterInterceptorExecutor$TerminalWriterInterceptor::aroundWriteTo@216 (line 224)
                      ;   {optimized virtual_call}
  0x000000010f440734: f321 c997 | e203 00aa | e17f 40f9 

  0x000000010f440740: ; ImmutableOopMap {[208]=Oop [248]=Oop }
                      ;*invokespecial <init> {reexecute=0 rethrow=0 return_oop=0}
                      ; - org.glassfish.jersey.message.internal.WriterInterceptorExecutor$TerminalWriterInterceptor::aroundWriteTo@219 (line 224)
                      ;   {optimized virtual_call}
  0x000000010f440740: f021 c997 

  0x000000010f440744: ; ImmutableOopMap {[208]=Oop c_rarg0=Oop }
                      ;*athrow {reexecute=1 rethrow=0 return_oop=0}
                      ; - (reexecute) org.glassfish.jersey.message.internal.WriterInterceptorExecutor$TerminalWriterInterceptor::aroundWriteTo@222 (line 224)
  0x000000010f440744: e07f 40f9 

  0x000000010f440748: ;   {section_word}
  0x000000010f440748: 0300 0010 

  0x000000010f44074c: ;   {runtime_call handle_exception_nofpu Runtime1 stub}
  0x000000010f44074c: cde0 cb97 | 1f20 03d5 | e16b 40f9 | 80ef 41f9 | 9fef 01f9 | 9ff3 01f9 | 2110 40b9 | 21f0 7dd3 
  0x000000010f44076c: 82e3 4039 | 5f00 0071 | 6110 0054 

  0x000000010f440778: ; implicit exception: dispatches to 0x000000010f440998
  0x000000010f440778: 3f24 00b9 | e203 1faa 

  0x000000010f440780: ;   {oop(a 'org/glassfish/jersey/message/internal/MsgTraceEvent'{0x0000000782848510})}
  0x000000010f440780: 03a2 90d2 | 8350 b0f2 | e300 c0f2 | e083 00f9 

  0x000000010f440790: ; ImmutableOopMap {[256]=Oop }
                      ;*invokevirtual traceAfter {reexecute=0 rethrow=0 return_oop=0}
                      ; - org.glassfish.jersey.message.internal.WriterInterceptorExecutor$TerminalWriterInterceptor::aroundWriteTo@267 (line 230)
                      ;   {optimized virtual_call}
  0x000000010f440790: dc21 c997 | e083 40f9 | 8800 0014 

  0x000000010f44079c: ; ImmutableOopMap {c_rarg1=Oop [208]=Oop [216]=Oop c_rarg0=Oop }
                      ;*getfield processedCount {reexecute=1 rethrow=0 return_oop=0}
                      ; - (reexecute) org.glassfish.jersey.message.internal.WriterInterceptorExecutor$TerminalWriterInterceptor::aroundWriteTo@5 (line 205)
                      ;   {runtime_call throw_null_pointer_exception Runtime1 stub}
  0x000000010f44079c: b9da cb97 

  0x000000010f4407a0: ; ImmutableOopMap {[216]=Oop c_rarg1=Oop [208]=Oop c_rarg6=Oop }
                      ;*invokevirtual getTracingLogger {reexecute=0 rethrow=0 return_oop=0}
                      ; - org.glassfish.jersey.message.internal.WriterInterceptorExecutor$TerminalWriterInterceptor::aroundWriteTo@28 (line 209)
                      ;   {runtime_call throw_null_pointer_exception Runtime1 stub}
  0x000000010f4407a0: b8da cb97 

  0x000000010f4407a4: ; ImmutableOopMap {[216]=Oop c_rarg1=Oop [208]=Oop c_rarg6=Oop c_rarg2=Oop }
                      ;*invokevirtual isLogEnabled {reexecute=0 rethrow=0 return_oop=0}
                      ; - org.glassfish.jersey.message.internal.WriterInterceptorExecutor$TerminalWriterInterceptor::aroundWriteTo@36 (line 210)
                      ;   {runtime_call throw_null_pointer_exception Runtime1 stub}
  0x000000010f4407a4: b7da cb97 

  0x000000010f4407a8: ; ImmutableOopMap {c_rarg1=Oop [208]=Oop c_rarg6=Oop c_rarg0=Oop c_rarg2=Oop [216]=Oop }
                      ;*invokeinterface getType {reexecute=0 rethrow=0 return_oop=0}
                      ; - org.glassfish.jersey.message.internal.WriterInterceptorExecutor$TerminalWriterInterceptor::aroundWriteTo@127 (line 218)
                      ;   {runtime_call throw_incompatible_class_change_error Runtime1 stub}
  0x000000010f4407a8: 76e4 cb97 

  0x000000010f4407ac: ; ImmutableOopMap {c_rarg1=Oop [208]=Oop c_rarg6=Oop c_rarg0=Oop c_rarg2=Oop [216]=Oop }
                      ;*invokeinterface getType {reexecute=0 rethrow=0 return_oop=0}
                      ; - org.glassfish.jersey.message.internal.WriterInterceptorExecutor$TerminalWriterInterceptor::aroundWriteTo@127 (line 218)
                      ;   {runtime_call throw_null_pointer_exception Runtime1 stub}
  0x000000010f4407ac: b5da cb97 

  0x000000010f4407b0: ; ImmutableOopMap {c_rarg1=Oop [208]=Oop c_rarg6=Oop c_rarg0=Oop c_rarg2=Oop [216]=Oop c_rarg3=Oop }
                      ;*invokeinterface getGenericType {reexecute=0 rethrow=0 return_oop=0}
                      ; - org.glassfish.jersey.message.internal.WriterInterceptorExecutor$TerminalWriterInterceptor::aroundWriteTo@133 (line 218)
                      ;   {runtime_call throw_incompatible_class_change_error Runtime1 stub}
  0x000000010f4407b0: 74e4 cb97 

  0x000000010f4407b4: ; ImmutableOopMap {c_rarg1=Oop [208]=Oop c_rarg6=Oop c_rarg0=Oop c_rarg2=Oop [216]=Oop c_rarg3=Oop c_rarg4=Oop }
                      ;*invokeinterface getAnnotations {reexecute=0 rethrow=0 return_oop=0}
                      ; - org.glassfish.jersey.message.internal.WriterInterceptorExecutor$TerminalWriterInterceptor::aroundWriteTo@139 (line 219)
                      ;   {runtime_call throw_incompatible_class_change_error Runtime1 stub}
  0x000000010f4407b4: 73e4 cb97 

  0x000000010f4407b8: ; ImmutableOopMap {c_rarg1=Oop [208]=Oop c_rarg6=Oop c_rarg0=Oop c_rarg2=Oop [216]=Oop c_rarg3=Oop c_rarg4=Oop c_rarg5=Oop }
                      ;*invokeinterface getMediaType {reexecute=0 rethrow=0 return_oop=0}
                      ; - org.glassfish.jersey.message.internal.WriterInterceptorExecutor$TerminalWriterInterceptor::aroundWriteTo@145 (line 219)
                      ;   {runtime_call throw_incompatible_class_change_error Runtime1 stub}
  0x000000010f4407b8: 72e4 cb97 

  0x000000010f4407bc: ; ImmutableOopMap {c_rarg1=Oop [208]=Oop c_rarg6=Oop c_rarg0=Oop c_rarg2=Oop [216]=Oop c_rarg3=Oop c_rarg4=Oop c_rarg5=Oop c_rarg7=Oop }
                      ;*invokeinterface getMessageBodyWriter {reexecute=0 rethrow=0 return_oop=0}
                      ; - org.glassfish.jersey.message.internal.WriterInterceptorExecutor$TerminalWriterInterceptor::aroundWriteTo@154 (line 218)
                      ;   {runtime_call throw_incompatible_class_change_error Runtime1 stub}
  0x000000010f4407bc: 71e4 cb97 

  0x000000010f4407c0: ; ImmutableOopMap {c_rarg1=Oop [208]=Oop c_rarg6=Oop c_rarg0=Oop c_rarg2=Oop [216]=Oop c_rarg3=Oop c_rarg4=Oop c_rarg5=Oop c_rarg7=Oop }
                      ;*invokeinterface getMessageBodyWriter {reexecute=0 rethrow=0 return_oop=0}
                      ; - org.glassfish.jersey.message.internal.WriterInterceptorExecutor$TerminalWriterInterceptor::aroundWriteTo@154 (line 218)
                      ;   {runtime_call throw_null_pointer_exception Runtime1 stub}
  0x000000010f4407c0: b0da cb97 

  0x000000010f4407c4: ; ImmutableOopMap {[208]=Oop c_rarg2=Oop [216]=Oop }
                      ;*invokeinterface getMediaType {reexecute=0 rethrow=0 return_oop=0}
                      ; - org.glassfish.jersey.message.internal.WriterInterceptorExecutor$TerminalWriterInterceptor::aroundWriteTo@171 (line 223)
                      ;   {runtime_call throw_incompatible_class_change_error Runtime1 stub}
  0x000000010f4407c4: 6fe4 cb97 

  0x000000010f4407c8: ; ImmutableOopMap {[208]=Oop c_rarg2=Oop [216]=Oop c_rarg4=Oop }
                      ;*invokeinterface getType {reexecute=0 rethrow=0 return_oop=0}
                      ; - org.glassfish.jersey.message.internal.WriterInterceptorExecutor$TerminalWriterInterceptor::aroundWriteTo@177 (line 223)
                      ;   {runtime_call throw_incompatible_class_change_error Runtime1 stub}
  0x000000010f4407c8: 6ee4 cb97 

  0x000000010f4407cc: ; ImmutableOopMap {[208]=Oop c_rarg2=Oop [216]=Oop c_rarg4=Oop c_rarg1=Oop }
                      ;*invokeinterface getGenericType {reexecute=0 rethrow=0 return_oop=0}
                      ; - org.glassfish.jersey.message.internal.WriterInterceptorExecutor$TerminalWriterInterceptor::aroundWriteTo@183 (line 223)
                      ;   {runtime_call throw_incompatible_class_change_error Runtime1 stub}
  0x000000010f4407cc: 6de4 cb97 

  0x000000010f4407d0: ; ImmutableOopMap {[208]=Oop c_rarg2=Oop [216]=Oop c_rarg4=Oop c_rarg1=Oop c_rarg6=Oop }
                      ;*anewarray {reexecute=0 rethrow=0 return_oop=0}
                      ; - org.glassfish.jersey.internal.LocalizationMessages::localizableERROR_NOTFOUND_MESSAGEBODYWRITER@7 (line 998)
                      ; - org.glassfish.jersey.internal.LocalizationMessages::ERROR_NOTFOUND_MESSAGEBODYWRITER@6 (line 1006)
                      ; - org.glassfish.jersey.message.internal.WriterInterceptorExecutor$TerminalWriterInterceptor::aroundWriteTo@188 (line 222)
                      ;   {runtime_call new_object_array Runtime1 stub}
  0x000000010f4407d0: 2cdf cb97 | 36fe ff17 

  0x000000010f4407d8: ; ImmutableOopMap {[208]=Oop c_rarg2=Oop [216]=Oop c_rarg4=Oop c_rarg1=Oop c_rarg6=Oop c_rarg5=Oop }
                      ;*aastore {reexecute=1 rethrow=0 return_oop=0}
                      ; - (reexecute) org.glassfish.jersey.internal.LocalizationMessages::localizableERROR_NOTFOUND_MESSAGEBODYWRITER@13 (line 998)
                      ; - org.glassfish.jersey.internal.LocalizationMessages::ERROR_NOTFOUND_MESSAGEBODYWRITER@6 (line 1006)
                      ; - org.glassfish.jersey.message.internal.WriterInterceptorExecutor$TerminalWriterInterceptor::aroundWriteTo@188 (line 222)
                      ;   {runtime_call throw_null_pointer_exception Runtime1 stub}
  0x000000010f4407d8: aada cb97 | e803 04aa 

  0x000000010f4407e0: ; ImmutableOopMap {[208]=Oop c_rarg2=Oop [216]=Oop c_rarg4=Oop c_rarg1=Oop c_rarg6=Oop c_rarg5=Oop }
                      ;*aastore {reexecute=1 rethrow=0 return_oop=0}
                      ; - (reexecute) org.glassfish.jersey.internal.LocalizationMessages::localizableERROR_NOTFOUND_MESSAGEBODYWRITER@13 (line 998)
                      ; - org.glassfish.jersey.internal.LocalizationMessages::ERROR_NOTFOUND_MESSAGEBODYWRITER@6 (line 1006)
                      ; - org.glassfish.jersey.message.internal.WriterInterceptorExecutor$TerminalWriterInterceptor::aroundWriteTo@188 (line 222)
                      ;   {runtime_call throw_array_store_exception Runtime1 stub}
  0x000000010f4407e0: e8e2 cb97 | 6000 40b9 | 00f0 7dd3 | e0c8 ffb4 | e003 00f9 

  0x000000010f4407f4: ;   {runtime_call g1_pre_barrier_slow}
  0x000000010f4407f4: 23f1 cb97 | 44fe ff17 | 24c9 ffb4 | e303 00f9 

  0x000000010f440804: ;   {runtime_call g1_post_barrier_slow}
  0x000000010f440804: 9ff2 cb97 | 46fe ff17 

  0x000000010f44080c: ; ImmutableOopMap {[208]=Oop c_rarg2=Oop [216]=Oop c_rarg1=Oop c_rarg6=Oop c_rarg5=Oop }
                      ;*aastore {reexecute=1 rethrow=0 return_oop=0}
                      ; - (reexecute) org.glassfish.jersey.internal.LocalizationMessages::localizableERROR_NOTFOUND_MESSAGEBODYWRITER@17 (line 998)
                      ; - org.glassfish.jersey.internal.LocalizationMessages::ERROR_NOTFOUND_MESSAGEBODYWRITER@6 (line 1006)
                      ; - org.glassfish.jersey.message.internal.WriterInterceptorExecutor$TerminalWriterInterceptor::aroundWriteTo@188 (line 222)
                      ;   {runtime_call throw_null_pointer_exception Runtime1 stub}
  0x000000010f44080c: 9dda cb97 | e803 01aa 

  0x000000010f440814: ; ImmutableOopMap {[208]=Oop c_rarg2=Oop [216]=Oop c_rarg1=Oop c_rarg6=Oop c_rarg5=Oop }
                      ;*aastore {reexecute=1 rethrow=0 return_oop=0}
                      ; - (reexecute) org.glassfish.jersey.internal.LocalizationMessages::localizableERROR_NOTFOUND_MESSAGEBODYWRITER@17 (line 998)
                      ; - org.glassfish.jersey.internal.LocalizationMessages::ERROR_NOTFOUND_MESSAGEBODYWRITER@6 (line 1006)
                      ; - org.glassfish.jersey.message.internal.WriterInterceptorExecutor$TerminalWriterInterceptor::aroundWriteTo@188 (line 222)
                      ;   {runtime_call throw_array_store_exception Runtime1 stub}
  0x000000010f440814: dbe2 cb97 | 6000 40b9 | 00f0 7dd3 | c0ca ffb4 | e003 00f9 

  0x000000010f440828: ;   {runtime_call g1_pre_barrier_slow}
  0x000000010f440828: 16f1 cb97 | 53fe ff17 | 01cb ffb4 | e303 00f9 

  0x000000010f440838: ;   {runtime_call g1_post_barrier_slow}
  0x000000010f440838: 92f2 cb97 | 55fe ff17 

  0x000000010f440840: ; ImmutableOopMap {[208]=Oop c_rarg2=Oop [216]=Oop c_rarg6=Oop c_rarg5=Oop }
                      ;*aastore {reexecute=1 rethrow=0 return_oop=0}
                      ; - (reexecute) org.glassfish.jersey.internal.LocalizationMessages::localizableERROR_NOTFOUND_MESSAGEBODYWRITER@21 (line 998)
                      ; - org.glassfish.jersey.internal.LocalizationMessages::ERROR_NOTFOUND_MESSAGEBODYWRITER@6 (line 1006)
                      ; - org.glassfish.jersey.message.internal.WriterInterceptorExecutor$TerminalWriterInterceptor::aroundWriteTo@188 (line 222)
                      ;   {runtime_call throw_null_pointer_exception Runtime1 stub}
  0x000000010f440840: 90da cb97 | e803 06aa 

  0x000000010f440848: ; ImmutableOopMap {[208]=Oop c_rarg2=Oop [216]=Oop c_rarg6=Oop c_rarg5=Oop }
                      ;*aastore {reexecute=1 rethrow=0 return_oop=0}
                      ; - (reexecute) org.glassfish.jersey.internal.LocalizationMessages::localizableERROR_NOTFOUND_MESSAGEBODYWRITER@21 (line 998)
                      ; - org.glassfish.jersey.internal.LocalizationMessages::ERROR_NOTFOUND_MESSAGEBODYWRITER@6 (line 1006)
                      ; - org.glassfish.jersey.message.internal.WriterInterceptorExecutor$TerminalWriterInterceptor::aroundWriteTo@188 (line 222)
                      ;   {runtime_call throw_array_store_exception Runtime1 stub}
  0x000000010f440848: cee2 cb97 | 6000 40b9 | 00f0 7dd3 | a0cc ffb4 | e003 00f9 

  0x000000010f44085c: ;   {runtime_call g1_pre_barrier_slow}
  0x000000010f44085c: 09f1 cb97 | 62fe ff17 | e6cc ffb4 | e303 00f9 

  0x000000010f44086c: ;   {runtime_call g1_post_barrier_slow}
  0x000000010f44086c: 85f2 cb97 | 64fe ff17 

  0x000000010f440874: ; ImmutableOopMap {[208]=Oop c_rarg2=Oop [216]=Oop c_rarg5=Oop }
                      ;*new {reexecute=0 rethrow=0 return_oop=0}
                      ; - org.glassfish.jersey.internal.l10n.LocalizableMessageFactory::getMessage@0 (line 42)
                      ; - org.glassfish.jersey.internal.LocalizationMessages::localizableERROR_NOTFOUND_MESSAGEBODYWRITER@22 (line 998)
                      ; - org.glassfish.jersey.internal.LocalizationMessages::ERROR_NOTFOUND_MESSAGEBODYWRITER@6 (line 1006)
                      ; - org.glassfish.jersey.message.internal.WriterInterceptorExecutor$TerminalWriterInterceptor::aroundWriteTo@188 (line 222)
                      ;   {runtime_call fast_new_instance Runtime1 stub}
  0x000000010f440874: c3dc cb97 | 72fe ff17 

  0x000000010f44087c: ; ImmutableOopMap {[208]=Oop c_rarg2=Oop [216]=Oop c_rarg5=Oop c_rarg0=Oop c_rarg3=Oop }
                      ;*getfield _bundlename {reexecute=1 rethrow=0 return_oop=0}
                      ; - (reexecute) org.glassfish.jersey.internal.l10n.LocalizableMessageFactory::getMessage@5 (line 42)
                      ; - org.glassfish.jersey.internal.LocalizationMessages::localizableERROR_NOTFOUND_MESSAGEBODYWRITER@22 (line 998)
                      ; - org.glassfish.jersey.internal.LocalizationMessages::ERROR_NOTFOUND_MESSAGEBODYWRITER@6 (line 1006)
                      ; - org.glassfish.jersey.message.internal.WriterInterceptorExecutor$TerminalWriterInterceptor::aroundWriteTo@188 (line 222)
                      ;   {runtime_call throw_null_pointer_exception Runtime1 stub}
  0x000000010f44087c: 81da cb97 

  0x000000010f440880: ; ImmutableOopMap {[208]=Oop [216]=Oop c_rarg1=Oop }
                      ;*getfield config {reexecute=1 rethrow=0 return_oop=0}
                      ; - (reexecute) java.util.logging.Logger::isLoggable@1 (line 2033)
                      ; - java.util.logging.Logger::log@2 (line 1026)
                      ; - org.glassfish.jersey.message.internal.WriterInterceptorExecutor$TerminalWriterInterceptor::aroundWriteTo@191 (line 222)
                      ;   {runtime_call throw_null_pointer_exception Runtime1 stub}
  0x000000010f440880: 80da cb97 

  0x000000010f440884: ; ImmutableOopMap {[208]=Oop [216]=Oop c_rarg1=Oop }
                      ;*getfield levelValue {reexecute=1 rethrow=0 return_oop=0}
                      ; - (reexecute) java.util.logging.Logger::isLoggable@4 (line 2033)
                      ; - java.util.logging.Logger::log@2 (line 1026)
                      ; - org.glassfish.jersey.message.internal.WriterInterceptorExecutor$TerminalWriterInterceptor::aroundWriteTo@191 (line 222)
                      ;   {runtime_call throw_null_pointer_exception Runtime1 stub}
  0x000000010f440884: 7fda cb97 

  0x000000010f440888: ; ImmutableOopMap {[208]=Oop [216]=Oop c_rarg1=Oop }
                      ;*getfield value {reexecute=1 rethrow=0 return_oop=0}
                      ; - (reexecute) java.util.logging.Level::intValue@1 (line 433)
                      ; - java.util.logging.Logger::isLoggable@9 (line 2034)
                      ; - java.util.logging.Logger::log@2 (line 1026)
                      ; - org.glassfish.jersey.message.internal.WriterInterceptorExecutor$TerminalWriterInterceptor::aroundWriteTo@191 (line 222)
                      ;   {runtime_call throw_null_pointer_exception Runtime1 stub}
  0x000000010f440888: 7eda cb97 

  0x000000010f44088c: ; implicit exception: dispatches to 0x000000010f44099c
  0x000000010f44088c: 0224 40b9 | 42f0 7dd3 | 42d4 ffb4 | e203 00f9 

  0x000000010f44089c: ;   {runtime_call g1_pre_barrier_slow}
  0x000000010f44089c: f9f0 cb97 | 9ffe ff17 

  0x000000010f4408a4: ; ImmutableOopMap {c_rarg1=Oop [208]=Oop c_rarg0=Oop }
                      ;*invokevirtual clearLastTracedInterceptor {reexecute=0 rethrow=0 return_oop=0}
                      ; - org.glassfish.jersey.message.internal.WriterInterceptorExecutor$TerminalWriterInterceptor::aroundWriteTo@233 (line 229)
                      ;   {runtime_call throw_null_pointer_exception Runtime1 stub}
  0x000000010f4408a4: 77da cb97 

  0x000000010f4408a8: ;   {internal_word}
  0x000000010f4408a8: c8d4 ff10 | 88b3 01f9 

  0x000000010f4408b0: ;   {runtime_call SafepointBlob}
  0x000000010f4408b0: 543a c917 

  0x000000010f4408b4: ; ImmutableOopMap {[208]=Oop [216]=Oop c_rarg1=Oop }
                      ;*new {reexecute=0 rethrow=0 return_oop=0}
                      ; - java.util.logging.Logger::log@9 (line 1029)
                      ; - org.glassfish.jersey.message.internal.WriterInterceptorExecutor$TerminalWriterInterceptor::aroundWriteTo@191 (line 222)
                      ;   {runtime_call fast_new_instance Runtime1 stub}
  0x000000010f4408b4: b3dc cb97 | b9fe ff17 

  0x000000010f4408bc: ; ImmutableOopMap {[208]=Oop c_rarg2=Oop [216]=Oop }
                      ;*new {reexecute=0 rethrow=0 return_oop=0}
                      ; - org.glassfish.jersey.message.internal.WriterInterceptorExecutor$TerminalWriterInterceptor::aroundWriteTo@194 (line 224)
                      ;   {runtime_call throw_null_pointer_exception Runtime1 stub}
  0x000000010f4408bc: 71da cb97 

  0x000000010f4408c0: ; ImmutableOopMap {[208]=Oop c_rarg2=Oop [216]=Oop }
                      ;*new {reexecute=0 rethrow=0 return_oop=0}
                      ; - org.glassfish.jersey.message.internal.WriterInterceptorExecutor$TerminalWriterInterceptor::aroundWriteTo@194 (line 224)
                      ;   {runtime_call fast_new_instance_init_check Runtime1 stub}
  0x000000010f4408c0: 70dd cb97 | d7fe ff17 

  0x000000010f4408c8: ; ImmutableOopMap {[208]=Oop c_rarg2=Oop [216]=Oop c_rarg0=Oop }
                      ;*invokeinterface getMediaType {reexecute=0 rethrow=0 return_oop=0}
                      ; - org.glassfish.jersey.message.internal.WriterInterceptorExecutor$TerminalWriterInterceptor::aroundWriteTo@199 (line 225)
                      ;   {runtime_call throw_incompatible_class_change_error Runtime1 stub}
  0x000000010f4408c8: 2ee4 cb97 

  0x000000010f4408cc: ; ImmutableOopMap {[208]=Oop c_rarg2=Oop [216]=Oop c_rarg0=Oop c_rarg4=Oop }
                      ;*invokeinterface getType {reexecute=0 rethrow=0 return_oop=0}
                      ; - org.glassfish.jersey.message.internal.WriterInterceptorExecutor$TerminalWriterInterceptor::aroundWriteTo@205 (line 225)
                      ;   {runtime_call throw_incompatible_class_change_error Runtime1 stub}
  0x000000010f4408cc: 2de4 cb97 

  0x000000010f4408d0: ; ImmutableOopMap {[208]=Oop c_rarg2=Oop [216]=Oop c_rarg0=Oop c_rarg4=Oop c_rarg1=Oop }
                      ;*invokeinterface getGenericType {reexecute=0 rethrow=0 return_oop=0}
                      ; - org.glassfish.jersey.message.internal.WriterInterceptorExecutor$TerminalWriterInterceptor::aroundWriteTo@211 (line 225)
                      ;   {runtime_call throw_incompatible_class_change_error Runtime1 stub}
  0x000000010f4408d0: 2ce4 cb97 

  0x000000010f4408d4: ; ImmutableOopMap {[208]=Oop c_rarg4=Oop c_rarg1=Oop c_rarg2=Oop [248]=Oop }
                      ;*anewarray {reexecute=0 rethrow=0 return_oop=0}
                      ; - org.glassfish.jersey.internal.LocalizationMessages::localizableERROR_NOTFOUND_MESSAGEBODYWRITER@7 (line 998)
                      ; - org.glassfish.jersey.internal.LocalizationMessages::ERROR_NOTFOUND_MESSAGEBODYWRITER@6 (line 1006)
                      ; - org.glassfish.jersey.message.internal.WriterInterceptorExecutor$TerminalWriterInterceptor::aroundWriteTo@216 (line 224)
                      ;   {runtime_call new_object_array Runtime1 stub}
  0x000000010f4408d4: ebde cb97 | 1eff ff17 

  0x000000010f4408dc: ; ImmutableOopMap {[208]=Oop c_rarg4=Oop c_rarg1=Oop c_rarg2=Oop [248]=Oop c_rarg5=Oop }
                      ;*aastore {reexecute=1 rethrow=0 return_oop=0}
                      ; - (reexecute) org.glassfish.jersey.internal.LocalizationMessages::localizableERROR_NOTFOUND_MESSAGEBODYWRITER@13 (line 998)
                      ; - org.glassfish.jersey.internal.LocalizationMessages::ERROR_NOTFOUND_MESSAGEBODYWRITER@6 (line 1006)
                      ; - org.glassfish.jersey.message.internal.WriterInterceptorExecutor$TerminalWriterInterceptor::aroundWriteTo@216 (line 224)
                      ;   {runtime_call throw_null_pointer_exception Runtime1 stub}
  0x000000010f4408dc: 69da cb97 | e803 04aa 

  0x000000010f4408e4: ; ImmutableOopMap {[208]=Oop c_rarg4=Oop c_rarg1=Oop c_rarg2=Oop [248]=Oop c_rarg5=Oop }
                      ;*aastore {reexecute=1 rethrow=0 return_oop=0}
                      ; - (reexecute) org.glassfish.jersey.internal.LocalizationMessages::localizableERROR_NOTFOUND_MESSAGEBODYWRITER@13 (line 998)
                      ; - org.glassfish.jersey.internal.LocalizationMessages::ERROR_NOTFOUND_MESSAGEBODYWRITER@6 (line 1006)
                      ; - org.glassfish.jersey.message.internal.WriterInterceptorExecutor$TerminalWriterInterceptor::aroundWriteTo@216 (line 224)
                      ;   {runtime_call throw_array_store_exception Runtime1 stub}
  0x000000010f4408e4: a7e2 cb97 | 6000 40b9 | 00f0 7dd3 | e0e5 ffb4 | e003 00f9 

  0x000000010f4408f8: ;   {runtime_call g1_pre_barrier_slow}
  0x000000010f4408f8: e2f0 cb97 | 2cff ff17 | 24e6 ffb4 | e303 00f9 

  0x000000010f440908: ;   {runtime_call g1_post_barrier_slow}
  0x000000010f440908: 5ef2 cb97 | 2eff ff17 

  0x000000010f440910: ; ImmutableOopMap {[208]=Oop c_rarg1=Oop c_rarg2=Oop [248]=Oop c_rarg5=Oop }
                      ;*aastore {reexecute=1 rethrow=0 return_oop=0}
                      ; - (reexecute) org.glassfish.jersey.internal.LocalizationMessages::localizableERROR_NOTFOUND_MESSAGEBODYWRITER@17 (line 998)
                      ; - org.glassfish.jersey.internal.LocalizationMessages::ERROR_NOTFOUND_MESSAGEBODYWRITER@6 (line 1006)
                      ; - org.glassfish.jersey.message.internal.WriterInterceptorExecutor$TerminalWriterInterceptor::aroundWriteTo@216 (line 224)
                      ;   {runtime_call throw_null_pointer_exception Runtime1 stub}
  0x000000010f440910: 5cda cb97 | e803 01aa 

  0x000000010f440918: ; ImmutableOopMap {[208]=Oop c_rarg1=Oop c_rarg2=Oop [248]=Oop c_rarg5=Oop }
                      ;*aastore {reexecute=1 rethrow=0 return_oop=0}
                      ; - (reexecute) org.glassfish.jersey.internal.LocalizationMessages::localizableERROR_NOTFOUND_MESSAGEBODYWRITER@17 (line 998)
                      ; - org.glassfish.jersey.internal.LocalizationMessages::ERROR_NOTFOUND_MESSAGEBODYWRITER@6 (line 1006)
                      ; - org.glassfish.jersey.message.internal.WriterInterceptorExecutor$TerminalWriterInterceptor::aroundWriteTo@216 (line 224)
                      ;   {runtime_call throw_array_store_exception Runtime1 stub}
  0x000000010f440918: 9ae2 cb97 | 6000 40b9 | 00f0 7dd3 | c0e7 ffb4 | e003 00f9 

  0x000000010f44092c: ;   {runtime_call g1_pre_barrier_slow}
  0x000000010f44092c: d5f0 cb97 | 3bff ff17 | 01e8 ffb4 | e303 00f9 

  0x000000010f44093c: ;   {runtime_call g1_post_barrier_slow}
  0x000000010f44093c: 51f2 cb97 | 3dff ff17 

  0x000000010f440944: ; ImmutableOopMap {[208]=Oop c_rarg2=Oop [248]=Oop c_rarg5=Oop }
                      ;*aastore {reexecute=1 rethrow=0 return_oop=0}
                      ; - (reexecute) org.glassfish.jersey.internal.LocalizationMessages::localizableERROR_NOTFOUND_MESSAGEBODYWRITER@21 (line 998)
                      ; - org.glassfish.jersey.internal.LocalizationMessages::ERROR_NOTFOUND_MESSAGEBODYWRITER@6 (line 1006)
                      ; - org.glassfish.jersey.message.internal.WriterInterceptorExecutor$TerminalWriterInterceptor::aroundWriteTo@216 (line 224)
                      ;   {runtime_call throw_null_pointer_exception Runtime1 stub}
  0x000000010f440944: 4fda cb97 | e803 02aa 

  0x000000010f44094c: ; ImmutableOopMap {[208]=Oop c_rarg2=Oop [248]=Oop c_rarg5=Oop }
                      ;*aastore {reexecute=1 rethrow=0 return_oop=0}
                      ; - (reexecute) org.glassfish.jersey.internal.LocalizationMessages::localizableERROR_NOTFOUND_MESSAGEBODYWRITER@21 (line 998)
                      ; - org.glassfish.jersey.internal.LocalizationMessages::ERROR_NOTFOUND_MESSAGEBODYWRITER@6 (line 1006)
                      ; - org.glassfish.jersey.message.internal.WriterInterceptorExecutor$TerminalWriterInterceptor::aroundWriteTo@216 (line 224)
                      ;   {runtime_call throw_array_store_exception Runtime1 stub}
  0x000000010f44094c: 8de2 cb97 | 6000 40b9 | 00f0 7dd3 | a0e9 ffb4 | e003 00f9 

  0x000000010f440960: ;   {runtime_call g1_pre_barrier_slow}
  0x000000010f440960: c8f0 cb97 | 4aff ff17 | e2e9 ffb4 | e303 00f9 

  0x000000010f440970: ;   {runtime_call g1_post_barrier_slow}
  0x000000010f440970: 44f2 cb97 | 4cff ff17 

  0x000000010f440978: ; ImmutableOopMap {[208]=Oop [248]=Oop c_rarg5=Oop }
                      ;*new {reexecute=0 rethrow=0 return_oop=0}
                      ; - org.glassfish.jersey.internal.l10n.LocalizableMessageFactory::getMessage@0 (line 42)
                      ; - org.glassfish.jersey.internal.LocalizationMessages::localizableERROR_NOTFOUND_MESSAGEBODYWRITER@22 (line 998)
                      ; - org.glassfish.jersey.internal.LocalizationMessages::ERROR_NOTFOUND_MESSAGEBODYWRITER@6 (line 1006)
                      ; - org.glassfish.jersey.message.internal.WriterInterceptorExecutor$TerminalWriterInterceptor::aroundWriteTo@216 (line 224)
                      ;   {runtime_call fast_new_instance Runtime1 stub}
  0x000000010f440978: 82dc cb97 | 5aff ff17 

  0x000000010f440980: ; implicit exception: dispatches to 0x000000010f4409a0
  0x000000010f440980: 2224 40b9 | 42f0 7dd3 | 82ef ffb4 | e203 00f9 

  0x000000010f440990: ;   {runtime_call g1_pre_barrier_slow}
  0x000000010f440990: bcf0 cb97 | 79ff ff17 

  0x000000010f440998: ; ImmutableOopMap {c_rarg0=Oop c_rarg1=Oop }
                      ;*invokevirtual clearLastTracedInterceptor {reexecute=0 rethrow=0 return_oop=0}
                      ; - org.glassfish.jersey.message.internal.WriterInterceptorExecutor$TerminalWriterInterceptor::aroundWriteTo@256 (line 229)
                      ;   {runtime_call throw_null_pointer_exception Runtime1 stub}
  0x000000010f440998: 3ada cb97 

  0x000000010f44099c: ; ImmutableOopMap {c_rarg1=Oop [208]=Oop c_rarg0=Oop }
                      ;*invokevirtual clearLastTracedInterceptor {reexecute=0 rethrow=0 return_oop=0}
                      ; - org.glassfish.jersey.message.internal.WriterInterceptorExecutor$TerminalWriterInterceptor::aroundWriteTo@233 (line 229)
                      ;   {runtime_call throw_null_pointer_exception Runtime1 stub}
  0x000000010f44099c: 39da cb97 

  0x000000010f4409a0: ; ImmutableOopMap {c_rarg0=Oop c_rarg1=Oop }
                      ;*invokevirtual clearLastTracedInterceptor {reexecute=0 rethrow=0 return_oop=0}
                      ; - org.glassfish.jersey.message.internal.WriterInterceptorExecutor$TerminalWriterInterceptor::aroundWriteTo@256 (line 229)
                      ;   {runtime_call throw_null_pointer_exception Runtime1 stub}
  0x000000010f4409a0: 38da cb97 | 1f20 03d5 | 1f20 03d5 | 80ef 41f9 | 9fef 01f9 | 9ff3 01f9 | fd7b 51a9 | ff83 0491 
  0x000000010f4409c0: ;   {runtime_call unwind_exception Runtime1 stub}
  0x000000010f4409c0: 70d6 cb17 | 0000 0000 | 0000 0000 | 0000 0000 | 0000 0000 | 0000 0000 | 0000 0000 | 0000 0000 
  0x000000010f4409e0: 0000 0000 | 0000 0000 | 0000 0000 | 0000 0000 | 0000 0000 | 0000 0000 | 0000 0000 | 0000 0000 
[Stub Code]
  0x000000010f440a00: ;   {no_reloc}
  0x000000010f440a00: df3f 03d5 

  0x000000010f440a04: ;   {metadata(NULL)}
  0x000000010f440a04: 0c00 80d2 | 0c00 a0f2 | 0c00 c0f2 | 0800 80d2 | 0800 a0f2 | 0800 c0f2 | 0001 1fd6 

  0x000000010f440a20: ;   {static_stub}
  0x000000010f440a20: df3f 03d5 

  0x000000010f440a24: ;   {metadata({method} {0x000000013a048ec8} 'getMessageBodyWriter' '(Ljava/lang/Class;Ljava/lang/reflect/Type;[Ljava/lang/annotation/Annotation;Ljakarta/ws/rs/core/MediaType;Lorg/glassfish/jersey/internal/PropertiesDelegate;)Ljakarta/ws/rs/ext/MessageBodyWriter;' in 'org/glassfish/jersey/message/internal/MessageBodyFactory')}
  0x000000010f440a24: 0cd9 91d2 | 8c40 a7f2 | 2c00 c0f2 | 0838 9cd2 | 08cd a1f2 | 2800 c0f2 | 0001 1fd6 

  0x000000010f440a40: ;   {static_stub}
  0x000000010f440a40: df3f 03d5 

  0x000000010f440a44: ;   {metadata(NULL)}
  0x000000010f440a44: 0c00 80d2 | 0c00 a0f2 | 0c00 c0f2 | 0800 80d2 | 0800 a0f2 | 0800 c0f2 | 0001 1fd6 

  0x000000010f440a60: ;   {static_stub}
  0x000000010f440a60: df3f 03d5 

  0x000000010f440a64: ;   {metadata(NULL)}
  0x000000010f440a64: 0c00 80d2 | 0c00 a0f2 | 0c00 c0f2 | 0800 80d2 | 0800 a0f2 | 0800 c0f2 | 0001 1fd6 

  0x000000010f440a80: ;   {static_stub}
  0x000000010f440a80: df3f 03d5 

  0x000000010f440a84: ;   {metadata(NULL)}
  0x000000010f440a84: 0c00 80d2 | 0c00 a0f2 | 0c00 c0f2 | 0800 80d2 | 0800 a0f2 | 0800 c0f2 | 0001 1fd6 

  0x000000010f440aa0: ;   {static_stub}
  0x000000010f440aa0: df3f 03d5 

  0x000000010f440aa4: ;   {metadata(NULL)}
  0x000000010f440aa4: 0c00 80d2 | 0c00 a0f2 | 0c00 c0f2 | 0800 80d2 | 0800 a0f2 | 0800 c0f2 | 0001 1fd6 

  0x000000010f440ac0: ;   {static_stub}
  0x000000010f440ac0: df3f 03d5 

  0x000000010f440ac4: ;   {metadata(NULL)}
  0x000000010f440ac4: 0c00 80d2 | 0c00 a0f2 | 0c00 c0f2 | 0800 80d2 | 0800 a0f2 | 0800 c0f2 | 0001 1fd6 

  0x000000010f440ae0: ;   {static_stub}
  0x000000010f440ae0: df3f 03d5 

  0x000000010f440ae4: ;   {metadata(NULL)}
  0x000000010f440ae4: 0c00 80d2 | 0c00 a0f2 | 0c00 c0f2 | 0800 80d2 | 0800 a0f2 | 0800 c0f2 | 0001 1fd6 

  0x000000010f440b00: ;   {static_stub}
  0x000000010f440b00: df3f 03d5 

  0x000000010f440b04: ;   {metadata(NULL)}
  0x000000010f440b04: 0c00 80d2 | 0c00 a0f2 | 0c00 c0f2 | 0800 80d2 | 0800 a0f2 | 0800 c0f2 | 0001 1fd6 

  0x000000010f440b20: ;   {static_stub}
  0x000000010f440b20: df3f 03d5 

  0x000000010f440b24: ;   {metadata(NULL)}
  0x000000010f440b24: 0c00 80d2 | 0c00 a0f2 | 0c00 c0f2 | 0800 80d2 | 0800 a0f2 | 0800 c0f2 | 0001 1fd6 

  0x000000010f440b40: ;   {static_stub}
  0x000000010f440b40: df3f 03d5 

  0x000000010f440b44: ;   {metadata(NULL)}
  0x000000010f440b44: 0c00 80d2 | 0c00 a0f2 | 0c00 c0f2 | 0800 80d2 | 0800 a0f2 | 0800 c0f2 | 0001 1fd6 

  0x000000010f440b60: ;   {static_stub}
  0x000000010f440b60: df3f 03d5 

  0x000000010f440b64: ;   {metadata(NULL)}
  0x000000010f440b64: 0c00 80d2 | 0c00 a0f2 | 0c00 c0f2 | 0800 80d2 | 0800 a0f2 | 0800 c0f2 | 0001 1fd6 
[Exception Handler]
  0x000000010f440b80: ;   {runtime_call handle_exception_from_callee Runtime1 stub}
  0x000000010f440b80: 40e1 cb97 | c1d5 bbd4 | 645f 5b06 | 0100 0000 
[Deopt Handler Code]
  0x000000010f440b90: 1e00 0010 

  0x000000010f440b94: ;   {runtime_call DeoptimizationBlob}
  0x000000010f440b94: 6b3a c917 
[/MachCode]


---------------  P R O C E S S  ---------------

Threads class SMR info:
_java_thread_list=0x000060000219ba80, length=58, elements={
0x000000012304ac00, 0x000000012304d400, 0x000000012500e800, 0x0000000125013e00,
0x0000000125014400, 0x000000011680a400, 0x000000012380d200, 0x000000012304bc00,
0x0000000122809600, 0x0000000122808e00, 0x0000000125313600, 0x0000000125313c00,
0x000000012328e800, 0x0000000125329400, 0x00000001232eea00, 0x00000001232ee000,
0x0000000123043a00, 0x0000000123044000, 0x0000000123043200, 0x0000000125329a00,
0x000000012532bc00, 0x0000000125326600, 0x000000012532a000, 0x000000012532a600,
0x000000012532ac00, 0x000000012532b200, 0x0000000125219400, 0x0000000125219a00,
0x000000012521a000, 0x000000012521a600, 0x00000001229ac400, 0x00000001229b7600,
0x00000001229b7c00, 0x000000012521ac00, 0x000000012521b200, 0x000000012521b800,
0x000000012521be00, 0x000000012521c400, 0x000000012521ca00, 0x000000012521d000,
0x000000012521d600, 0x000000012521e400, 0x000000012521dc00, 0x0000000125217200,
0x000000012521ea00, 0x0000000124373e00, 0x0000000124374400, 0x00000001229b8200,
0x00000001229b4600, 0x000000012501d800, 0x000000012501ca00, 0x0000000125217800,
0x0000000125217e00, 0x0000000125218400, 0x0000000125218a00, 0x000000012330da00,
0x00000001229b6000, 0x00000001232fc200
}

Java Threads: ( => current thread )
  0x000000012304ac00 JavaThread "Reference Handler" daemon [_thread_blocked, id=31747, stack(0x000000016c618000,0x000000016c81b000)]
  0x000000012304d400 JavaThread "Finalizer" daemon [_thread_blocked, id=23555, stack(0x000000016c824000,0x000000016ca27000)]
  0x000000012500e800 JavaThread "Signal Dispatcher" daemon [_thread_blocked, id=29443, stack(0x000000016cb48000,0x000000016cd4b000)]
  0x0000000125013e00 JavaThread "Service Thread" daemon [_thread_blocked, id=25091, stack(0x000000016cd54000,0x000000016cf57000)]
  0x0000000125014400 JavaThread "Monitor Deflation Thread" daemon [_thread_blocked, id=25347, stack(0x000000016cf60000,0x000000016d163000)]
  0x000000011680a400 JavaThread "C1 CompilerThread0" daemon [_thread_blocked, id=28675, stack(0x000000016d16c000,0x000000016d36f000)]
  0x000000012380d200 JavaThread "Sweeper thread" daemon [_thread_blocked, id=28163, stack(0x000000016d378000,0x000000016d57b000)]
  0x000000012304bc00 JavaThread "Common-Cleaner" daemon [_thread_blocked, id=25859, stack(0x000000016d584000,0x000000016d787000)]
  0x0000000122809600 JavaThread "Monitor Ctrl-Break" daemon [_thread_in_native, id=26115, stack(0x000000016d790000,0x000000016d993000)]
  0x0000000122808e00 JavaThread "Notification Thread" daemon [_thread_blocked, id=26371, stack(0x000000016d99c000,0x000000016db9f000)]
  0x0000000125313600 JavaThread "Catalina-utility-1" [_thread_blocked, id=40707, stack(0x000000016f020000,0x000000016f223000)]
  0x0000000125313c00 JavaThread "Catalina-utility-2" [_thread_blocked, id=35331, stack(0x000000016f22c000,0x000000016f42f000)]
  0x000000012328e800 JavaThread "container-0" [_thread_blocked, id=40451, stack(0x000000016f438000,0x000000016f63b000)]
  0x0000000125329400 JavaThread "spectator-gauge-polling-0" daemon [_thread_blocked, id=39683, stack(0x000000016f850000,0x000000016fa53000)]
  0x00000001232eea00 JavaThread "Eureka-DeltaRetentionTimer" daemon [_thread_blocked, id=36355, stack(0x000000016fa5c000,0x000000016fc5f000)]
  0x00000001232ee000 JavaThread "Eureka-EvictionTimer" daemon [_thread_blocked, id=36867, stack(0x000000016fc68000,0x000000016fe6b000)]
  0x0000000123043a00 JavaThread "Eureka-MeasureRateTimer" daemon [_thread_blocked, id=39171, stack(0x000000016fe74000,0x0000000170077000)]
  0x0000000123044000 JavaThread "ReplicaAwareInstanceRegistry - RenewalThresholdUpdater" daemon [_thread_blocked, id=37379, stack(0x0000000170080000,0x0000000170283000)]
  0x0000000123043200 JavaThread "Eureka-MeasureRateTimer" daemon [_thread_blocked, id=38915, stack(0x000000017028c000,0x000000017048f000)]
  0x0000000125329a00 JavaThread "Eureka-Jersey3Client-Conn-Cleaner2" daemon [_thread_blocked, id=38147, stack(0x0000000170498000,0x000000017069b000)]
  0x000000012532bc00 JavaThread "TaskAcceptor-target_localhost" daemon [_thread_blocked, id=30727, stack(0x00000001706a4000,0x00000001708a7000)]
  0x0000000125326600 JavaThread "TaskBatchingWorker-target_localhost-0" daemon [_thread_blocked, id=43523, stack(0x00000001708b0000,0x0000000170ab3000)]
  0x000000012532a000 JavaThread "TaskBatchingWorker-target_localhost-1" daemon [_thread_blocked, id=43779, stack(0x0000000170abc000,0x0000000170cbf000)]
  0x000000012532a600 JavaThread "TaskBatchingWorker-target_localhost-2" daemon [_thread_blocked, id=64771, stack(0x0000000170cc8000,0x0000000170ecb000)]
  0x000000012532ac00 JavaThread "TaskBatchingWorker-target_localhost-3" daemon [_thread_blocked, id=44291, stack(0x0000000170ed4000,0x00000001710d7000)]
  0x000000012532b200 JavaThread "TaskBatchingWorker-target_localhost-4" daemon [_thread_blocked, id=44803, stack(0x00000001710e0000,0x00000001712e3000)]
  0x0000000125219400 JavaThread "TaskBatchingWorker-target_localhost-5" daemon [_thread_blocked, id=64515, stack(0x00000001712ec000,0x00000001714ef000)]
  0x0000000125219a00 JavaThread "TaskBatchingWorker-target_localhost-6" daemon [_thread_blocked, id=45571, stack(0x00000001714f8000,0x00000001716fb000)]
  0x000000012521a000 JavaThread "TaskBatchingWorker-target_localhost-7" daemon [_thread_blocked, id=46083, stack(0x0000000171704000,0x0000000171907000)]
  0x000000012521a600 JavaThread "TaskBatchingWorker-target_localhost-8" daemon [_thread_blocked, id=46595, stack(0x0000000171910000,0x0000000171b13000)]
=>0x00000001229ac400 JavaThread "TaskBatchingWorker-target_localhost-9" daemon [_thread_in_Java, id=47107, stack(0x0000000171b1c000,0x0000000171d1f000)]
  0x00000001229b7600 JavaThread "TaskBatchingWorker-target_localhost-10" daemon [_thread_blocked, id=47619, stack(0x0000000171d28000,0x0000000171f2b000)]
  0x00000001229b7c00 JavaThread "TaskBatchingWorker-target_localhost-11" daemon [_thread_blocked, id=48131, stack(0x0000000171f34000,0x0000000172137000)]
  0x000000012521ac00 JavaThread "TaskBatchingWorker-target_localhost-12" daemon [_thread_blocked, id=48387, stack(0x0000000172140000,0x0000000172343000)]
  0x000000012521b200 JavaThread "TaskBatchingWorker-target_localhost-13" daemon [_thread_blocked, id=48643, stack(0x000000017234c000,0x000000017254f000)]
  0x000000012521b800 JavaThread "TaskBatchingWorker-target_localhost-14" daemon [_thread_blocked, id=63491, stack(0x0000000172558000,0x000000017275b000)]
  0x000000012521be00 JavaThread "TaskBatchingWorker-target_localhost-15" daemon [_thread_blocked, id=49155, stack(0x0000000172764000,0x0000000172967000)]
  0x000000012521c400 JavaThread "TaskBatchingWorker-target_localhost-16" daemon [_thread_blocked, id=63235, stack(0x0000000172970000,0x0000000172b73000)]
  0x000000012521ca00 JavaThread "TaskBatchingWorker-target_localhost-17" daemon [_thread_blocked, id=62723, stack(0x0000000172b7c000,0x0000000172d7f000)]
  0x000000012521d000 JavaThread "TaskBatchingWorker-target_localhost-18" daemon [_thread_blocked, id=62467, stack(0x0000000172d88000,0x0000000172f8b000)]
  0x000000012521d600 JavaThread "TaskBatchingWorker-target_localhost-19" daemon [_thread_blocked, id=49923, stack(0x0000000172f94000,0x0000000173197000)]
  0x000000012521e400 JavaThread "TaskAcceptor-localhost" daemon [_thread_blocked, id=61699, stack(0x00000001731a0000,0x00000001733a3000)]
  0x000000012521dc00 JavaThread "TaskNonBatchingWorker-localhost-0" daemon [_thread_blocked, id=50435, stack(0x00000001733ac000,0x00000001735af000)]
  0x0000000125217200 JavaThread "Eureka-PeerNodesUpdater" daemon [_thread_blocked, id=61187, stack(0x00000001735b8000,0x00000001737bb000)]
  0x000000012521ea00 JavaThread "Eureka-CacheFillTimer" daemon [_thread_blocked, id=50691, stack(0x00000001737c4000,0x00000001739c7000)]
  0x0000000124373e00 JavaThread "http-nio-8761-exec-1" daemon [_thread_blocked, id=60163, stack(0x0000000173bdc000,0x0000000173ddf000)]
  0x0000000124374400 JavaThread "http-nio-8761-exec-2" daemon [_thread_blocked, id=51203, stack(0x0000000173de8000,0x0000000173feb000)]
  0x00000001229b8200 JavaThread "http-nio-8761-exec-3" daemon [_thread_blocked, id=59651, stack(0x0000000173ff4000,0x00000001741f7000)]
  0x00000001229b4600 JavaThread "http-nio-8761-exec-4" daemon [_thread_blocked, id=59139, stack(0x0000000174200000,0x0000000174403000)]
  0x000000012501d800 JavaThread "http-nio-8761-exec-5" daemon [_thread_blocked, id=58883, stack(0x000000017440c000,0x000000017460f000)]
  0x000000012501ca00 JavaThread "http-nio-8761-exec-6" daemon [_thread_blocked, id=58371, stack(0x0000000174618000,0x000000017481b000)]
  0x0000000125217800 JavaThread "http-nio-8761-exec-7" daemon [_thread_blocked, id=52227, stack(0x0000000174824000,0x0000000174a27000)]
  0x0000000125217e00 JavaThread "http-nio-8761-exec-8" daemon [_thread_blocked, id=52483, stack(0x0000000174a30000,0x0000000174c33000)]
  0x0000000125218400 JavaThread "http-nio-8761-exec-9" daemon [_thread_blocked, id=52995, stack(0x0000000174c3c000,0x0000000174e3f000)]
  0x0000000125218a00 JavaThread "http-nio-8761-exec-10" daemon [_thread_blocked, id=53251, stack(0x0000000174e48000,0x000000017504b000)]
  0x000000012330da00 JavaThread "http-nio-8761-Poller" daemon [_thread_in_native, id=60423, stack(0x00000001739d0000,0x0000000173bd3000)]
  0x00000001229b6000 JavaThread "http-nio-8761-Acceptor" daemon [_thread_in_native, id=53507, stack(0x0000000175054000,0x0000000175257000)]
  0x00000001232fc200 JavaThread "DestroyJavaVM" [_thread_blocked, id=5379, stack(0x000000016b7c4000,0x000000016b9c7000)]

Other Threads:
  0x000000011260af10 VMThread "VM Thread" [stack: 0x000000016c40c000,0x000000016c60f000] [id=19203]
  0x0000000124804b60 WatcherThread [stack: 0x000000016dba8000,0x000000016ddab000] [id=26883]
  0x0000000112606260 GCTaskThread "GC Thread#0" [stack: 0x000000016b9d0000,0x000000016bbd3000] [id=12803]
  0x000000012260cbd0 GCTaskThread "GC Thread#1" [stack: 0x000000016ddb4000,0x000000016dfb7000] [id=32771]
  0x000000012260ce90 GCTaskThread "GC Thread#2" [stack: 0x000000016dfc0000,0x000000016e1c3000] [id=33283]
  0x000000012272d320 GCTaskThread "GC Thread#3" [stack: 0x000000016e1cc000,0x000000016e3cf000] [id=43267]
  0x000000012272d7b0 GCTaskThread "GC Thread#4" [stack: 0x000000016e3d8000,0x000000016e5db000] [id=43011]
  0x000000012272dc40 GCTaskThread "GC Thread#5" [stack: 0x000000016e5e4000,0x000000016e7e7000] [id=42499]
  0x000000011262e610 GCTaskThread "GC Thread#6" [stack: 0x000000016e9fc000,0x000000016ebff000] [id=34315]
  0x00000001226203b0 GCTaskThread "GC Thread#7" [stack: 0x000000016ec08000,0x000000016ee0b000] [id=34819]
  0x0000000122706b80 ConcurrentGCThread "G1 Main Marker" [stack: 0x000000016bbdc000,0x000000016bddf000] [id=14339]
  0x0000000122604440 ConcurrentGCThread "G1 Conc#0" [stack: 0x000000016bde8000,0x000000016bfeb000] [id=13315]
  0x0000000105805dd0 ConcurrentGCThread "G1 Conc#1" [stack: 0x000000016ee14000,0x000000016f017000] [id=41475]
  0x0000000112607e20 ConcurrentGCThread "G1 Refine#0" [stack: 0x000000016bff4000,0x000000016c1f7000] [id=21507]
  0x000000011263a940 ConcurrentGCThread "G1 Refine#1" [stack: 0x000000016e7f0000,0x000000016e9f3000] [id=34059]
  0x00000001126086d0 ConcurrentGCThread "G1 Service" [stack: 0x000000016c200000,0x000000016c403000] [id=16643]

Threads with active compile tasks:

VM state: not at safepoint (normal execution)

VM Mutex/Monitor currently owned by a thread: None

Heap address: 0x0000000780000000, size: 2048 MB, Compressed Oops mode: Zero based, Oop shift amount: 3

CDS archive(s) mapped at: [0x000000a800000000-0x000000a800bc0000-0x000000a800bc0000), size 12320768, SharedBaseAddress: 0x000000a800000000, ArchiveRelocationMode: 1.
Compressed class space mapped at: 0x000000a801000000-0x000000a841000000, reserved size: 1073741824
Narrow klass base: 0x000000a800000000, Narrow klass shift: 0, Narrow klass range: 0x100000000

GC Precious Log:
 CPUs: 8 total, 8 available
 Memory: 8192M
 Large Page Support: Disabled
 NUMA Support: Disabled
 Compressed Oops: Enabled (Zero based)
 Heap Region Size: 1M
 Heap Min Capacity: 8M
 Heap Initial Capacity: 128M
 Heap Max Capacity: 2G
 Pre-touch: Disabled
 Parallel Workers: 8
 Concurrent Workers: 2
 Concurrent Refinement Workers: 8
 Periodic GC: Disabled

Heap:
 garbage-first heap   total 119808K, used 64149K [0x0000000780000000, 0x0000000800000000)
  region size 1024K, 26 young (26624K), 2 survivors (2048K)
 Metaspace       used 61924K, committed 62464K, reserved 1114112K
  class space    used 8918K, committed 9216K, reserved 1048576K

Heap Regions: E=young(eden), S=young(survivor), O=old, HS=humongous(starts), HC=humongous(continues), CS=collection set, F=free, OA=open archive, CA=closed archive, TAMS=top-at-mark-start (previous, next)
|   0|0x0000000780000000, 0x0000000780100000, 0x0000000780100000|100%|HS|  |TAMS 0x0000000780100000, 0x0000000780000000| Complete 
|   1|0x0000000780100000, 0x0000000780200000, 0x0000000780200000|100%| O|  |TAMS 0x0000000780200000, 0x0000000780100000| Untracked 
|   2|0x0000000780200000, 0x0000000780300000, 0x0000000780300000|100%| O|  |TAMS 0x0000000780300000, 0x0000000780200000| Untracked 
|   3|0x0000000780300000, 0x0000000780400000, 0x0000000780400000|100%| O|  |TAMS 0x0000000780400000, 0x0000000780300000| Untracked 
|   4|0x0000000780400000, 0x0000000780500000, 0x0000000780500000|100%| O|  |TAMS 0x0000000780500000, 0x0000000780400000| Untracked 
|   5|0x0000000780500000, 0x0000000780600000, 0x0000000780600000|100%| O|  |TAMS 0x0000000780600000, 0x0000000780500000| Untracked 
|   6|0x0000000780600000, 0x0000000780600000, 0x0000000780700000|  0%| F|  |TAMS 0x0000000780600000, 0x0000000780600000| Untracked 
|   7|0x0000000780700000, 0x0000000780800000, 0x0000000780800000|100%| O|  |TAMS 0x0000000780700000, 0x0000000780700000| Untracked 
|   8|0x0000000780800000, 0x0000000780900000, 0x0000000780900000|100%| O|  |TAMS 0x0000000780900000, 0x0000000780800000| Untracked 
|   9|0x0000000780900000, 0x0000000780a00000, 0x0000000780a00000|100%| O|  |TAMS 0x0000000780a00000, 0x0000000780900000| Untracked 
|  10|0x0000000780a00000, 0x0000000780b00000, 0x0000000780b00000|100%| O|  |TAMS 0x0000000780b00000, 0x0000000780a00000| Untracked 
|  11|0x0000000780b00000, 0x0000000780c00000, 0x0000000780c00000|100%| O|  |TAMS 0x0000000780c00000, 0x0000000780b00000| Untracked 
|  12|0x0000000780c00000, 0x0000000780d00000, 0x0000000780d00000|100%| O|  |TAMS 0x0000000780d00000, 0x0000000780c00000| Untracked 
|  13|0x0000000780d00000, 0x0000000780e00000, 0x0000000780e00000|100%| O|  |TAMS 0x0000000780e00000, 0x0000000780d00000| Untracked 
|  14|0x0000000780e00000, 0x0000000780e00000, 0x0000000780f00000|  0%| F|  |TAMS 0x0000000780e00000, 0x0000000780e00000| Untracked 
|  15|0x0000000780f00000, 0x0000000781000000, 0x0000000781000000|100%| O|  |TAMS 0x0000000781000000, 0x0000000780f00000| Untracked 
|  16|0x0000000781000000, 0x0000000781100000, 0x0000000781100000|100%| O|  |TAMS 0x0000000781100000, 0x0000000781000000| Untracked 
|  17|0x0000000781100000, 0x0000000781200000, 0x0000000781200000|100%| O|  |TAMS 0x0000000781200000, 0x0000000781100000| Untracked 
|  18|0x0000000781200000, 0x0000000781300000, 0x0000000781300000|100%| O|  |TAMS 0x0000000781300000, 0x0000000781200000| Untracked 
|  19|0x0000000781300000, 0x0000000781400000, 0x0000000781400000|100%| O|  |TAMS 0x0000000781400000, 0x0000000781300000| Untracked 
|  20|0x0000000781400000, 0x0000000781500000, 0x0000000781500000|100%| O|  |TAMS 0x0000000781500000, 0x0000000781400000| Untracked 
|  21|0x0000000781500000, 0x0000000781600000, 0x0000000781600000|100%| O|  |TAMS 0x0000000781600000, 0x0000000781500000| Untracked 
|  22|0x0000000781600000, 0x0000000781700000, 0x0000000781700000|100%| O|  |TAMS 0x0000000781700000, 0x0000000781600000| Untracked 
|  23|0x0000000781700000, 0x0000000781700000, 0x0000000781800000|  0%| F|  |TAMS 0x0000000781700000, 0x0000000781700000| Untracked 
|  24|0x0000000781800000, 0x0000000781800000, 0x0000000781900000|  0%| F|  |TAMS 0x0000000781800000, 0x0000000781800000| Untracked 
|  25|0x0000000781900000, 0x0000000781a00000, 0x0000000781a00000|100%| O|  |TAMS 0x0000000781a00000, 0x0000000781900000| Untracked 
|  26|0x0000000781a00000, 0x0000000781b00000, 0x0000000781b00000|100%| O|  |TAMS 0x0000000781b00000, 0x0000000781a00000| Untracked 
|  27|0x0000000781b00000, 0x0000000781c00000, 0x0000000781c00000|100%| O|  |TAMS 0x0000000781c00000, 0x0000000781b00000| Untracked 
|  28|0x0000000781c00000, 0x0000000781d00000, 0x0000000781d00000|100%| O|  |TAMS 0x0000000781d00000, 0x0000000781c00000| Untracked 
|  29|0x0000000781d00000, 0x0000000781e00000, 0x0000000781e00000|100%| O|  |TAMS 0x0000000781e00000, 0x0000000781d00000| Untracked 
|  30|0x0000000781e00000, 0x0000000781f00000, 0x0000000781f00000|100%| O|  |TAMS 0x0000000781f00000, 0x0000000781e00000| Untracked 
|  31|0x0000000781f00000, 0x0000000782000000, 0x0000000782000000|100%| O|  |TAMS 0x0000000782000000, 0x0000000781f00000| Untracked 
|  32|0x0000000782000000, 0x0000000782100000, 0x0000000782100000|100%| O|  |TAMS 0x0000000782100000, 0x0000000782000000| Untracked 
|  33|0x0000000782100000, 0x0000000782200000, 0x0000000782200000|100%| O|  |TAMS 0x0000000782200000, 0x0000000782100000| Untracked 
|  34|0x0000000782200000, 0x0000000782200000, 0x0000000782300000|  0%| F|  |TAMS 0x0000000782200000, 0x0000000782200000| Untracked 
|  35|0x0000000782300000, 0x0000000782400000, 0x0000000782400000|100%| O|  |TAMS 0x0000000782400000, 0x0000000782300000| Untracked 
|  36|0x0000000782400000, 0x0000000782500000, 0x0000000782500000|100%| O|  |TAMS 0x0000000782500000, 0x0000000782400000| Untracked 
|  37|0x0000000782500000, 0x0000000782600000, 0x0000000782600000|100%| O|  |TAMS 0x0000000782600000, 0x0000000782500000| Untracked 
|  38|0x0000000782600000, 0x0000000782700000, 0x0000000782700000|100%| O|  |TAMS 0x00000007826cb600, 0x0000000782600000| Untracked 
|  39|0x0000000782700000, 0x0000000782800000, 0x0000000782800000|100%| O|  |TAMS 0x0000000782700000, 0x0000000782700000| Untracked 
|  40|0x0000000782800000, 0x0000000782900000, 0x0000000782900000|100%| O|  |TAMS 0x0000000782800000, 0x0000000782800000| Untracked 
|  41|0x0000000782900000, 0x0000000782a00000, 0x0000000782a00000|100%| O|  |TAMS 0x0000000782900000, 0x0000000782900000| Untracked 
|  42|0x0000000782a00000, 0x0000000782a28e00, 0x0000000782b00000| 15%| O|  |TAMS 0x0000000782a00000, 0x0000000782a00000| Untracked 
|  43|0x0000000782b00000, 0x0000000782b00000, 0x0000000782c00000|  0%| F|  |TAMS 0x0000000782b00000, 0x0000000782b00000| Untracked 
|  44|0x0000000782c00000, 0x0000000782c00000, 0x0000000782d00000|  0%| F|  |TAMS 0x0000000782c00000, 0x0000000782c00000| Untracked 
|  45|0x0000000782d00000, 0x0000000782d00000, 0x0000000782e00000|  0%| F|  |TAMS 0x0000000782d00000, 0x0000000782d00000| Untracked 
|  46|0x0000000782e00000, 0x0000000782e00000, 0x0000000782f00000|  0%| F|  |TAMS 0x0000000782e00000, 0x0000000782e00000| Untracked 
|  47|0x0000000782f00000, 0x0000000782f00000, 0x0000000783000000|  0%| F|  |TAMS 0x0000000782f00000, 0x0000000782f00000| Untracked 
|  48|0x0000000783000000, 0x0000000783000000, 0x0000000783100000|  0%| F|  |TAMS 0x0000000783000000, 0x0000000783000000| Untracked 
|  49|0x0000000783100000, 0x0000000783100000, 0x0000000783200000|  0%| F|  |TAMS 0x0000000783100000, 0x0000000783100000| Untracked 
|  50|0x0000000783200000, 0x0000000783200000, 0x0000000783300000|  0%| F|  |TAMS 0x0000000783200000, 0x0000000783200000| Untracked 
|  51|0x0000000783300000, 0x0000000783300000, 0x0000000783400000|  0%| F|  |TAMS 0x0000000783300000, 0x0000000783300000| Untracked 
|  52|0x0000000783400000, 0x0000000783400000, 0x0000000783500000|  0%| F|  |TAMS 0x0000000783400000, 0x0000000783400000| Untracked 
|  53|0x0000000783500000, 0x0000000783500000, 0x0000000783600000|  0%| F|  |TAMS 0x0000000783500000, 0x0000000783500000| Untracked 
|  54|0x0000000783600000, 0x0000000783600000, 0x0000000783700000|  0%| F|  |TAMS 0x0000000783600000, 0x0000000783600000| Untracked 
|  55|0x0000000783700000, 0x0000000783700000, 0x0000000783800000|  0%| F|  |TAMS 0x0000000783700000, 0x0000000783700000| Untracked 
|  56|0x0000000783800000, 0x0000000783800000, 0x0000000783900000|  0%| F|  |TAMS 0x0000000783800000, 0x0000000783800000| Untracked 
|  57|0x0000000783900000, 0x0000000783900000, 0x0000000783a00000|  0%| F|  |TAMS 0x0000000783900000, 0x0000000783900000| Untracked 
|  58|0x0000000783a00000, 0x0000000783a94758, 0x0000000783b00000| 57%| S|CS|TAMS 0x0000000783a00000, 0x0000000783a00000| Complete 
|  59|0x0000000783b00000, 0x0000000783c00000, 0x0000000783c00000|100%| S|CS|TAMS 0x0000000783b00000, 0x0000000783b00000| Complete 
|  60|0x0000000783c00000, 0x0000000783c00000, 0x0000000783d00000|  0%| F|  |TAMS 0x0000000783c00000, 0x0000000783c00000| Untracked 
|  61|0x0000000783d00000, 0x0000000783d00000, 0x0000000783e00000|  0%| F|  |TAMS 0x0000000783d00000, 0x0000000783d00000| Untracked 
|  62|0x0000000783e00000, 0x0000000783e00000, 0x0000000783f00000|  0%| F|  |TAMS 0x0000000783e00000, 0x0000000783e00000| Untracked 
|  63|0x0000000783f00000, 0x0000000783f00000, 0x0000000784000000|  0%| F|  |TAMS 0x0000000783f00000, 0x0000000783f00000| Untracked 
|  64|0x0000000784000000, 0x0000000784000000, 0x0000000784100000|  0%| F|  |TAMS 0x0000000784000000, 0x0000000784000000| Untracked 
|  65|0x0000000784100000, 0x0000000784100000, 0x0000000784200000|  0%| F|  |TAMS 0x0000000784100000, 0x0000000784100000| Untracked 
|  66|0x0000000784200000, 0x0000000784200000, 0x0000000784300000|  0%| F|  |TAMS 0x0000000784200000, 0x0000000784200000| Untracked 
|  67|0x0000000784300000, 0x0000000784300000, 0x0000000784400000|  0%| F|  |TAMS 0x0000000784300000, 0x0000000784300000| Untracked 
|  68|0x0000000784400000, 0x0000000784400000, 0x0000000784500000|  0%| F|  |TAMS 0x0000000784400000, 0x0000000784400000| Untracked 
|  69|0x0000000784500000, 0x0000000784500000, 0x0000000784600000|  0%| F|  |TAMS 0x0000000784500000, 0x0000000784500000| Untracked 
|  70|0x0000000784600000, 0x0000000784600000, 0x0000000784700000|  0%| F|  |TAMS 0x0000000784600000, 0x0000000784600000| Untracked 
|  71|0x0000000784700000, 0x0000000784700000, 0x0000000784800000|  0%| F|  |TAMS 0x0000000784700000, 0x0000000784700000| Untracked 
|  72|0x0000000784800000, 0x0000000784800000, 0x0000000784900000|  0%| F|  |TAMS 0x0000000784800000, 0x0000000784800000| Untracked 
|  73|0x0000000784900000, 0x0000000784900000, 0x0000000784a00000|  0%| F|  |TAMS 0x0000000784900000, 0x0000000784900000| Untracked 
|  74|0x0000000784a00000, 0x0000000784a00000, 0x0000000784b00000|  0%| F|  |TAMS 0x0000000784a00000, 0x0000000784a00000| Untracked 
|  75|0x0000000784b00000, 0x0000000784b00000, 0x0000000784c00000|  0%| F|  |TAMS 0x0000000784b00000, 0x0000000784b00000| Untracked 
|  76|0x0000000784c00000, 0x0000000784c00000, 0x0000000784d00000|  0%| F|  |TAMS 0x0000000784c00000, 0x0000000784c00000| Untracked 
|  77|0x0000000784d00000, 0x0000000784d00000, 0x0000000784e00000|  0%| F|  |TAMS 0x0000000784d00000, 0x0000000784d00000| Untracked 
|  78|0x0000000784e00000, 0x0000000784e00000, 0x0000000784f00000|  0%| F|  |TAMS 0x0000000784e00000, 0x0000000784e00000| Untracked 
|  79|0x0000000784f00000, 0x0000000784f00000, 0x0000000785000000|  0%| F|  |TAMS 0x0000000784f00000, 0x0000000784f00000| Untracked 
|  80|0x0000000785000000, 0x0000000785000000, 0x0000000785100000|  0%| F|  |TAMS 0x0000000785000000, 0x0000000785000000| Untracked 
|  81|0x0000000785100000, 0x0000000785100000, 0x0000000785200000|  0%| F|  |TAMS 0x0000000785100000, 0x0000000785100000| Untracked 
|  82|0x0000000785200000, 0x0000000785200000, 0x0000000785300000|  0%| F|  |TAMS 0x0000000785200000, 0x0000000785200000| Untracked 
|  83|0x0000000785300000, 0x0000000785300000, 0x0000000785400000|  0%| F|  |TAMS 0x0000000785300000, 0x0000000785300000| Untracked 
|  84|0x0000000785400000, 0x0000000785400000, 0x0000000785500000|  0%| F|  |TAMS 0x0000000785400000, 0x0000000785400000| Untracked 
|  85|0x0000000785500000, 0x0000000785500000, 0x0000000785600000|  0%| F|  |TAMS 0x0000000785500000, 0x0000000785500000| Untracked 
|  86|0x0000000785600000, 0x0000000785600000, 0x0000000785700000|  0%| F|  |TAMS 0x0000000785600000, 0x0000000785600000| Untracked 
|  87|0x0000000785700000, 0x0000000785700000, 0x0000000785800000|  0%| F|  |TAMS 0x0000000785700000, 0x0000000785700000| Untracked 
|  88|0x0000000785800000, 0x0000000785800000, 0x0000000785900000|  0%| F|  |TAMS 0x0000000785800000, 0x0000000785800000| Untracked 
|  89|0x0000000785900000, 0x0000000785900000, 0x0000000785a00000|  0%| F|  |TAMS 0x0000000785900000, 0x0000000785900000| Untracked 
|  90|0x0000000785a00000, 0x0000000785a00000, 0x0000000785b00000|  0%| F|  |TAMS 0x0000000785a00000, 0x0000000785a00000| Untracked 
|  91|0x0000000785b00000, 0x0000000785bcc0d0, 0x0000000785c00000| 79%| E|  |TAMS 0x0000000785b00000, 0x0000000785b00000| Complete 
|  92|0x0000000785c00000, 0x0000000785d00000, 0x0000000785d00000|100%| E|CS|TAMS 0x0000000785c00000, 0x0000000785c00000| Complete 
|  93|0x0000000785d00000, 0x0000000785e00000, 0x0000000785e00000|100%| E|CS|TAMS 0x0000000785d00000, 0x0000000785d00000| Complete 
|  94|0x0000000785e00000, 0x0000000785f00000, 0x0000000785f00000|100%| E|CS|TAMS 0x0000000785e00000, 0x0000000785e00000| Complete 
|  95|0x0000000785f00000, 0x0000000786000000, 0x0000000786000000|100%| E|CS|TAMS 0x0000000785f00000, 0x0000000785f00000| Complete 
|  96|0x0000000786000000, 0x0000000786100000, 0x0000000786100000|100%| E|CS|TAMS 0x0000000786000000, 0x0000000786000000| Complete 
|  97|0x0000000786100000, 0x0000000786200000, 0x0000000786200000|100%| E|CS|TAMS 0x0000000786100000, 0x0000000786100000| Complete 
|  98|0x0000000786200000, 0x0000000786300000, 0x0000000786300000|100%| E|CS|TAMS 0x0000000786200000, 0x0000000786200000| Complete 
|  99|0x0000000786300000, 0x0000000786400000, 0x0000000786400000|100%| E|CS|TAMS 0x0000000786300000, 0x0000000786300000| Complete 
| 100|0x0000000786400000, 0x0000000786500000, 0x0000000786500000|100%| E|CS|TAMS 0x0000000786400000, 0x0000000786400000| Complete 
| 101|0x0000000786500000, 0x0000000786600000, 0x0000000786600000|100%| E|CS|TAMS 0x0000000786500000, 0x0000000786500000| Complete 
| 102|0x0000000786600000, 0x0000000786700000, 0x0000000786700000|100%| E|CS|TAMS 0x0000000786600000, 0x0000000786600000| Complete 
| 103|0x0000000786700000, 0x0000000786800000, 0x0000000786800000|100%| E|CS|TAMS 0x0000000786700000, 0x0000000786700000| Complete 
| 104|0x0000000786800000, 0x0000000786900000, 0x0000000786900000|100%| E|CS|TAMS 0x0000000786800000, 0x0000000786800000| Complete 
| 105|0x0000000786900000, 0x0000000786a00000, 0x0000000786a00000|100%| E|CS|TAMS 0x0000000786900000, 0x0000000786900000| Complete 
| 106|0x0000000786a00000, 0x0000000786b00000, 0x0000000786b00000|100%| E|CS|TAMS 0x0000000786a00000, 0x0000000786a00000| Complete 
| 107|0x0000000786b00000, 0x0000000786c00000, 0x0000000786c00000|100%| E|CS|TAMS 0x0000000786b00000, 0x0000000786b00000| Complete 
| 108|0x0000000786c00000, 0x0000000786d00000, 0x0000000786d00000|100%| E|CS|TAMS 0x0000000786c00000, 0x0000000786c00000| Complete 
| 109|0x0000000786d00000, 0x0000000786e00000, 0x0000000786e00000|100%| E|CS|TAMS 0x0000000786d00000, 0x0000000786d00000| Complete 
| 117|0x0000000787500000, 0x0000000787600000, 0x0000000787600000|100%| E|CS|TAMS 0x0000000787500000, 0x0000000787500000| Complete 
| 118|0x0000000787600000, 0x0000000787700000, 0x0000000787700000|100%| E|CS|TAMS 0x0000000787600000, 0x0000000787600000| Complete 
| 119|0x0000000787700000, 0x0000000787800000, 0x0000000787800000|100%| E|CS|TAMS 0x0000000787700000, 0x0000000787700000| Complete 
| 120|0x0000000787800000, 0x0000000787900000, 0x0000000787900000|100%| E|CS|TAMS 0x0000000787800000, 0x0000000787800000| Complete 
| 127|0x0000000787f00000, 0x0000000788000000, 0x0000000788000000|100%| E|CS|TAMS 0x0000000787f00000, 0x0000000787f00000| Complete 
|2046|0x00000007ffe00000, 0x00000007ffe74000, 0x00000007fff00000| 45%|OA|  |TAMS 0x00000007ffe74000, 0x00000007ffe00000| Untracked 
|2047|0x00000007fff00000, 0x00000007fff74000, 0x0000000800000000| 45%|CA|  |TAMS 0x00000007fff74000, 0x00000007fff00000| Untracked 

Card table byte_map: [0x0000000104edc000,0x00000001052dc000] _byte_map_base: 0x00000001012dc000

Marking Bits (Prev, Next): (CMBitMap*) 0x000000012302ca50, (CMBitMap*) 0x000000012302ca10
 Prev Bits: [0x0000000114700000, 0x0000000116700000)
 Next Bits: [0x0000000112700000, 0x0000000114700000)

Polling page: 0x0000000104760000

Metaspace:

Usage:
  Non-class:     51.76 MB used.
      Class:      8.71 MB used.
       Both:     60.47 MB used.

Virtual space:
  Non-class space:       64.00 MB reserved,      52.00 MB ( 81%) committed,  1 nodes.
      Class space:        1.00 GB reserved,       9.00 MB ( <1%) committed,  1 nodes.
             Both:        1.06 GB reserved,      61.00 MB (  6%) committed. 

Chunk freelists:
   Non-Class:  11.70 MB
       Class:  6.99 MB
        Both:  18.69 MB

MaxMetaspaceSize: unlimited
CompressedClassSpaceSize: 1.00 GB
Initial GC threshold: 21.00 MB
Current GC threshold: 99.00 MB
CDS: on
MetaspaceReclaimPolicy: balanced
 - commit_granule_bytes: 65536.
 - commit_granule_words: 8192.
 - virtual_space_node_default_size: 8388608.
 - enlarge_chunks_in_place: 1.
 - new_chunks_are_fully_committed: 0.
 - uncommit_free_chunks: 1.
 - use_allocation_guard: 0.
 - handle_deallocations: 1.


Internal statistics:

num_allocs_failed_limit: 11.
num_arena_births: 992.
num_arena_deaths: 286.
num_vsnodes_births: 2.
num_vsnodes_deaths: 0.
num_space_committed: 976.
num_space_uncommitted: 0.
num_chunks_returned_to_freelist: 330.
num_chunks_taken_from_freelist: 3419.
num_chunk_merges: 118.
num_chunk_splits: 2281.
num_chunks_enlarged: 1719.
num_inconsistent_stats: 0.

CodeCache: size=49152Kb used=17051Kb max_used=17435Kb free=32101Kb
 bounds [0x000000010e648000, 0x000000010f758000, 0x0000000111648000]
 total_blobs=10274 nmethods=9640 adapters=565
 compilation: enabled
              stopped_count=0, restarted_count=0
 full_count=0

Compilation events (20 events):
Event: 8124.057 Thread 0x000000011680a400 9931       1       org.apache.http.client.methods.AbstractExecutionAwareRequest::isAborted (8 bytes)
Event: 8124.057 Thread 0x000000011680a400 nmethod 9931 0x000000010f71ba90 code [0x000000010f71bc00, 0x000000010f71bcd8]
Event: 8124.057 Thread 0x000000011680a400 9928       1       org.apache.http.ProtocolVersion::compareToVersion (61 bytes)
Event: 8124.058 Thread 0x000000011680a400 nmethod 9928 0x000000010f71ab90 code [0x000000010f71ae00, 0x000000010f71b5d8]
Event: 8124.058 Thread 0x000000011680a400 9929       1       org.apache.http.util.Args::check (18 bytes)
Event: 8124.059 Thread 0x000000011680a400 nmethod 9929 0x000000010f71a390 code [0x000000010f71a580, 0x000000010f71a918]
Event: 8124.059 Thread 0x000000011680a400 9926       1       org.apache.http.message.AbstractHttpMessage::getAllHeaders (8 bytes)
Event: 8124.059 Thread 0x000000011680a400 nmethod 9926 0x000000010f719e90 code [0x000000010f71a040, 0x000000010f71a298]
Event: 8124.059 Thread 0x000000011680a400 9927       1       org.apache.http.message.HeaderGroup::getAllHeaders (25 bytes)
Event: 8124.060 Thread 0x000000011680a400 nmethod 9927 0x000000010f719990 code [0x000000010f719b40, 0x000000010f719d58]
Event: 8124.060 Thread 0x000000011680a400 9930       1       org.apache.http.protocol.HttpCoreContext::getTargetHost (13 bytes)
Event: 8124.061 Thread 0x000000011680a400 nmethod 9930 0x000000010f719310 code [0x000000010f719500, 0x000000010f719798]
Event: 8142.961 Thread 0x000000011680a400 9932       1       java.net.URI::getRawSchemeSpecificPart (156 bytes)
Event: 8142.962 Thread 0x000000011680a400 nmethod 9932 0x000000010f718510 code [0x000000010f718740, 0x000000010f718ef8]
Event: 8142.966 Thread 0x000000011680a400 9933       1       com.netflix.discovery.util.DeserializerStringCache$CharBuffer$StringCharBuffer::<init> (28 bytes)
Event: 8142.966 Thread 0x000000011680a400 nmethod 9933 0x000000010f718110 code [0x000000010f7182c0, 0x000000010f718438]
Event: 8647.052 Thread 0x000000011680a400 9934       1       org.glassfish.jersey.internal.guava.LocalCache$Segment::evictEntries (61 bytes)
Event: 8647.058 Thread 0x000000011680a400 nmethod 9934 0x000000010f717a90 code [0x000000010f717c80, 0x000000010f717f38]
Event: 8647.606 Thread 0x000000011680a400 9935       1       java.util.HashMap::<init> (17 bytes)
Event: 8647.617 Thread 0x000000011680a400 nmethod 9935 0x000000010f717710 code [0x000000010f7178c0, 0x000000010f7179b8]

GC Heap History (20 events):
Event: 1.437 GC heap before
{Heap before GC invocations=6 (full 0):
 garbage-first heap   total 101376K, used 72506K [0x0000000780000000, 0x0000000800000000)
  region size 1024K, 56 young (57344K), 8 survivors (8192K)
 Metaspace       used 33778K, committed 34240K, reserved 1114112K
  class space    used 4626K, committed 4864K, reserved 1048576K
}
Event: 1.444 GC heap after
{Heap after GC invocations=7 (full 0):
 garbage-first heap   total 101376K, used 25998K [0x0000000780000000, 0x0000000800000000)
  region size 1024K, 7 young (7168K), 7 survivors (7168K)
 Metaspace       used 33778K, committed 34240K, reserved 1114112K
  class space    used 4626K, committed 4864K, reserved 1048576K
}
Event: 1.535 GC heap before
{Heap before GC invocations=7 (full 0):
 garbage-first heap   total 101376K, used 46478K [0x0000000780000000, 0x0000000800000000)
  region size 1024K, 28 young (28672K), 7 survivors (7168K)
 Metaspace       used 35671K, committed 36160K, reserved 1114112K
  class space    used 4907K, committed 5184K, reserved 1048576K
}
Event: 1.541 GC heap after
{Heap after GC invocations=8 (full 0):
 garbage-first heap   total 101376K, used 27259K [0x0000000780000000, 0x0000000800000000)
  region size 1024K, 2 young (2048K), 2 survivors (2048K)
 Metaspace       used 35671K, committed 36160K, reserved 1114112K
  class space    used 4907K, committed 5184K, reserved 1048576K
}
Event: 1.770 GC heap before
{Heap before GC invocations=9 (full 0):
 garbage-first heap   total 99328K, used 74363K [0x0000000780000000, 0x0000000800000000)
  region size 1024K, 49 young (50176K), 2 survivors (2048K)
 Metaspace       used 41164K, committed 41600K, reserved 1114112K
  class space    used 5761K, committed 5952K, reserved 1048576K
}
Event: 1.777 GC heap after
{Heap after GC invocations=10 (full 0):
 garbage-first heap   total 99328K, used 31837K [0x0000000780000000, 0x0000000800000000)
  region size 1024K, 7 young (7168K), 7 survivors (7168K)
 Metaspace       used 41164K, committed 41600K, reserved 1114112K
  class space    used 5761K, committed 5952K, reserved 1048576K
}
Event: 2.078 GC heap before
{Heap before GC invocations=10 (full 0):
 garbage-first heap   total 99328K, used 73821K [0x0000000780000000, 0x0000000800000000)
  region size 1024K, 48 young (49152K), 7 survivors (7168K)
 Metaspace       used 47757K, committed 48320K, reserved 1114112K
  class space    used 6831K, committed 7104K, reserved 1048576K
}
Event: 2.082 GC heap after
{Heap after GC invocations=11 (full 0):
 garbage-first heap   total 99328K, used 35865K [0x0000000780000000, 0x0000000800000000)
  region size 1024K, 4 young (4096K), 4 survivors (4096K)
 Metaspace       used 47757K, committed 48320K, reserved 1114112K
  class space    used 6831K, committed 7104K, reserved 1048576K
}
Event: 7.345 GC heap before
{Heap before GC invocations=11 (full 0):
 garbage-first heap   total 99328K, used 73753K [0x0000000780000000, 0x0000000800000000)
  region size 1024K, 41 young (41984K), 4 survivors (4096K)
 Metaspace       used 52759K, committed 53312K, reserved 1114112K
  class space    used 7563K, committed 7808K, reserved 1048576K
}
Event: 7.351 GC heap after
{Heap after GC invocations=12 (full 0):
 garbage-first heap   total 119808K, used 40043K [0x0000000780000000, 0x0000000800000000)
  region size 1024K, 5 young (5120K), 5 survivors (5120K)
 Metaspace       used 52759K, committed 53312K, reserved 1114112K
  class space    used 7563K, committed 7808K, reserved 1048576K
}
Event: 987.642 GC heap before
{Heap before GC invocations=12 (full 0):
 garbage-first heap   total 119808K, used 88171K [0x0000000780000000, 0x0000000800000000)
  region size 1024K, 53 young (54272K), 5 survivors (5120K)
 Metaspace       used 59263K, committed 59904K, reserved 1114112K
  class space    used 8474K, committed 8768K, reserved 1048576K
}
Event: 987.690 GC heap after
{Heap after GC invocations=13 (full 0):
 garbage-first heap   total 119808K, used 43022K [0x0000000780000000, 0x0000000800000000)
  region size 1024K, 4 young (4096K), 4 survivors (4096K)
 Metaspace       used 59263K, committed 59904K, reserved 1114112K
  class space    used 8474K, committed 8768K, reserved 1048576K
}
Event: 1162.193 GC heap before
{Heap before GC invocations=13 (full 0):
 garbage-first heap   total 119808K, used 52238K [0x0000000780000000, 0x0000000800000000)
  region size 1024K, 14 young (14336K), 4 survivors (4096K)
 Metaspace       used 60008K, committed 60608K, reserved 1114112K
  class space    used 8580K, committed 8896K, reserved 1048576K
}
Event: 1162.201 GC heap after
{Heap after GC invocations=14 (full 0):
 garbage-first heap   total 119808K, used 42652K [0x0000000780000000, 0x0000000800000000)
  region size 1024K, 3 young (3072K), 3 survivors (3072K)
 Metaspace       used 60008K, committed 60608K, reserved 1114112K
  class space    used 8580K, committed 8896K, reserved 1048576K
}
Event: 4579.055 GC heap before
{Heap before GC invocations=15 (full 0):
 garbage-first heap   total 119808K, used 92828K [0x0000000780000000, 0x0000000800000000)
  region size 1024K, 53 young (54272K), 3 survivors (3072K)
 Metaspace       used 59868K, committed 60800K, reserved 1114112K
  class space    used 8538K, committed 8896K, reserved 1048576K
}
Event: 4579.098 GC heap after
{Heap after GC invocations=16 (full 0):
 garbage-first heap   total 119808K, used 42035K [0x0000000780000000, 0x0000000800000000)
  region size 1024K, 4 young (4096K), 4 survivors (4096K)
 Metaspace       used 59868K, committed 60800K, reserved 1114112K
  class space    used 8538K, committed 8896K, reserved 1048576K
}
Event: 4621.808 GC heap before
{Heap before GC invocations=16 (full 0):
 garbage-first heap   total 119808K, used 43059K [0x0000000780000000, 0x0000000800000000)
  region size 1024K, 5 young (5120K), 4 survivors (4096K)
 Metaspace       used 59888K, committed 60800K, reserved 1114112K
  class space    used 8542K, committed 8896K, reserved 1048576K
}
Event: 4621.843 GC heap after
{Heap after GC invocations=17 (full 0):
 garbage-first heap   total 119808K, used 39512K [0x0000000780000000, 0x0000000800000000)
  region size 1024K, 1 young (1024K), 1 survivors (1024K)
 Metaspace       used 59888K, committed 60800K, reserved 1114112K
  class space    used 8542K, committed 8896K, reserved 1048576K
}
Event: 7023.226 GC heap before
{Heap before GC invocations=17 (full 0):
 garbage-first heap   total 119808K, used 94808K [0x0000000780000000, 0x0000000800000000)
  region size 1024K, 55 young (56320K), 1 survivors (1024K)
 Metaspace       used 61923K, committed 62464K, reserved 1114112K
  class space    used 8917K, committed 9216K, reserved 1048576K
}
Event: 7023.241 GC heap after
{Heap after GC invocations=18 (full 0):
 garbage-first heap   total 119808K, used 40597K [0x0000000780000000, 0x0000000800000000)
  region size 1024K, 2 young (2048K), 2 survivors (2048K)
 Metaspace       used 61923K, committed 62464K, reserved 1114112K
  class space    used 8917K, committed 9216K, reserved 1048576K
}

Dll operation events (11 events):
Event: 0.007 Loaded shared library /Users/a/Library/Java/JavaVirtualMachines/ms-17.0.17/Contents/Home/lib/libjava.dylib
Event: 0.059 Loaded shared library /Users/a/Library/Java/JavaVirtualMachines/ms-17.0.17/Contents/Home/lib/libzip.dylib
Event: 0.059 Loaded shared library /Users/a/Library/Java/JavaVirtualMachines/ms-17.0.17/Contents/Home/lib/libinstrument.dylib
Event: 0.062 Loaded shared library /Users/a/Library/Java/JavaVirtualMachines/ms-17.0.17/Contents/Home/lib/libnio.dylib
Event: 0.066 Loaded shared library /Users/a/Library/Java/JavaVirtualMachines/ms-17.0.17/Contents/Home/lib/libzip.dylib
Event: 0.125 Loaded shared library /Users/a/Library/Java/JavaVirtualMachines/ms-17.0.17/Contents/Home/lib/libnet.dylib
Event: 0.130 Loaded shared library /Users/a/Library/Java/JavaVirtualMachines/ms-17.0.17/Contents/Home/lib/libextnet.dylib
Event: 0.135 Loaded shared library /Users/a/Library/Java/JavaVirtualMachines/ms-17.0.17/Contents/Home/lib/libjimage.dylib
Event: 1.301 Loaded shared library /Users/a/Library/Java/JavaVirtualMachines/ms-17.0.17/Contents/Home/lib/libmanagement.dylib
Event: 1.302 Loaded shared library /Users/a/Library/Java/JavaVirtualMachines/ms-17.0.17/Contents/Home/lib/libmanagement_ext.dylib
Event: 1.355 Loaded shared library /Users/a/Library/Java/JavaVirtualMachines/ms-17.0.17/Contents/Home/lib/libverify.dylib

Deoptimization events (20 events):
Event: 7.375 Thread 0x0000000124009000 DEOPT PACKING pc=0x000000010f03e27c sp=0x000000016b9c5de0
Event: 7.375 Thread 0x0000000124009000 DEOPT UNPACKING pc=0x000000010e68f77c sp=0x000000016b9c5b40 mode 3
Event: 81.294 Thread 0x0000000125218a00 DEOPT PACKING pc=0x000000010edefebc sp=0x00000001750486a0
Event: 81.294 Thread 0x0000000125218a00 DEOPT UNPACKING pc=0x000000010e68f77c sp=0x00000001750483a0 mode 3
Event: 81.294 Thread 0x0000000125218a00 DEOPT PACKING pc=0x000000010edf1040 sp=0x00000001750486f0
Event: 81.294 Thread 0x0000000125218a00 DEOPT UNPACKING pc=0x000000010e68f77c sp=0x00000001750483d0 mode 3
Event: 81.294 Thread 0x0000000125218400 DEOPT PACKING pc=0x000000010edefebc sp=0x0000000174e3c6a0
Event: 81.294 Thread 0x0000000125218400 DEOPT UNPACKING pc=0x000000010e68f77c sp=0x0000000174e3c3a0 mode 3
Event: 411.579 Thread 0x00000001229b4600 DEOPT PACKING pc=0x000000010f16737c sp=0x0000000174401e50
Event: 411.580 Thread 0x00000001229b4600 DEOPT UNPACKING pc=0x000000010e68f77c sp=0x0000000174401bc0 mode 3
Event: 6599.879 Thread 0x000000012532bc00 DEOPT PACKING pc=0x000000010f0502cc sp=0x00000001708a68c0
Event: 6599.882 Thread 0x000000012532bc00 DEOPT UNPACKING pc=0x000000010e68f77c sp=0x00000001708a6580 mode 3
Event: 6641.998 Thread 0x0000000125217e00 DEOPT PACKING pc=0x000000010e883758 sp=0x0000000174c2e680
Event: 6641.998 Thread 0x0000000125217e00 DEOPT UNPACKING pc=0x000000010e68f77c sp=0x0000000174c2e3d0 mode 3
Event: 6642.000 Thread 0x0000000125217e00 DEOPT PACKING pc=0x000000010f6761ac sp=0x0000000174c2e400
Event: 6642.000 Thread 0x0000000125217e00 DEOPT UNPACKING pc=0x000000010e68f77c sp=0x0000000174c2e1f0 mode 3
Event: 6642.005 Thread 0x0000000125217e00 DEOPT PACKING pc=0x000000010f4e0d90 sp=0x0000000174c2f600
Event: 6642.005 Thread 0x0000000125217e00 DEOPT UNPACKING pc=0x000000010e68f77c sp=0x0000000174c2f3b0 mode 3
Event: 6642.006 Thread 0x0000000125217e00 DEOPT PACKING pc=0x000000010f56a1e4 sp=0x0000000174c30dc0
Event: 6642.006 Thread 0x0000000125217e00 DEOPT UNPACKING pc=0x000000010e68f77c sp=0x0000000174c30b30 mode 3

Classes loaded (20 events):
Event: 6641.999 Loading class com/sun/beans/finder/FinderUtils
Event: 6641.999 Loading class com/sun/beans/finder/FinderUtils done
Event: 6642.000 Loading class java/util/LinkedHashMap$EntryCustomizer
Event: 6642.000 Loading class java/util/LinkedHashMap$EntryCustomizer done
Event: 6642.000 Loading class java/util/LinkedHashMap$EntryCustomizer
Event: 6642.000 Loading class java/util/LinkedHashMap$EntryCustomizer done
Event: 6642.001 Loading class java/lang/EnumBeanInfo
Event: 6642.001 Loading class java/lang/EnumBeanInfo done
Event: 6642.002 Loading class java/lang/EnumBeanInfo
Event: 6642.002 Loading class java/lang/EnumBeanInfo done
Event: 6642.002 Loading class java/lang/EnumCustomizer
Event: 6642.002 Loading class java/lang/EnumCustomizer done
Event: 6642.002 Loading class java/lang/EnumCustomizer
Event: 6642.002 Loading class java/lang/EnumCustomizer done
Event: 6642.002 Loading class sun/reflect/generics/tree/IntSignature
Event: 6642.002 Loading class sun/reflect/generics/tree/IntSignature done
Event: 6642.002 Loading class java/lang/Enum$EnumDesc
Event: 6642.002 Loading class java/lang/Enum$EnumDesc done
Event: 6642.358 Loading class java/util/ArrayList$SubList$2
Event: 6642.358 Loading class java/util/ArrayList$SubList$2 done

Classes unloaded (20 events):
Event: 1162.221 Thread 0x000000011260af10 Unloading class 0x000000a801129400 'java/lang/invoke/LambdaForm$MH+0x000000a801129400'
Event: 1162.221 Thread 0x000000011260af10 Unloading class 0x000000a801129000 'java/lang/invoke/LambdaForm$MH+0x000000a801129000'
Event: 1162.221 Thread 0x000000011260af10 Unloading class 0x000000a801128c00 'java/lang/invoke/LambdaForm$MH+0x000000a801128c00'
Event: 1162.221 Thread 0x000000011260af10 Unloading class 0x000000a801122000 'java/lang/invoke/LambdaForm$MH+0x000000a801122000'
Event: 1162.221 Thread 0x000000011260af10 Unloading class 0x000000a801121c00 'java/lang/invoke/LambdaForm$MH+0x000000a801121c00'
Event: 1162.221 Thread 0x000000011260af10 Unloading class 0x000000a801121400 'java/lang/invoke/LambdaForm$MH+0x000000a801121400'
Event: 1162.221 Thread 0x000000011260af10 Unloading class 0x000000a801108000 'java/lang/invoke/LambdaForm$DMH+0x000000a801108000'
Event: 1162.221 Thread 0x000000011260af10 Unloading class 0x000000a80102c800 'java/lang/invoke/LambdaForm$MH+0x000000a80102c800'
Event: 1162.221 Thread 0x000000011260af10 Unloading class 0x000000a80102c400 'java/lang/invoke/LambdaForm$MH+0x000000a80102c400'
Event: 1162.221 Thread 0x000000011260af10 Unloading class 0x000000a80102bc00 'java/lang/invoke/LambdaForm$MH+0x000000a80102bc00'
Event: 1162.221 Thread 0x000000011260af10 Unloading class 0x000000a80102b800 'java/lang/invoke/LambdaForm$MH+0x000000a80102b800'
Event: 1162.221 Thread 0x000000011260af10 Unloading class 0x000000a80102a800 'java/lang/invoke/LambdaForm$MH+0x000000a80102a800'
Event: 1162.221 Thread 0x000000011260af10 Unloading class 0x000000a80102a000 'java/lang/invoke/LambdaForm$MH+0x000000a80102a000'
Event: 1162.221 Thread 0x000000011260af10 Unloading class 0x000000a801029c00 'java/lang/invoke/LambdaForm$MH+0x000000a801029c00'
Event: 1162.221 Thread 0x000000011260af10 Unloading class 0x000000a801029800 'java/lang/invoke/LambdaForm$MH+0x000000a801029800'
Event: 1162.221 Thread 0x000000011260af10 Unloading class 0x000000a801029400 'java/lang/invoke/LambdaForm$MH+0x000000a801029400'
Event: 1162.221 Thread 0x000000011260af10 Unloading class 0x000000a801029000 'java/lang/invoke/LambdaForm$MH+0x000000a801029000'
Event: 1162.221 Thread 0x000000011260af10 Unloading class 0x000000a801028800 'java/lang/invoke/LambdaForm$MH+0x000000a801028800'
Event: 1162.221 Thread 0x000000011260af10 Unloading class 0x000000a801028000 'java/lang/invoke/LambdaForm$MH+0x000000a801028000'
Event: 1162.221 Thread 0x000000011260af10 Unloading class 0x000000a80100cc00 'java/lang/invoke/LambdaForm$DMH+0x000000a80100cc00'

Classes redefined (0 events):
No events

Internal exceptions (20 events):
Event: 6641.979 Thread 0x0000000125217e00 Exception <a 'java/lang/ClassNotFoundException'{0x00000007845d5d48}: java/lang/ObjectCustomizer> (0x00000007845d5d48) 
thrown [src/hotspot/share/classfile/systemDictionary.cpp, line 256]
Event: 6641.982 Thread 0x0000000125217e00 Exception <a 'java/lang/ClassNotFoundException'{0x00000007845e6828}: org/springframework/web/servlet/support/RequestContextCustomizer> (0x00000007845e6828) 
thrown [src/hotspot/share/classfile/systemDictionary.cpp, line 256]
Event: 6641.991 Thread 0x0000000125217e00 Exception <a 'java/lang/ClassNotFoundException'{0x00000007844de910}: org/springframework/cloud/netflix/eureka/server/InstanceRegistryBeanInfo> (0x00000007844de910) 
thrown [src/hotspot/share/classfile/systemDictionary.cpp, line 256]
Event: 6641.991 Thread 0x0000000125217e00 Exception <a 'java/lang/ClassNotFoundException'{0x00000007844e7860}: com/netflix/eureka/registry/PeerAwareInstanceRegistryImplBeanInfo> (0x00000007844e7860) 
thrown [src/hotspot/share/classfile/systemDictionary.cpp, line 256]
Event: 6641.991 Thread 0x0000000125217e00 Exception <a 'java/lang/ClassNotFoundException'{0x00000007844f0748}: com/netflix/eureka/registry/AbstractInstanceRegistryBeanInfo> (0x00000007844f0748) 
thrown [src/hotspot/share/classfile/systemDictionary.cpp, line 256]
Event: 6641.992 Thread 0x0000000125217e00 Exception <a 'java/lang/ClassNotFoundException'{0x00000007844f93e8}: com/netflix/eureka/registry/AbstractInstanceRegistryCustomizer> (0x00000007844f93e8) 
thrown [src/hotspot/share/classfile/systemDictionary.cpp, line 256]
Event: 6641.993 Thread 0x0000000125217e00 Exception <a 'java/lang/ClassNotFoundException'{0x000000078431a6a8}: com/netflix/eureka/registry/PeerAwareInstanceRegistryImplCustomizer> (0x000000078431a6a8) 
thrown [src/hotspot/share/classfile/systemDictionary.cpp, line 256]
Event: 6641.993 Thread 0x0000000125217e00 Exception <a 'java/lang/ClassNotFoundException'{0x00000007843371f8}: org/springframework/cloud/netflix/eureka/server/InstanceRegistryCustomizer> (0x00000007843371f8) 
thrown [src/hotspot/share/classfile/systemDictionary.cpp, line 256]
Event: 6641.998 Thread 0x0000000125217e00 Exception <a 'java/lang/ClassNotFoundException'{0x0000000784378fe8}: java/util/LinkedHashMap$EntryBeanInfo> (0x0000000784378fe8) 
thrown [src/hotspot/share/classfile/systemDictionary.cpp, line 256]
Event: 6641.998 Thread 0x0000000125217e00 Exception <a 'java/lang/ClassNotFoundException'{0x000000078437b9b0}: java/util/HashMap$NodeBeanInfo> (0x000000078437b9b0) 
thrown [src/hotspot/share/classfile/systemDictionary.cpp, line 256]
Event: 6641.998 Thread 0x0000000125217e00 Exception <a 'java/lang/ClassNotFoundException'{0x000000078437e3a8}: java/util/HashMap$NodeCustomizer> (0x000000078437e3a8) 
thrown [src/hotspot/share/classfile/systemDictionary.cpp, line 256]
Event: 6642.000 Thread 0x0000000125217e00 Exception <a 'java/lang/ClassNotFoundException'{0x00000007843ab610}: java/util/LinkedHashMap$EntryCustomizer> (0x00000007843ab610) 
thrown [src/hotspot/share/classfile/systemDictionary.cpp, line 256]
Event: 6642.001 Thread 0x0000000125217e00 Exception <a 'java/lang/ClassNotFoundException'{0x00000007843bdea0}: com/netflix/appinfo/InstanceInfo$InstanceStatusBeanInfo> (0x00000007843bdea0) 
thrown [src/hotspot/share/classfile/systemDictionary.cpp, line 256]
Event: 6642.002 Thread 0x0000000125217e00 Exception <a 'java/lang/ClassNotFoundException'{0x00000007843c0f98}: java/lang/EnumBeanInfo> (0x00000007843c0f98) 
thrown [src/hotspot/share/classfile/systemDictionary.cpp, line 256]
Event: 6642.002 Thread 0x0000000125217e00 Exception <a 'java/lang/ClassNotFoundException'{0x00000007843c3db8}: java/lang/EnumCustomizer> (0x00000007843c3db8) 
thrown [src/hotspot/share/classfile/systemDictionary.cpp, line 256]
Event: 6642.003 Thread 0x0000000125217e00 Exception <a 'java/lang/ClassNotFoundException'{0x00000007843d4910}: com/netflix/appinfo/InstanceInfo$InstanceStatusCustomizer> (0x00000007843d4910) 
thrown [src/hotspot/share/classfile/systemDictionary.cpp, line 256]
Event: 6642.004 Thread 0x0000000125217e00 Exception <a 'java/lang/ClassNotFoundException'{0x00000007843e2d38}: com/netflix/eureka/util/StatusInfoBeanInfo> (0x00000007843e2d38) 
thrown [src/hotspot/share/classfile/systemDictionary.cpp, line 256]
Event: 6642.004 Thread 0x0000000125217e00 Exception <a 'java/lang/ClassNotFoundException'{0x00000007843ea980}: com/netflix/eureka/util/StatusInfoCustomizer> (0x00000007843ea980) 
thrown [src/hotspot/share/classfile/systemDictionary.cpp, line 256]
Event: 6642.358 Thread 0x0000000124374400 Exception <a 'java/lang/NoSuchMethodError'{0x000000078421d848}: 'java.lang.Object java.lang.invoke.DirectMethodHandle$Holder.invokeStatic(java.lang.Object, int, int)'> (0x000000078421d848) 
thrown [src/hotspot/share/interpreter/linkResolver.cpp, line 759]
Event: 6642.358 Thread 0x000000012501ca00 Exception <a 'java/lang/NoSuchMethodError'{0x00000007842063b8}: 'java.lang.Object java.lang.invoke.DirectMethodHandle$Holder.invokeStatic(java.lang.Object, int, int)'> (0x00000007842063b8) 
thrown [src/hotspot/share/interpreter/linkResolver.cpp, line 759]

VM Operations (20 events):
Event: 7215.385 Executing VM operation: HandshakeAllThreads
Event: 7215.385 Executing VM operation: HandshakeAllThreads done
Event: 7403.990 Executing VM operation: Cleanup
Event: 7403.990 Executing VM operation: Cleanup done
Event: 7555.440 Executing VM operation: Cleanup
Event: 7555.440 Executing VM operation: Cleanup done
Event: 7696.755 Executing VM operation: HandshakeAllThreads
Event: 7696.756 Executing VM operation: HandshakeAllThreads done
Event: 7817.206 Executing VM operation: HandshakeAllThreads
Event: 7817.207 Executing VM operation: HandshakeAllThreads done
Event: 7877.232 Executing VM operation: HandshakeAllThreads
Event: 7877.232 Executing VM operation: HandshakeAllThreads done
Event: 7937.405 Executing VM operation: HandshakeAllThreads
Event: 7937.405 Executing VM operation: HandshakeAllThreads done
Event: 7997.620 Executing VM operation: HandshakeAllThreads
Event: 7997.621 Executing VM operation: HandshakeAllThreads done
Event: 8143.107 Executing VM operation: Cleanup
Event: 8143.108 Executing VM operation: Cleanup done
Event: 8194.273 Executing VM operation: Cleanup
Event: 8194.273 Executing VM operation: Cleanup done

Memory protections (20 events):
Event: 7.282 Protecting memory [0x00000001737c4000,0x00000001737d0000] with protection modes 0
Event: 7.335 Protecting memory [0x00000001739d0000,0x00000001739dc000] with protection modes 0
Event: 7.339 Protecting memory [0x0000000173bdc000,0x0000000173be8000] with protection modes 0
Event: 7.339 Protecting memory [0x0000000173de8000,0x0000000173df4000] with protection modes 0
Event: 7.339 Protecting memory [0x0000000173ff4000,0x0000000174000000] with protection modes 0
Event: 7.339 Protecting memory [0x0000000174200000,0x000000017420c000] with protection modes 0
Event: 7.339 Protecting memory [0x000000017440c000,0x0000000174418000] with protection modes 0
Event: 7.339 Protecting memory [0x0000000174618000,0x0000000174624000] with protection modes 0
Event: 7.339 Protecting memory [0x0000000174824000,0x0000000174830000] with protection modes 0
Event: 7.339 Protecting memory [0x0000000174a30000,0x0000000174a3c000] with protection modes 0
Event: 7.339 Protecting memory [0x0000000174c3c000,0x0000000174c48000] with protection modes 0
Event: 7.339 Protecting memory [0x0000000174e48000,0x0000000174e54000] with protection modes 0
Event: 7.342 Protecting memory [0x00000001739d0000,0x00000001739dc000] with protection modes 3
Event: 7.344 Protecting memory [0x00000001739d0000,0x00000001739dc000] with protection modes 0
Event: 7.352 Protecting memory [0x0000000175054000,0x0000000175060000] with protection modes 0
Event: 7.378 Protecting memory [0x000000016b7c4000,0x000000016b7d0000] with protection modes 3
Event: 7.378 Protecting memory [0x000000016b7c4000,0x000000016b7d0000] with protection modes 0
Event: 67.361 Protecting memory [0x000000016f644000,0x000000016f650000] with protection modes 3
Event: 7027.842 Protecting memory [0x000000016f644000,0x000000016f650000] with protection modes 0
Event: 7032.847 Protecting memory [0x000000016f644000,0x000000016f650000] with protection modes 3

Nmethod flushes (0 events):
No events

Events (20 events):
Event: 7.282 Thread 0x0000000124009000 Thread added: 0x000000012521ea00
Event: 7.335 Thread 0x0000000124009000 Thread added: 0x000000012501d200
Event: 7.339 Thread 0x0000000124009000 Thread added: 0x0000000124373e00
Event: 7.339 Thread 0x0000000124009000 Thread added: 0x0000000124374400
Event: 7.339 Thread 0x0000000124009000 Thread added: 0x00000001229b8200
Event: 7.339 Thread 0x0000000124009000 Thread added: 0x00000001229b4600
Event: 7.339 Thread 0x0000000124009000 Thread added: 0x000000012501d800
Event: 7.339 Thread 0x0000000124009000 Thread added: 0x000000012501ca00
Event: 7.339 Thread 0x0000000124009000 Thread added: 0x0000000125217800
Event: 7.339 Thread 0x0000000124009000 Thread added: 0x0000000125217e00
Event: 7.339 Thread 0x0000000124009000 Thread added: 0x0000000125218400
Event: 7.339 Thread 0x0000000124009000 Thread added: 0x0000000125218a00
Event: 7.342 Thread 0x000000012501d200 Thread exited: 0x000000012501d200
Event: 7.344 Thread 0x0000000124009000 Thread added: 0x000000012330da00
Event: 7.352 Thread 0x0000000124009000 Thread added: 0x00000001229b6000
Event: 7.378 Thread 0x0000000124009000 Thread exited: 0x0000000124009000
Event: 7.378 Thread 0x00000001232fc200 Thread added: 0x00000001232fc200
Event: 67.361 Thread 0x0000000125320c00 Thread exited: 0x0000000125320c00
Event: 7027.842 Thread 0x000000011680a400 Thread added: 0x0000000124009000
Event: 7032.848 Thread 0x0000000124009000 Thread exited: 0x0000000124009000


Dynamic libraries:
0x000000010470c000 	/Users/a/Library/Java/JavaVirtualMachines/ms-17.0.17/Contents/Home/lib/libjli.dylib
0x00000001b8bce000 	/System/Library/Frameworks/Cocoa.framework/Versions/A/Cocoa
0x00000001a0395000 	/System/Library/Frameworks/AppKit.framework/Versions/C/AppKit
0x00000001a3684000 	/System/Library/Frameworks/CoreData.framework/Versions/A/CoreData
0x000000019da1d000 	/System/Library/Frameworks/Foundation.framework/Versions/C/Foundation
0x00000001aa601000 	/usr/lib/libSystem.B.dylib
0x00000001a1827000 	/System/Library/PrivateFrameworks/UIFoundation.framework/Versions/A/UIFoundation
0x000000024a937000 	/System/Library/PrivateFrameworks/CollectionViewCore.framework/Versions/A/CollectionViewCore
0x00000001b1bf4000 	/System/Library/PrivateFrameworks/RemoteViewServices.framework/Versions/A/RemoteViewServices
0x00000001a8195000 	/System/Library/PrivateFrameworks/XCTTargetBootstrap.framework/Versions/A/XCTTargetBootstrap
0x00000001acdcb000 	/System/Library/PrivateFrameworks/InternationalSupport.framework/Versions/A/InternationalSupport
0x00000001ad122000 	/System/Library/PrivateFrameworks/UserActivity.framework/Versions/A/UserActivity
0x00000002793a7000 	/System/Library/PrivateFrameworks/UIIntelligenceSupport.framework/Versions/A/UIIntelligenceSupport
0x000000020331d000 	/System/Library/Frameworks/SwiftUICore.framework/Versions/A/SwiftUICore
0x000000027e420000 	/System/Library/PrivateFrameworks/WritingTools.framework/Versions/A/WritingTools
0x000000027d468000 	/System/Library/PrivateFrameworks/WindowManagement.framework/Versions/A/WindowManagement
0x000000019d681000 	/System/Library/Frameworks/SystemConfiguration.framework/Versions/A/SystemConfiguration
0x00000001ac22f000 	/usr/lib/libspindump.dylib
0x00000001a19d9000 	/System/Library/Frameworks/UniformTypeIdentifiers.framework/Versions/A/UniformTypeIdentifiers
0x00000001a99f3000 	/usr/lib/libbsm.0.dylib
0x00000001a5c18000 	/usr/lib/libapp_launch_measurement.dylib
0x00000001a4fc1000 	/System/Library/PrivateFrameworks/CoreAnalytics.framework/Versions/A/CoreAnalytics
0x00000001a5c1c000 	/System/Library/PrivateFrameworks/CoreAutoLayout.framework/Versions/A/CoreAutoLayout
0x00000001a77af000 	/System/Library/Frameworks/Metal.framework/Versions/A/Metal
0x00000001a89d3000 	/usr/lib/liblangid.dylib
0x00000001a819b000 	/System/Library/PrivateFrameworks/CoreSVG.framework/Versions/A/CoreSVG
0x00000001a23ff000 	/System/Library/PrivateFrameworks/SkyLight.framework/Versions/A/SkyLight
0x00000001a2925000 	/System/Library/Frameworks/CoreGraphics.framework/Versions/A/CoreGraphics
0x00000001b22d3000 	/System/Library/Frameworks/Accelerate.framework/Versions/A/Accelerate
0x00000001ac072000 	/System/Library/PrivateFrameworks/IconServices.framework/Versions/A/IconServices
0x00000001a778c000 	/System/Library/Frameworks/IOSurface.framework/Versions/A/IOSurface
0x00000001a4ff2000 	/usr/lib/libDiagnosticMessagesClient.dylib
0x00000001aa54b000 	/usr/lib/libz.1.dylib
0x00000001b61e6000 	/System/Library/Frameworks/ApplicationServices.framework/Versions/A/ApplicationServices
0x00000001a8180000 	/System/Library/PrivateFrameworks/DFRFoundation.framework/Versions/A/DFRFoundation
0x000000019fbfa000 	/usr/lib/libicucore.A.dylib
0x00000001ae1a9000 	/System/Library/Frameworks/AudioToolbox.framework/Versions/A/AudioToolbox
0x00000001ad0d3000 	/System/Library/PrivateFrameworks/DataDetectorsCore.framework/Versions/A/DataDetectorsCore
0x00000001c913d000 	/System/Library/PrivateFrameworks/TextInput.framework/Versions/A/TextInput
0x00000001a234a000 	/usr/lib/libMobileGestalt.dylib
0x00000001a7e79000 	/System/Library/Frameworks/Carbon.framework/Versions/A/Frameworks/HIToolbox.framework/Versions/A/HIToolbox
0x00000001a54f9000 	/System/Library/Frameworks/QuartzCore.framework/Versions/A/QuartzCore
0x000000019f7ef000 	/System/Library/Frameworks/Security.framework/Versions/A/Security
0x00000001b1c30000 	/System/Library/Frameworks/Carbon.framework/Versions/A/Frameworks/SpeechRecognition.framework/Versions/A/SpeechRecognition
0x00000001a591f000 	/System/Library/PrivateFrameworks/CoreUI.framework/Versions/A/CoreUI
0x000000019f0ba000 	/System/Library/Frameworks/CoreAudio.framework/Versions/A/CoreAudio
0x00000001a50e0000 	/System/Library/Frameworks/DiskArbitration.framework/Versions/A/DiskArbitration
0x00000001ac698000 	/System/Library/PrivateFrameworks/MultitouchSupport.framework/Versions/A/MultitouchSupport
0x00000001a2348000 	/usr/lib/libenergytrace.dylib
0x00000001bd4e3000 	/System/Library/PrivateFrameworks/RenderBox.framework/Versions/A/RenderBox
0x00000001a0245000 	/System/Library/Frameworks/IOKit.framework/Versions/A/IOKit
0x00000001b2027000 	/System/Library/Frameworks/CoreServices.framework/Versions/A/CoreServices
0x00000001a5ba9000 	/System/Library/PrivateFrameworks/PerformanceAnalysis.framework/Versions/A/PerformanceAnalysis
0x00000001fcced000 	/System/Library/Frameworks/OpenGL.framework/Versions/A/OpenGL
0x00000001a5c66000 	/usr/lib/libxml2.2.dylib
0x00000001a98d7000 	/System/Library/PrivateFrameworks/MobileKeyBag.framework/Versions/A/MobileKeyBag
0x000000019bfc4000 	/usr/lib/libobjc.A.dylib
0x000000019c2d1000 	/usr/lib/libc++.1.dylib
0x00000001b1fa8000 	/System/Library/Frameworks/Accessibility.framework/Versions/A/Accessibility
0x00000001a3055000 	/System/Library/Frameworks/ColorSync.framework/Versions/A/ColorSync
0x000000019c42d000 	/System/Library/Frameworks/CoreFoundation.framework/Versions/A/CoreFoundation
0x00000001a8555000 	/System/Library/Frameworks/CoreImage.framework/Versions/A/CoreImage
0x000000019ee9b000 	/System/Library/Frameworks/CoreText.framework/Versions/A/CoreText
0x00000001fe232000 	/System/Library/Frameworks/CoreTransferable.framework/Versions/A/CoreTransferable
0x00000001fe7b6000 	/System/Library/Frameworks/DataDetection.framework/Versions/A/DataDetection
0x00000001fe7b9000 	/System/Library/Frameworks/DeveloperToolsSupport.framework/Versions/A/DeveloperToolsSupport
0x00000001a81d6000 	/System/Library/Frameworks/ImageIO.framework/Versions/A/ImageIO
0x0000000203ee0000 	/System/Library/Frameworks/Symbols.framework/Versions/A/Symbols
0x00000001f04fc000 	/System/Library/PrivateFrameworks/FeatureFlags.framework/Versions/A/FeatureFlags
0x00000001aa606000 	/System/Library/PrivateFrameworks/SoftLinking.framework/Versions/A/SoftLinking
0x00000001dbe10000 	/usr/lib/swift/libswiftAccelerate.dylib
0x00000001adb3e000 	/usr/lib/swift/libswiftCore.dylib
0x00000001c57e6000 	/usr/lib/swift/libswiftCoreFoundation.dylib
0x00000001c5840000 	/usr/lib/swift/libswiftCoreImage.dylib
0x00000001c2bfa000 	/usr/lib/swift/libswiftDarwin.dylib
0x0000000285035000 	/usr/lib/swift/libswiftDataDetection.dylib
0x00000001b3b1f000 	/usr/lib/swift/libswiftDispatch.dylib
0x00000001c5841000 	/usr/lib/swift/libswiftIOKit.dylib
0x00000001d2397000 	/usr/lib/swift/libswiftMetal.dylib
0x00000001e136d000 	/usr/lib/swift/libswiftOSLog.dylib
0x00000001b678c000 	/usr/lib/swift/libswiftObjectiveC.dylib
0x0000000285062000 	/usr/lib/swift/libswiftObservation.dylib
0x00000001d77be000 	/usr/lib/swift/libswiftQuartzCore.dylib
0x00000001dbe01000 	/usr/lib/swift/libswiftUniformTypeIdentifiers.dylib
0x00000001c57f8000 	/usr/lib/swift/libswiftXPC.dylib
0x0000000285148000 	/usr/lib/swift/libswift_Builtin_float.dylib
0x000000028514b000 	/usr/lib/swift/libswift_Concurrency.dylib
0x00000002852aa000 	/usr/lib/swift/libswift_StringProcessing.dylib
0x000000028533d000 	/usr/lib/swift/libswift_errno.dylib
0x000000028533f000 	/usr/lib/swift/libswift_math.dylib
0x0000000285342000 	/usr/lib/swift/libswift_signal.dylib
0x0000000285343000 	/usr/lib/swift/libswift_stdio.dylib
0x0000000285344000 	/usr/lib/swift/libswift_time.dylib
0x00000001b6790000 	/usr/lib/swift/libswiftos.dylib
0x00000001c9094000 	/usr/lib/swift/libswiftsimd.dylib
0x0000000285345000 	/usr/lib/swift/libswiftsys_time.dylib
0x0000000285346000 	/usr/lib/swift/libswiftunistd.dylib
0x00000001aa82e000 	/usr/lib/libcompression.dylib
0x00000001acd2b000 	/System/Library/PrivateFrameworks/TextureIO.framework/Versions/A/TextureIO
0x00000001abd11000 	/usr/lib/libate.dylib
0x00000001aa5fb000 	/usr/lib/system/libcache.dylib
0x00000001aa5b6000 	/usr/lib/system/libcommonCrypto.dylib
0x00000001aa5e1000 	/usr/lib/system/libcompiler_rt.dylib
0x00000001aa5d6000 	/usr/lib/system/libcopyfile.dylib
0x000000019c11f000 	/usr/lib/system/libcorecrypto.dylib
0x000000019c205000 	/usr/lib/system/libdispatch.dylib
0x000000019c3c5000 	/usr/lib/system/libdyld.dylib
0x00000001aa5f1000 	/usr/lib/system/libkeymgr.dylib
0x00000001aa599000 	/usr/lib/system/libmacho.dylib
0x00000001a99cc000 	/usr/lib/system/libquarantine.dylib
0x00000001aa5ee000 	/usr/lib/system/libremovefile.dylib
0x00000001a23c4000 	/usr/lib/system/libsystem_asl.dylib
0x000000019c0b4000 	/usr/lib/system/libsystem_blocks.dylib
0x000000019c24f000 	/usr/lib/system/libsystem_c.dylib
0x00000001aa5e5000 	/usr/lib/system/libsystem_collections.dylib
0x00000001a89c0000 	/usr/lib/system/libsystem_configuration.dylib
0x00000001a775b000 	/usr/lib/system/libsystem_containermanager.dylib
0x00000001aa0dc000 	/usr/lib/system/libsystem_coreservices.dylib
0x000000019fec6000 	/usr/lib/system/libsystem_darwin.dylib
0x000000028547d000 	/usr/lib/system/libsystem_darwindirectory.dylib
0x00000001aa5f2000 	/usr/lib/system/libsystem_dnssd.dylib
0x0000000285481000 	/usr/lib/system/libsystem_eligibility.dylib
0x000000019c24c000 	/usr/lib/system/libsystem_featureflags.dylib
0x000000019c3fd000 	/usr/lib/system/libsystem_info.dylib
0x00000001aa55a000 	/usr/lib/system/libsystem_m.dylib
0x000000019c1be000 	/usr/lib/system/libsystem_malloc.dylib
0x00000001a232d000 	/usr/lib/system/libsystem_networkextension.dylib
0x00000001a0328000 	/usr/lib/system/libsystem_notify.dylib
0x00000001a89c5000 	/usr/lib/system/libsystem_sandbox.dylib
0x0000000285489000 	/usr/lib/system/libsystem_sanitizers.dylib
0x00000001aa5ea000 	/usr/lib/system/libsystem_secinit.dylib
0x000000019c37c000 	/usr/lib/system/libsystem_kernel.dylib
0x000000019c3f5000 	/usr/lib/system/libsystem_platform.dylib
0x000000019c3b8000 	/usr/lib/system/libsystem_pthread.dylib
0x00000001a3f1e000 	/usr/lib/system/libsystem_symptoms.dylib
0x000000019c103000 	/usr/lib/system/libsystem_trace.dylib
0x00000001aa5c4000 	/usr/lib/system/libunwind.dylib
0x000000019c0b8000 	/usr/lib/system/libxpc.dylib
0x000000019c35e000 	/usr/lib/libc++abi.dylib
0x0000000284055000 	/usr/lib/libRosetta.dylib
0x00000001a01c4000 	/System/Library/PrivateFrameworks/CoreServicesInternal.framework/Versions/A/CoreServicesInternal
0x00000001aa5ce000 	/usr/lib/liboah.dylib
0x00000001aa603000 	/usr/lib/libfakelink.dylib
0x00000001b5c99000 	/System/Library/PrivateFrameworks/DiskImages.framework/Versions/A/DiskImages
0x00000001c2723000 	/System/Library/Frameworks/NetFS.framework/Versions/A/NetFS
0x00000001a1f62000 	/System/Library/Frameworks/CFNetwork.framework/Versions/A/CFNetwork
0x00000001a5be0000 	/System/Library/Frameworks/CoreServices.framework/Versions/A/Frameworks/FSEvents.framework/Versions/A/FSEvents
0x000000019fed1000 	/System/Library/Frameworks/CoreServices.framework/Versions/A/Frameworks/CarbonCore.framework/Versions/A/CarbonCore
0x00000001a5055000 	/System/Library/Frameworks/CoreServices.framework/Versions/A/Frameworks/Metadata.framework/Versions/A/Metadata
0x00000001aa0e3000 	/System/Library/Frameworks/CoreServices.framework/Versions/A/Frameworks/OSServices.framework/Versions/A/OSServices
0x00000001aa750000 	/System/Library/Frameworks/CoreServices.framework/Versions/A/Frameworks/SearchKit.framework/Versions/A/SearchKit
0x00000001a3e99000 	/System/Library/Frameworks/CoreServices.framework/Versions/A/Frameworks/AE.framework/Versions/A/AE
0x000000019c96c000 	/System/Library/Frameworks/CoreServices.framework/Versions/A/Frameworks/LaunchServices.framework/Versions/A/LaunchServices
0x00000001abb66000 	/System/Library/Frameworks/CoreServices.framework/Versions/A/Frameworks/DictionaryServices.framework/Versions/A/DictionaryServices
0x00000001a5bee000 	/System/Library/Frameworks/CoreServices.framework/Versions/A/Frameworks/SharedFileList.framework/Versions/A/SharedFileList
0x00000001aa7e5000 	/usr/lib/libapple_nghttp2.dylib
0x00000001a3afa000 	/usr/lib/libsqlite3.dylib
0x00000001ae821000 	/System/Library/Frameworks/GSS.framework/Versions/A/GSS
0x00000001a3e30000 	/System/Library/PrivateFrameworks/RunningBoardServices.framework/Versions/A/RunningBoardServices
0x00000001a3f27000 	/System/Library/Frameworks/Network.framework/Versions/A/Network
0x00000001aa59d000 	/usr/lib/system/libkxld.dylib
0x00000002464f1000 	/System/Library/PrivateFrameworks/AppleKeyStore.framework/Versions/A/AppleKeyStore
0x0000000283ead000 	/usr/lib/libCoreEntitlements.dylib
0x000000026192d000 	/System/Library/PrivateFrameworks/MessageSecurity.framework/Versions/A/MessageSecurity
0x00000001a3adf000 	/System/Library/PrivateFrameworks/ProtocolBuffer.framework/Versions/A/ProtocolBuffer
0x00000001aa0c3000 	/System/Library/PrivateFrameworks/AppleFSCompression.framework/Versions/A/AppleFSCompression
0x00000001a99db000 	/usr/lib/libcoretls.dylib
0x00000001abbdc000 	/usr/lib/libcoretls_cfhelpers.dylib
0x00000001aa828000 	/usr/lib/libpam.2.dylib
0x00000001abc50000 	/usr/lib/libxar.1.dylib
0x00000001aa658000 	/usr/lib/libarchive.2.dylib
0x00000001aff23000 	/System/Library/Frameworks/Combine.framework/Versions/A/Combine
0x000000024a95b000 	/System/Library/PrivateFrameworks/CollectionsInternal.framework/Versions/A/CollectionsInternal
0x000000026a954000 	/System/Library/PrivateFrameworks/ReflectionInternal.framework/Versions/A/ReflectionInternal
0x000000026b626000 	/System/Library/PrivateFrameworks/RuntimeInternal.framework/Versions/A/RuntimeInternal
0x00000002850d9000 	/usr/lib/swift/libswiftSystem.dylib
0x00000001a89ce000 	/System/Library/PrivateFrameworks/AppleSystemInfo.framework/Versions/A/AppleSystemInfo
0x00000001c56d1000 	/System/Library/PrivateFrameworks/LoggingSupport.framework/Versions/A/LoggingSupport
0x00000001b2fe0000 	/System/Library/PrivateFrameworks/PowerLog.framework/Versions/A/PowerLog
0x00000002031e2000 	/System/Library/Frameworks/SwiftData.framework/Versions/A/SwiftData
0x00000001a5df1000 	/System/Library/PrivateFrameworks/UserManagement.framework/Versions/A/UserManagement
0x00000001a1e90000 	/usr/lib/libboringssl.dylib
0x00000001a3f0d000 	/usr/lib/libdns_services.dylib
0x00000001c4885000 	/usr/lib/libquic.dylib
0x00000001adacd000 	/usr/lib/libusrtcp.dylib
0x00000001e91d7000 	/System/Library/PrivateFrameworks/InternalSwiftProtobuf.framework/Versions/A/InternalSwiftProtobuf
0x0000000285036000 	/usr/lib/swift/libswiftDistributed.dylib
0x00000002850cf000 	/usr/lib/swift/libswiftSynchronization.dylib
0x00000001a1f61000 	/usr/lib/libnetwork.dylib
0x00000001d63fd000 	/System/Library/PrivateFrameworks/OSAnalytics.framework/Versions/A/OSAnalytics
0x00000001aa7c0000 	/System/Library/PrivateFrameworks/AppleSauce.framework/Versions/A/AppleSauce
0x00000001b42b5000 	/System/Library/PrivateFrameworks/CoreSymbolication.framework/Versions/A/CoreSymbolication
0x00000001e4ea3000 	/System/Library/PrivateFrameworks/Symbolication.framework/Versions/A/Symbolication
0x00000001b4291000 	/System/Library/PrivateFrameworks/DebugSymbols.framework/Versions/A/DebugSymbols
0x0000000283d78000 	/usr/lib/libAppleArchive.dylib
0x00000001aa0cf000 	/usr/lib/libbz2.1.0.dylib
0x00000001abbbd000 	/usr/lib/liblzma.5.dylib
0x00000001a96cb000 	/System/Library/PrivateFrameworks/IOMobileFramebuffer.framework/Versions/A/IOMobileFramebuffer
0x00000001c575a000 	/System/Library/PrivateFrameworks/MallocStackLogging.framework/Versions/A/MallocStackLogging
0x00000001abdab000 	/System/Library/PrivateFrameworks/CrashReporterSupport.framework/Versions/A/CrashReporterSupport
0x000000019d478000 	/System/Library/PrivateFrameworks/Lexicon.framework/Versions/A/Lexicon
0x0000000259c7d000 	/System/Library/PrivateFrameworks/IO80211.framework/Versions/A/IO80211
0x00000001b3db7000 	/System/Library/PrivateFrameworks/FrontBoardServices.framework/Versions/A/FrontBoardServices
0x00000001a9903000 	/System/Library/Frameworks/SecurityFoundation.framework/Versions/A/SecurityFoundation
0x00000001a9a65000 	/usr/lib/libgermantok.dylib
0x00000001a8af2000 	/System/Library/PrivateFrameworks/LinguisticData.framework/Versions/A/LinguisticData
0x00000001a3d4b000 	/System/Library/PrivateFrameworks/BaseBoard.framework/Versions/A/BaseBoard
0x00000001b3e84000 	/System/Library/PrivateFrameworks/BoardServices.framework/Versions/A/BoardServices
0x00000001a98f4000 	/System/Library/PrivateFrameworks/AssertionServices.framework/Versions/A/AssertionServices
0x00000001b5ad4000 	/System/Library/PrivateFrameworks/BackBoardServices.framework/Versions/A/BackBoardServices
0x00000001a7ba6000 	/System/Library/PrivateFrameworks/FontServices.framework/libFontParser.dylib
0x00000001a23dc000 	/System/Library/PrivateFrameworks/TCC.framework/Versions/A/TCC
0x00000001b966f000 	/System/Library/PrivateFrameworks/IOSurfaceAccelerator.framework/Versions/A/IOSurfaceAccelerator
0x00000001ac696000 	/System/Library/PrivateFrameworks/WatchdogClient.framework/Versions/A/WatchdogClient
0x000000019e9c2000 	/System/Library/Frameworks/CoreDisplay.framework/Versions/A/CoreDisplay
0x00000001a7a4a000 	/System/Library/Frameworks/CoreMedia.framework/Versions/A/CoreMedia
0x00000001a77a5000 	/System/Library/PrivateFrameworks/IOAccelerator.framework/Versions/A/IOAccelerator
0x00000001a5d50000 	/System/Library/Frameworks/CoreVideo.framework/Versions/A/CoreVideo
0x00000001aa826000 	/System/Library/Frameworks/MetalPerformanceShaders.framework/Versions/A/MetalPerformanceShaders
0x0000000269ca5000 	/System/Library/PrivateFrameworks/ProDisplayLibrary.framework/Versions/A/ProDisplayLibrary
0x00000001ac6de000 	/System/Library/Frameworks/VideoToolbox.framework/Versions/A/VideoToolbox
0x00000001a89cc000 	/System/Library/PrivateFrameworks/AggregateDictionary.framework/Versions/A/AggregateDictionary
0x00000001abbde000 	/System/Library/PrivateFrameworks/APFS.framework/Versions/A/APFS
0x00000001abc5f000 	/usr/lib/libutil.dylib
0x0000000274b64000 	/System/Library/PrivateFrameworks/SwiftASN1Internal.framework/Versions/A/SwiftASN1Internal
0x00000001a50e9000 	/System/Library/Frameworks/Accelerate.framework/Versions/A/Frameworks/vImage.framework/Versions/A/vImage
0x00000001b2002000 	/System/Library/Frameworks/Accelerate.framework/Versions/A/Frameworks/vecLib.framework/Versions/A/vecLib
0x00000001abc97000 	/System/Library/Frameworks/Accelerate.framework/Versions/A/Frameworks/vecLib.framework/Versions/A/libvMisc.dylib
0x000000019cde4000 	/System/Library/Frameworks/Accelerate.framework/Versions/A/Frameworks/vecLib.framework/Versions/A/libBLAS.dylib
0x00000001ae3f8000 	/System/Library/Frameworks/ApplicationServices.framework/Versions/A/Frameworks/ATS.framework/Versions/A/ATS
0x00000001a320b000 	/System/Library/Frameworks/ApplicationServices.framework/Versions/A/Frameworks/HIServices.framework/Versions/A/HIServices
0x00000001accb4000 	/System/Library/Frameworks/ApplicationServices.framework/Versions/A/Frameworks/PrintCore.framework/Versions/A/PrintCore
0x00000001ae7eb000 	/System/Library/Frameworks/ApplicationServices.framework/Versions/A/Frameworks/QD.framework/Versions/A/QD
0x00000001ae7e2000 	/System/Library/Frameworks/ApplicationServices.framework/Versions/A/Frameworks/ColorSyncLegacy.framework/Versions/A/ColorSyncLegacy
0x00000001ae3ca000 	/System/Library/Frameworks/ApplicationServices.framework/Versions/A/Frameworks/SpeechSynthesis.framework/Versions/A/SpeechSynthesis
0x00000001a9698000 	/System/Library/PrivateFrameworks/CoreEmoji.framework/Versions/A/CoreEmoji
0x0000000250d56000 	/System/Library/PrivateFrameworks/FontServices.framework/Versions/A/FontServices
0x00000001ac1e4000 	/System/Library/PrivateFrameworks/OTSVG.framework/Versions/A/OTSVG
0x00000001a58cd000 	/System/Library/Frameworks/ApplicationServices.framework/Versions/A/Frameworks/ATS.framework/Versions/A/Resources/libFontRegistry.dylib
0x0000000284439000 	/usr/lib/libhvf.dylib
0x0000000265bb3000 	/System/Library/PrivateFrameworks/ParsingInternal.framework/Versions/A/ParsingInternal
0x000000028507f000 	/usr/lib/swift/libswiftRegexBuilder.dylib
0x0000000285207000 	/usr/lib/swift/libswift_RegexParser.dylib
0x00000001ac55f000 	/System/Library/PrivateFrameworks/AppleJPEG.framework/Versions/A/AppleJPEG
0x00000001ac000000 	/usr/lib/libexpat.1.dylib
0x00000001acb8a000 	/System/Library/Frameworks/ImageIO.framework/Versions/A/Resources/libPng.dylib
0x00000001acbb5000 	/System/Library/Frameworks/ImageIO.framework/Versions/A/Resources/libTIFF.dylib
0x00000001acc9f000 	/System/Library/Frameworks/ImageIO.framework/Versions/A/Resources/libGIF.dylib
0x00000001ac5a5000 	/System/Library/Frameworks/ImageIO.framework/Versions/A/Resources/libJP2.dylib
0x00000001acc46000 	/System/Library/Frameworks/ImageIO.framework/Versions/A/Resources/libJPEG.dylib
0x00000001acc3d000 	/System/Library/Frameworks/ImageIO.framework/Versions/A/Resources/libRadiance.dylib
0x0000000255a24000 	/System/Library/PrivateFrameworks/GPUCompiler.framework/Versions/32023/Libraries/libllvm-flatbuffers.dylib
0x0000000250e21000 	/System/Library/PrivateFrameworks/FramePacing.framework/Versions/A/FramePacing
0x00000001fccdf000 	/System/Library/Frameworks/OpenGL.framework/Versions/A/Libraries/libCoreFSCache.dylib
0x0000000251996000 	/System/Library/PrivateFrameworks/GPUCompiler.framework/Versions/32023/Libraries/libGPUCompilerUtils.dylib
0x0000000250d57000 	/System/Library/PrivateFrameworks/FontServices.framework/libXTFontStaticRegistryData.dylib
0x00000001b78d5000 	/System/Library/PrivateFrameworks/ASEProcessing.framework/Versions/A/ASEProcessing
0x0000000268e14000 	/System/Library/PrivateFrameworks/PhotosensitivityProcessing.framework/Versions/A/PhotosensitivityProcessing
0x00000001ac1d8000 	/System/Library/PrivateFrameworks/GraphVisualizer.framework/Versions/A/GraphVisualizer
0x00000001fcd3d000 	/System/Library/Frameworks/OpenGL.framework/Versions/A/Libraries/libGLU.dylib
0x00000001fcd01000 	/System/Library/Frameworks/OpenGL.framework/Versions/A/Libraries/libGFXShared.dylib
0x00000001fcec9000 	/System/Library/Frameworks/OpenGL.framework/Versions/A/Libraries/libGL.dylib
0x00000001fcd0a000 	/System/Library/Frameworks/OpenGL.framework/Versions/A/Libraries/libGLImage.dylib
0x00000001fccfe000 	/System/Library/Frameworks/OpenGL.framework/Versions/A/Libraries/libCVMSPluginSupport.dylib
0x00000001fcce7000 	/System/Library/Frameworks/OpenGL.framework/Versions/A/Libraries/libCoreVMClient.dylib
0x00000001a8910000 	/System/Library/Frameworks/MetalPerformanceShaders.framework/Versions/A/Frameworks/MPSCore.framework/Versions/A/MPSCore
0x00000001aa02e000 	/System/Library/Frameworks/MetalPerformanceShaders.framework/Versions/A/Frameworks/MPSImage.framework/Versions/A/MPSImage
0x00000001a9a7d000 	/System/Library/Frameworks/MetalPerformanceShaders.framework/Versions/A/Frameworks/MPSNeuralNetwork.framework/Versions/A/MPSNeuralNetwork
0x00000001a9eb4000 	/System/Library/Frameworks/MetalPerformanceShaders.framework/Versions/A/Frameworks/MPSMatrix.framework/Versions/A/MPSMatrix
0x00000001a9cc9000 	/System/Library/Frameworks/MetalPerformanceShaders.framework/Versions/A/Frameworks/MPSRayIntersector.framework/Versions/A/MPSRayIntersector
0x00000001a9ee6000 	/System/Library/Frameworks/MetalPerformanceShaders.framework/Versions/A/Frameworks/MPSNDArray.framework/Versions/A/MPSNDArray
0x00000002005d4000 	/System/Library/Frameworks/MetalPerformanceShaders.framework/Versions/A/Frameworks/MPSFunctions.framework/Versions/A/MPSFunctions
0x00000002005b6000 	/System/Library/Frameworks/MetalPerformanceShaders.framework/Versions/A/Frameworks/MPSBenchmarkLoop.framework/Versions/A/MPSBenchmarkLoop
0x000000019cc5f000 	/System/Library/PrivateFrameworks/MetalTools.framework/Versions/A/MetalTools
0x00000001ca43a000 	/System/Library/PrivateFrameworks/IOAccelMemoryInfo.framework/Versions/A/IOAccelMemoryInfo
0x00000001d7bb3000 	/System/Library/PrivateFrameworks/kperf.framework/Versions/A/kperf
0x00000001c57c1000 	/System/Library/PrivateFrameworks/GPURawCounter.framework/Versions/A/GPURawCounter
0x00000001acc71000 	/System/Library/Frameworks/ApplicationServices.framework/Versions/A/Frameworks/ATSUI.framework/Versions/A/ATSUI
0x00000001ae776000 	/usr/lib/libcups.2.dylib
0x00000001ae810000 	/System/Library/Frameworks/Kerberos.framework/Versions/A/Kerberos
0x00000001ae476000 	/usr/lib/libresolv.9.dylib
0x00000001aa63d000 	/usr/lib/libiconv.2.dylib
0x00000001ac236000 	/System/Library/PrivateFrameworks/Heimdal.framework/Versions/A/Heimdal
0x00000001b66e3000 	/System/Library/Frameworks/Kerberos.framework/Versions/A/Libraries/libHeimdalProxy.dylib
0x00000001ac01b000 	/usr/lib/libheimdal-asn1.dylib
0x00000001a5bb3000 	/System/Library/Frameworks/OpenDirectory.framework/Versions/A/OpenDirectory
0x00000001ae873000 	/System/Library/PrivateFrameworks/CommonAuth.framework/Versions/A/CommonAuth
0x00000001a5bc1000 	/System/Library/Frameworks/OpenDirectory.framework/Versions/A/Frameworks/CFOpenDirectory.framework/Versions/A/CFOpenDirectory
0x00000001aa598000 	/usr/lib/libcharset.1.dylib
0x00000001fd265000 	/System/Library/Frameworks/AVFAudio.framework/Versions/A/AVFAudio
0x00000001beea9000 	/System/Library/PrivateFrameworks/AXCoreUtilities.framework/Versions/A/AXCoreUtilities
0x000000025d5ac000 	/System/Library/PrivateFrameworks/IsolatedCoreAudioClient.framework/Versions/A/IsolatedCoreAudioClient
0x00000001ae3b1000 	/usr/lib/libAudioStatistics.dylib
0x00000001a7a22000 	/System/Library/PrivateFrameworks/caulk.framework/Versions/A/caulk
0x000000019eae3000 	/System/Library/PrivateFrameworks/AudioToolboxCore.framework/Versions/A/AudioToolboxCore
0x00000001b89fb000 	/System/Library/Frameworks/CoreMIDI.framework/Versions/A/CoreMIDI
0x00000001ae354000 	/System/Library/PrivateFrameworks/AudioSession.framework/Versions/A/AudioSession
0x00000001afc8b000 	/System/Library/Frameworks/IOBluetooth.framework/Versions/A/IOBluetooth
0x00000001ac105000 	/System/Library/PrivateFrameworks/MediaExperience.framework/Versions/A/MediaExperience
0x000000027761f000 	/System/Library/PrivateFrameworks/Tightbeam.framework/Versions/A/Tightbeam
0x000000024b418000 	/System/Library/PrivateFrameworks/CoreAudioOrchestration.framework/Versions/A/CoreAudioOrchestration
0x00000001dc4d3000 	/System/Library/PrivateFrameworks/AFKUser.framework/Versions/A/AFKUser
0x00000001c57c5000 	/usr/lib/swift/libswiftCoreAudio.dylib
0x00000001ac225000 	/System/Library/PrivateFrameworks/AppServerSupport.framework/Versions/A/AppServerSupport
0x00000001ae7f4000 	/System/Library/PrivateFrameworks/perfdata.framework/Versions/A/perfdata
0x00000001c497e000 	/System/Library/PrivateFrameworks/SystemPolicy.framework/Versions/A/SystemPolicy
0x00000001ae695000 	/usr/lib/libSMC.dylib
0x00000001acb54000 	/usr/lib/libAudioToolboxUtility.dylib
0x00000001ae802000 	/usr/lib/libperfcheck.dylib
0x00000002472ae000 	/System/Library/PrivateFrameworks/AudioAnalytics.framework/Versions/A/AudioAnalytics
0x00000001e8f9e000 	/System/Library/Frameworks/OSLog.framework/Versions/A/OSLog
0x00000001c578c000 	/usr/lib/libmis.dylib
0x00000001ae162000 	/System/Library/PrivateFrameworks/AudioSession.framework/libSessionUtility.dylib
0x00000001acca5000 	/System/Library/PrivateFrameworks/CMCaptureCore.framework/Versions/A/CMCaptureCore
0x00000001fe906000 	/System/Library/Frameworks/ExtensionFoundation.framework/Versions/A/ExtensionFoundation
0x00000001b43c2000 	/System/Library/PrivateFrameworks/CoreTime.framework/Versions/A/CoreTime
0x00000001abeff000 	/System/Library/PrivateFrameworks/PlugInKit.framework/Versions/A/PlugInKit
0x00000001b2ee9000 	/System/Library/Frameworks/CoreBluetooth.framework/Versions/A/CoreBluetooth
0x00000001b66e4000 	/System/Library/Frameworks/AudioUnit.framework/Versions/A/AudioUnit
0x00000001a975c000 	/System/Library/PrivateFrameworks/CoreUtils.framework/Versions/A/CoreUtils
0x000000024e3bc000 	/System/Library/PrivateFrameworks/CoreUtilsExtras.framework/Versions/A/CoreUtilsExtras
0x00000001b2323000 	/System/Library/Frameworks/MediaAccessibility.framework/Versions/A/MediaAccessibility
0x00000001cddd6000 	/System/Library/PrivateFrameworks/AttributeGraph.framework/Versions/A/AttributeGraph
0x0000000283cf6000 	/usr/lib/libAXSafeCategoryBundle.dylib
0x00000001bef65000 	/usr/lib/libAccessibility.dylib
0x00000001a95a6000 	/System/Library/Frameworks/Accelerate.framework/Versions/A/Frameworks/vecLib.framework/Versions/A/libvDSP.dylib
0x00000001aa904000 	/System/Library/Frameworks/Accelerate.framework/Versions/A/Frameworks/vecLib.framework/Versions/A/libLAPACK.dylib
0x00000001a9a68000 	/System/Library/Frameworks/Accelerate.framework/Versions/A/Frameworks/vecLib.framework/Versions/A/libLinearAlgebra.dylib
0x00000001aa7ff000 	/System/Library/Frameworks/Accelerate.framework/Versions/A/Frameworks/vecLib.framework/Versions/A/libSparseBLAS.dylib
0x00000001aa8ff000 	/System/Library/Frameworks/Accelerate.framework/Versions/A/Frameworks/vecLib.framework/Versions/A/libQuadrature.dylib
0x00000001a8af9000 	/System/Library/Frameworks/Accelerate.framework/Versions/A/Frameworks/vecLib.framework/Versions/A/libBNNS.dylib
0x000000019d585000 	/System/Library/Frameworks/Accelerate.framework/Versions/A/Frameworks/vecLib.framework/Versions/A/libSparse.dylib
0x000000025ed1d000 	/System/Library/PrivateFrameworks/MIL.framework/Versions/A/MIL
0x00000001acc38000 	/System/Library/PrivateFrameworks/GPUWrangler.framework/Versions/A/GPUWrangler
0x00000001acc18000 	/System/Library/PrivateFrameworks/IOPresentment.framework/Versions/A/IOPresentment
0x00000001acc40000 	/System/Library/PrivateFrameworks/DSExternalDisplay.framework/Versions/A/DSExternalDisplay
0x00000001e93a5000 	/System/Library/PrivateFrameworks/HIDDisplay.framework/Versions/A/HIDDisplay
0x00000001be184000 	/System/Library/PrivateFrameworks/HID.framework/Versions/A/HID
0x000000027ae5b000 	/System/Library/PrivateFrameworks/VideoToolboxParavirtualizationSupport.framework/Versions/A/VideoToolboxParavirtualizationSupport
0x00000001abfb7000 	/System/Library/PrivateFrameworks/AppleVA.framework/Versions/A/AppleVA
0x00000001b3f31000 	/System/Library/PrivateFrameworks/GraphicsServices.framework/Versions/A/GraphicsServices
0x00000001ae9e6000 	/System/Library/PrivateFrameworks/CorePhoneNumbers.framework/Versions/A/CorePhoneNumbers
0x00000001b30d1000 	/System/Library/PrivateFrameworks/MediaKit.framework/Versions/A/MediaKit
0x00000001b301c000 	/System/Library/Frameworks/DiscRecording.framework/Versions/A/DiscRecording
0x00000001ae7d5000 	/System/Library/PrivateFrameworks/NetAuth.framework/Versions/A/NetAuth
0x00000001a5db1000 	/System/Library/PrivateFrameworks/login.framework/Versions/A/Frameworks/loginsupport.framework/Versions/A/loginsupport
0x00000001ac025000 	/System/Library/PrivateFrameworks/IconFoundation.framework/Versions/A/IconFoundation
0x00000001abda2000 	/usr/lib/libIOReport.dylib
0x0000000246ebe000 	/System/Library/PrivateFrameworks/AppleMobileFileIntegrity.framework/Versions/A/AppleMobileFileIntegrity
0x00000002840b8000 	/usr/lib/libTLE.dylib
0x00000001f9d3b000 	/System/Library/PrivateFrameworks/ConfigProfileHelper.framework/Versions/A/ConfigProfileHelper
0x00000001a9a05000 	/usr/lib/libmecab.dylib
0x000000019d715000 	/usr/lib/libCRFSuite.dylib
0x00000001a89d5000 	/System/Library/PrivateFrameworks/CoreNLP.framework/Versions/A/CoreNLP
0x00000001aa7b8000 	/usr/lib/libThaiTokenizer.dylib
0x00000001a99cf000 	/usr/lib/libCheckFix.dylib
0x00000001a4ff4000 	/System/Library/PrivateFrameworks/MetadataUtilities.framework/Versions/A/MetadataUtilities
0x000000025a55f000 	/System/Library/PrivateFrameworks/InstalledContentLibrary.framework/Versions/A/InstalledContentLibrary
0x00000001a0204000 	/System/Library/PrivateFrameworks/CoreServicesStore.framework/Versions/A/CoreServicesStore
0x00000001d7cbd000 	/System/Library/PrivateFrameworks/MobileSystemServices.framework/Versions/A/MobileSystemServices
0x00000001abc63000 	/usr/lib/libxslt.1.dylib
0x00000001a9992000 	/System/Library/PrivateFrameworks/BackgroundTaskManagement.framework/Versions/A/BackgroundTaskManagement
0x00000001b5e57000 	/usr/lib/libcurl.4.dylib
0x00000002842ec000 	/usr/lib/libcrypto.46.dylib
0x0000000284e14000 	/usr/lib/libssl.48.dylib
0x00000001b5b30000 	/System/Library/Frameworks/LDAP.framework/Versions/A/LDAP
0x00000001b5b6c000 	/System/Library/PrivateFrameworks/TrustEvaluationAgent.framework/Versions/A/TrustEvaluationAgent
0x00000001ae493000 	/usr/lib/libsasl2.2.dylib
0x00000001c2bf9000 	/usr/lib/swift/libswiftCoreGraphics.dylib
0x00000001b2951000 	/usr/lib/swift/libswiftFoundation.dylib
0x00000001f97c5000 	/usr/lib/swift/libswiftSwiftOnoneSupport.dylib
0x00000001e5657000 	/System/Library/PrivateFrameworks/CoreMaterial.framework/Versions/A/CoreMaterial
0x000000026b71d000 	/System/Library/PrivateFrameworks/SFSymbols.framework/Versions/A/SFSymbols
0x00000001b1c1d000 	/System/Library/PrivateFrameworks/SpeechRecognitionCore.framework/Versions/A/SpeechRecognitionCore
0x0000000105afc000 	/Users/a/Library/Java/JavaVirtualMachines/ms-17.0.17/Contents/Home/lib/server/libjvm.dylib
0x0000000104778000 	/Users/a/Library/Java/JavaVirtualMachines/ms-17.0.17/Contents/Home/lib/libjimage.dylib
0x00000001047b0000 	/Users/a/Library/Java/JavaVirtualMachines/ms-17.0.17/Contents/Home/lib/libinstrument.dylib
0x0000000104808000 	/Users/a/Library/Java/JavaVirtualMachines/ms-17.0.17/Contents/Home/lib/libjava.dylib
0x0000000104948000 	/Users/a/Library/Java/JavaVirtualMachines/ms-17.0.17/Contents/Home/lib/libzip.dylib
0x0000000104974000 	/Users/a/Library/Java/JavaVirtualMachines/ms-17.0.17/Contents/Home/lib/libnio.dylib
0x0000000104998000 	/Users/a/Library/Java/JavaVirtualMachines/ms-17.0.17/Contents/Home/lib/libnet.dylib
0x00000001047e8000 	/Users/a/Library/Java/JavaVirtualMachines/ms-17.0.17/Contents/Home/lib/libextnet.dylib
0x00000001049c0000 	/Users/a/Library/Java/JavaVirtualMachines/ms-17.0.17/Contents/Home/lib/libmanagement.dylib
0x00000001049d8000 	/Users/a/Library/Java/JavaVirtualMachines/ms-17.0.17/Contents/Home/lib/libmanagement_ext.dylib
0x0000000104a10000 	/Users/a/Library/Java/JavaVirtualMachines/ms-17.0.17/Contents/Home/lib/libverify.dylib


VM Arguments:
jvm_args: -XX:TieredStopAtLevel=1 -Dspring.output.ansi.enabled=always -javaagent:/Applications/IntelliJ IDEA.app/Contents/lib/idea_rt.jar=59774 -Dfile.encoding=UTF-8 
java_command: com.example.eurekaserver.EurekaServerApplication
java_class_path (initial): /Users/a/Downloads/musicband-service/eureka-server/target/classes:/Users/a/.m2/repository/org/springframework/boot/spring-boot-starter-actuator/4.0.1/spring-boot-starter-actuator-4.0.1.jar:/Users/a/.m2/repository/org/springframework/boot/spring-boot-starter/4.0.1/spring-boot-starter-4.0.1.jar:/Users/a/.m2/repository/org/springframework/boot/spring-boot-starter-logging/4.0.1/spring-boot-starter-logging-4.0.1.jar:/Users/a/.m2/repository/ch/qos/logback/logback-classic/1.5.22/logback-classic-1.5.22.jar:/Users/a/.m2/repository/ch/qos/logback/logback-core/1.5.22/logback-core-1.5.22.jar:/Users/a/.m2/repository/org/apache/logging/log4j/log4j-to-slf4j/2.25.3/log4j-to-slf4j-2.25.3.jar:/Users/a/.m2/repository/org/apache/logging/log4j/log4j-api/2.25.3/log4j-api-2.25.3.jar:/Users/a/.m2/repository/org/slf4j/jul-to-slf4j/2.0.17/jul-to-slf4j-2.0.17.jar:/Users/a/.m2/repository/org/springframework/boot/spring-boot-autoconfigure/4.0.1/spring-boot-autoconfigure-4.0.1.jar:/Users/a/.m2/repository/jakarta/annotation/jakarta.annotation-api/3.0.0/jakarta.annotation-api-3.0.0.jar:/Users/a/.m2/repository/org/yaml/snakeyaml/2.5/snakeyaml-2.5.jar:/Users/a/.m2/repository/org/springframework/boot/spring-boot-starter-micrometer-metrics/4.0.1/spring-boot-starter-micrometer-metrics-4.0.1.jar:/Users/a/.m2/repository/org/springframework/boot/spring-boot-micrometer-metrics/4.0.1/spring-boot-micrometer-metrics-4.0.1.jar:/Users/a/.m2/repository/org/springframework/boot/spring-boot-micrometer-observation/4.0.1/spring-boot-micrometer-observation-4.0.1.jar:/Users/a/.m2/repository/org/springframework/boot/spring-boot-actuator-autoconfigure/4.0.1/spring-boot-actuator-autoconfigure-4.0.1.jar:/Users/a/.m2/repository/org/springframework/boot/spring-boot-actuator/4.0.1/spring-boot-actuator-4.0.1.jar:/Users/a/.m2/repository/org/springframework/boot/spring-boot-health/4.0.1/spring-boot-health-4.0.1.jar:/Users/a/.m2/repository/org/springframework/boot/spring-boot/4.0.1/spring-boot-4.0.1.
Launcher Type: SUN_STANDARD

[Global flags]
     intx CICompilerCount                          = 4                                         {product} {ergonomic}
     uint ConcGCThreads                            = 2                                         {product} {ergonomic}
     uint G1ConcRefinementThreads                  = 8                                         {product} {ergonomic}
   size_t G1HeapRegionSize                         = 1048576                                   {product} {ergonomic}
    uintx GCDrainStackTargetSize                   = 64                                        {product} {ergonomic}
   size_t InitialHeapSize                          = 134217728                                 {product} {ergonomic}
   size_t MarkStackSize                            = 4194304                                   {product} {ergonomic}
   size_t MaxHeapSize                              = 2147483648                                {product} {ergonomic}
   size_t MaxNewSize                               = 1287651328                                {product} {ergonomic}
   size_t MinHeapDeltaBytes                        = 1048576                                   {product} {ergonomic}
   size_t MinHeapSize                              = 8388608                                   {product} {ergonomic}
    uintx NonProfiledCodeHeapSize                  = 0                                      {pd product} {ergonomic}
     bool ProfileInterpreter                       = false                                  {pd product} {command line}
    uintx ProfiledCodeHeapSize                     = 0                                      {pd product} {ergonomic}
   size_t SoftMaxHeapSize                          = 2147483648                             {manageable} {ergonomic}
     intx TieredStopAtLevel                        = 1                                         {product} {command line}
     bool UseCompressedClassPointers               = true                           {product lp64_product} {ergonomic}
     bool UseCompressedOops                        = true                           {product lp64_product} {ergonomic}
     bool UseG1GC                                  = true                                      {product} {ergonomic}
     bool UseNUMA                                  = false                                     {product} {ergonomic}
     bool UseNUMAInterleaving                      = false                                     {product} {ergonomic}

Logging:
Log output configuration:
 #0: stdout all=warning uptime,level,tags
 #1: stderr all=off uptime,level,tags

Environment Variables:
PATH=/opt/homebrew/bin:/opt/homebrew/sbin:/usr/local/bin:/System/Cryptexes/App/usr/bin:/usr/bin:/bin:/usr/sbin:/sbin:/var/run/com.apple.security.cryptexd/codex.system/bootstrap/usr/local/bin:/var/run/com.apple.security.cryptexd/codex.system/bootstrap/usr/bin:/var/run/com.apple.security.cryptexd/codex.system/bootstrap/usr/appleinternal/bin
SHELL=/bin/zsh
LC_CTYPE=ru_RU.UTF-8
TMPDIR=/var/folders/61/x6cf550d4199vygmt8zws6pm0000gn/T/

Active Locale:
LC_ALL=C/ru_RU.UTF-8/C/C/C/C
LC_COLLATE=C
LC_CTYPE=ru_RU.UTF-8
LC_MESSAGES=C
LC_MONETARY=C
LC_NUMERIC=C
LC_TIME=C

Signal Handlers:
   SIGSEGV: crash_handler in libjvm.dylib, mask=11100110000111110111111111111111, flags=SA_RESTART|SA_SIGINFO, unblocked
    SIGBUS: crash_handler in libjvm.dylib, mask=11100110000111110111111111111111, flags=SA_RESTART|SA_SIGINFO, unblocked
    SIGFPE: crash_handler in libjvm.dylib, mask=11100110000111110111111111111111, flags=SA_RESTART|SA_SIGINFO, unblocked
   SIGPIPE: javaSignalHandler in libjvm.dylib, mask=11100110000111110111111111111111, flags=SA_RESTART|SA_SIGINFO, blocked
   SIGXFSZ: javaSignalHandler in libjvm.dylib, mask=11100110000111110111111111111111, flags=SA_RESTART|SA_SIGINFO, blocked
    SIGILL: crash_handler in libjvm.dylib, mask=11100110000111110111111111111111, flags=SA_RESTART|SA_SIGINFO, unblocked
   SIGUSR2: SR_handler in libjvm.dylib, mask=00000000000000000000000000000000, flags=SA_RESTART|SA_SIGINFO, blocked
    SIGHUP: UserHandler in libjvm.dylib, mask=11100110000111110111111111111111, flags=SA_RESTART|SA_SIGINFO, blocked
    SIGINT: UserHandler in libjvm.dylib, mask=11100110000111110111111111111111, flags=SA_RESTART|SA_SIGINFO, blocked
   SIGTERM: UserHandler in libjvm.dylib, mask=11100110000111110111111111111111, flags=SA_RESTART|SA_SIGINFO, blocked
   SIGQUIT: UserHandler in libjvm.dylib, mask=11100110000111110111111111111111, flags=SA_RESTART|SA_SIGINFO, blocked
   SIGTRAP: crash_handler in libjvm.dylib, mask=11100110000111110111111111111111, flags=SA_RESTART|SA_SIGINFO, unblocked


Periodic native trim disabled


---------------  S Y S T E M  ---------------

OS:
uname: Darwin 24.5.0 Darwin Kernel Version 24.5.0: Tue Apr 22 19:48:46 PDT 2025; root:xnu-11417.121.6~2/RELEASE_ARM64_T8103 arm64
OS uptime: 1 days 0:30 hours
rlimit (soft/hard): STACK 8176k/65520k , CORE 0k/infinity , NPROC 1333/2000 , NOFILE 1048576/infinity , AS infinity/infinity , CPU infinity/infinity , DATA infinity/infinity , FSIZE infinity/infinity , MEMLOCK infinity/infinity , RSS infinity/infinity
load average: 3.89 3.96 3.63

CPU: total 8 (initial active 8) 0x61:0x0:0x1b588bb3:0, fp, simd, crc, lse
machdep.cpu.brand_string:Apple M1
hw.cachelinesize:128
hw.l1icachesize:131072
hw.l1dcachesize:65536
hw.l2cachesize:4194304

Memory: 16k page, physical 8388608k(71776k free), swap 4194304k(326656k free)

vm_info: OpenJDK 64-Bit Server VM (17.0.17+10-LTS) for bsd-aarch64 JRE (17.0.17+10-LTS), built on Oct 13 2025 22:02:27 by "MicrosoftCorporation" with clang Apple LLVM 15.0.0 (clang-1500.1.0.2.5)

END.
