#
# A fatal error has been detected by the Java Runtime Environment:
#
#  SIGSEGV (0xb) at pc=0x0000000101b0dcf4, pid=21076, tid=41731
#
# JRE version: OpenJDK Runtime Environment Microsoft-12574438 (17.0.17+10) (build 17.0.17+10-LTS)
# Java VM: OpenJDK 64-Bit Server VM Microsoft-12574438 (17.0.17+10-LTS, mixed mode, emulated-client, sharing, tiered, compressed oops, compressed class ptrs, g1 gc, bsd-aarch64)
# Problematic frame:
# V  [libjvm.dylib+0x39dcf4]  G1ParScanThreadState::trim_queue_to_threshold(unsigned int)+0xb10
#
# No core dump will be written. Core dumps have been disabled. To enable core dumping, try "ulimit -c unlimited" before starting Java again
#
# If you would like to submit a bug report, please visit:
#   https://github.com/microsoft/openjdk/issues
#

---------------  S U M M A R Y ------------

Command Line: -XX:TieredStopAtLevel=1 -Dspring.output.ansi.enabled=always -javaagent:/Applications/IntelliJ IDEA.app/Contents/lib/idea_rt.jar=64623 -Dfile.encoding=UTF-8 com.example.eurekaserver.EurekaServerApplication

Host: "MacBookAir10,1" arm64, 8 cores, 8G, Darwin 24.5.0, macOS 15.5 (24F74)
Time: Mon Jan 19 22:24:38 2026 MSK elapsed time: 2.026631 seconds (0d 0h 0m 2s)

---------------  T H R E A D  ---------------

Current thread (0x0000000114027770):  GCTaskThread "GC Thread#7" [stack: 0x0000000172ddc000,0x0000000172fdf000] [id=41731]

Stack: [0x0000000172ddc000,0x0000000172fdf000],  sp=0x0000000172fdde10,  free space=2055k
Native frames: (J=compiled Java code, j=interpreted, Vv=VM code, C=native code)
V  [libjvm.dylib+0x39dcf4]  G1ParScanThreadState::trim_queue_to_threshold(unsigned int)+0xb10
V  [libjvm.dylib+0x3b94e0]  void G1ParCopyClosure<(G1Barrier)0, false>::do_oop_work<oopDesc*>(oopDesc**)+0x214
V  [libjvm.dylib+0x7a37a8]  InterpreterOopMap::iterate_oop(OffsetClosure*) const+0xac
V  [libjvm.dylib+0x346454]  frame::oops_interpreted_do(OopClosure*, RegisterMap const*, bool) const+0x324
V  [libjvm.dylib+0x9acd58]  JavaThread::oops_do_frames(OopClosure*, CodeBlobClosure*)+0xc0
V  [libjvm.dylib+0x9b1e8c]  ParallelOopsDoThreadClosure::do_thread(Thread*)+0x7c
V  [libjvm.dylib+0x9ae434]  Threads::possibly_parallel_threads_do(bool, ThreadClosure*)+0x98
V  [libjvm.dylib+0x9b02ec]  Threads::possibly_parallel_oops_do(bool, OopClosure*, CodeBlobClosure*)+0x24
V  [libjvm.dylib+0x3bb510]  G1RootProcessor::process_java_roots(G1RootClosures*, G1GCPhaseTimes*, unsigned int)+0x7c
V  [libjvm.dylib+0x3bb40c]  G1RootProcessor::evacuate_roots(G1ParScanThreadState*, unsigned int)+0x68
V  [libjvm.dylib+0x3651ec]  G1EvacuateRegionsTask::scan_roots(G1ParScanThreadState*, unsigned int)+0x24
V  [libjvm.dylib+0x3650d8]  G1EvacuateRegionsBaseTask::work(unsigned int)+0x80
V  [libjvm.dylib+0xa4df28]  GangWorker::run()+0x6c
V  [libjvm.dylib+0x9a9714]  Thread::call_run()+0xcc
V  [libjvm.dylib+0x7aec44]  thread_native_entry(Thread*)+0x158
C  [libsystem_pthread.dylib+0x6c0c]  _pthread_start+0x88

JavaThread 0x0000000123815800 (nid = 5123) was being processed
Java frames: (J=compiled Java code, j=interpreted, Vv=VM code)
v  ~RuntimeStub::new_object_array Runtime1 stub
J 610 c1 java.util.Arrays.copyOf([Ljava/lang/Object;ILjava/lang/Class;)[Ljava/lang/Object; java.base@17.0.17 (40 bytes) @ 0x000000010a48ccb0 [0x000000010a48ca40+0x0000000000000270]
J 845 c1 java.util.ArrayList.grow(I)[Ljava/lang/Object; java.base@17.0.17 (60 bytes) @ 0x000000010a4f199c [0x000000010a4f18c0+0x00000000000000dc]
J 4754 c1 java.time.zone.ZoneRules.<init>([J[Ljava/time/ZoneOffset;[J[Ljava/time/ZoneOffset;[Ljava/time/zone/ZoneOffsetTransitionRule;)V java.base@17.0.17 (203 bytes) @ 0x000000010aaf7e7c [0x000000010aaf79c0+0x00000000000004bc]
J 4753 c1 java.time.zone.ZoneRules.readExternal(Ljava/io/DataInput;)Ljava/time/zone/ZoneRules; java.base@17.0.17 (276 bytes) @ 0x000000010aaf6a24 [0x000000010aaf6200+0x0000000000000824]
j  java.time.zone.Ser.readInternal(BLjava/io/DataInput;)Ljava/io/Serializable;+29 java.base@17.0.17
J 4768 c1 java.time.zone.Ser.read(Ljava/io/DataInput;)Ljava/io/Serializable; java.base@17.0.17 (13 bytes) @ 0x000000010ab02e7c [0x000000010ab02e40+0x000000000000003c]
j  java.time.zone.TzdbZoneRulesProvider.provideRules(Ljava/lang/String;Z)Ljava/time/zone/ZoneRules;+75 java.base@17.0.17
j  java.time.zone.ZoneRulesProvider.getRules(Ljava/lang/String;Z)Ljava/time/zone/ZoneRules;+13 java.base@17.0.17
j  java.time.ZoneRegion.ofId(Ljava/lang/String;Z)Ljava/time/ZoneRegion;+15 java.base@17.0.17
j  java.time.ZoneId.of(Ljava/lang/String;Z)Ljava/time/ZoneId;+81 java.base@17.0.17
j  java.time.ZoneId.of(Ljava/lang/String;)Ljava/time/ZoneId;+2 java.base@17.0.17
j  java.time.ZoneId.of(Ljava/lang/String;Ljava/util/Map;)Ljava/time/ZoneId;+33 java.base@17.0.17
j  java.util.TimeZone.toZoneId0()Ljava/time/ZoneId;+97 java.base@17.0.17
J 4772 c1 sun.util.cldr.CLDRTimeZoneNameProviderImpl.deriveFallbackNames([Ljava/lang/String;Ljava/util/Locale;)V java.base@17.0.17 (42 bytes) @ 0x000000010ab03314 [0x000000010ab03200+0x0000000000000114]
j  sun.util.cldr.CLDRTimeZoneNameProviderImpl.getZoneStrings(Ljava/util/Locale;)[[Ljava/lang/String;+19 java.base@17.0.17
j  sun.util.locale.provider.TimeZoneNameUtility.loadZoneStrings(Ljava/util/Locale;)[[Ljava/lang/String;+24 java.base@17.0.17
j  sun.util.locale.provider.TimeZoneNameUtility.getZoneStrings(Ljava/util/Locale;)[[Ljava/lang/String;+28 java.base@17.0.17
j  java.text.DateFormatSymbols.getZoneStringsImpl(Z)[[Ljava/lang/String;+12 java.base@17.0.17
j  java.text.DateFormatSymbols.getZoneStringsWrapper()[[Ljava/lang/String;+14 java.base@17.0.17
j  java.text.DateFormatSymbols.getZoneIndex(Ljava/lang/String;)I+1 java.base@17.0.17
j  java.text.SimpleDateFormat.subParseZoneString(Ljava/lang/String;ILjava/text/CalendarBuilder;)I+18 java.base@17.0.17
j  java.text.SimpleDateFormat.subParse(Ljava/lang/String;IIIZ[ZLjava/text/ParsePosition;ZLjava/text/CalendarBuilder;)I+1433 java.base@17.0.17
j  java.text.SimpleDateFormat.parse(Ljava/lang/String;Ljava/text/ParsePosition;)Ljava/util/Date;+349 java.base@17.0.17
j  java.text.DateFormat.parse(Ljava/lang/String;)Ljava/util/Date;+12 java.base@17.0.17
j  com.thoughtworks.xstream.core.JVM.<clinit>()V+746
v  ~StubRoutines::call_stub
j  com.thoughtworks.xstream.core.util.CompositeClassLoader.<clinit>()V+2
v  ~StubRoutines::call_stub
j  com.thoughtworks.xstream.XStream.<init>(Lcom/thoughtworks/xstream/converters/reflection/ReflectionProvider;Lcom/thoughtworks/xstream/mapper/Mapper;Lcom/thoughtworks/xstream/io/HierarchicalStreamDriver;)V+3
j  com.thoughtworks.xstream.XStream.<init>(Lcom/thoughtworks/xstream/io/HierarchicalStreamDriver;)V+7
j  com.netflix.discovery.converters.XmlXStream.<init>()V+12
j  com.netflix.discovery.converters.XmlXStream.<clinit>()V+4
v  ~StubRoutines::call_stub
j  com.netflix.discovery.converters.wrappers.CodecWrappers$XStreamXml.<init>()V+5
j  com.netflix.discovery.converters.wrappers.CodecWrappers.create(Ljava/lang/String;)Lcom/netflix/discovery/converters/wrappers/CodecWrapper;+136
j  com.netflix.discovery.converters.wrappers.CodecWrappers.getEncoder(Ljava/lang/String;)Lcom/netflix/discovery/converters/wrappers/EncoderWrapper;+19
j  com.netflix.discovery.converters.wrappers.CodecWrappers.getEncoder(Ljava/lang/Class;)Lcom/netflix/discovery/converters/wrappers/EncoderWrapper;+4
j  com.netflix.discovery.provider.DiscoveryJerseyProvider.<init>(Lcom/netflix/discovery/converters/wrappers/EncoderWrapper;Lcom/netflix/discovery/converters/wrappers/DecoderWrapper;)V+123
j  com.netflix.discovery.provider.DiscoveryJerseyProvider.<init>()V+3
v  ~StubRoutines::call_stub
J 1022  jdk.internal.reflect.NativeConstructorAccessorImpl.newInstance0(Ljava/lang/reflect/Constructor;[Ljava/lang/Object;)Ljava/lang/Object; java.base@17.0.17 (0 bytes) @ 0x000000010a53c258 [0x000000010a53c1c0+0x0000000000000098]
J 2273 c1 jdk.internal.reflect.NativeConstructorAccessorImpl.newInstance([Ljava/lang/Object;)Ljava/lang/Object; java.base@17.0.17 (122 bytes) @ 0x000000010a7131c0 [0x000000010a712f00+0x00000000000002c0]
J 1398 c1 jdk.internal.reflect.DelegatingConstructorAccessorImpl.newInstance([Ljava/lang/Object;)Ljava/lang/Object; java.base@17.0.17 (9 bytes) @ 0x000000010a5c702c [0x000000010a5c6fc0+0x000000000000006c]
J 1397 c1 java.lang.reflect.Constructor.newInstanceWithCaller([Ljava/lang/Object;ZLjava/lang/Class;)Ljava/lang/Object; java.base@17.0.17 (75 bytes) @ 0x000000010a5c6b34 [0x000000010a5c6a40+0x00000000000000f4]
J 1500 c1 java.lang.reflect.Constructor.newInstance([Ljava/lang/Object;)Ljava/lang/Object; java.base@17.0.17 (34 bytes) @ 0x000000010a5e9bc8 [0x000000010a5e9b40+0x0000000000000088]
j  org.glassfish.hk2.utilities.reflection.ReflectionHelper.makeMe(Ljava/lang/reflect/Constructor;[Ljava/lang/Object;Z)Ljava/lang/Object;+12
j  org.jvnet.hk2.internal.ClazzCreator.createMe(Ljava/util/Map;)Ljava/lang/Object;+157
j  org.jvnet.hk2.internal.ClazzCreator.create(Lorg/glassfish/hk2/api/ServiceHandle;Lorg/jvnet/hk2/internal/SystemDescriptor;)Ljava/lang/Object;+46
j  org.jvnet.hk2.internal.SystemDescriptor.create(Lorg/glassfish/hk2/api/ServiceHandle;)Ljava/lang/Object;+83
j  org.jvnet.hk2.internal.SingletonContext$1.compute(Lorg/glassfish/hk2/utilities/ContextualInput;)Ljava/lang/Object;+23
j  org.jvnet.hk2.internal.SingletonContext$1.compute(Ljava/lang/Object;)Ljava/lang/Object;+5
j  org.glassfish.hk2.utilities.cache.Cache$OriginThreadAwareFuture$1.call()Ljava/lang/Object;+14
j  java.util.concurrent.FutureTask.run()V+39 java.base@17.0.17
j  org.glassfish.hk2.utilities.cache.Cache$OriginThreadAwareFuture.run()V+4
j  org.glassfish.hk2.utilities.cache.Cache.compute(Ljava/lang/Object;)Ljava/lang/Object;+47
j  org.jvnet.hk2.internal.SingletonContext.findOrCreate(Lorg/glassfish/hk2/api/ActiveDescriptor;Lorg/glassfish/hk2/api/ServiceHandle;)Ljava/lang/Object;+13
j  org.jvnet.hk2.internal.Utilities.createService(Lorg/glassfish/hk2/api/ActiveDescriptor;Lorg/glassfish/hk2/api/Injectee;Lorg/jvnet/hk2/internal/ServiceLocatorImpl;Lorg/glassfish/hk2/api/ServiceHandle;Ljava/lang/Class;)Ljava/lang/Object;+182
j  org.jvnet.hk2.internal.ServiceHandleImpl.getService(Lorg/glassfish/hk2/api/ServiceHandle;)Ljava/lang/Object;+124
j  org.jvnet.hk2.internal.ServiceHandleImpl.getService()Ljava/lang/Object;+2
j  org.glassfish.jersey.inject.hk2.AbstractHk2InjectionManager.lambda$getAllServiceHolders$0(Lorg/glassfish/hk2/api/ServiceHandle;)Lorg/glassfish/jersey/internal/inject/ServiceHolderImpl;+5
j  org.glassfish.jersey.inject.hk2.AbstractHk2InjectionManager$$Lambda$1047+0x000000a8015f04c8.apply(Ljava/lang/Object;)Ljava/lang/Object;+4
J 1533 c1 java.util.stream.ReferencePipeline$3$1.accept(Ljava/lang/Object;)V java.base@17.0.17 (23 bytes) @ 0x000000010a5f7dc0 [0x000000010a5f7d40+0x0000000000000080]
j  java.util.LinkedList$LLSpliterator.forEachRemaining(Ljava/util/function/Consumer;)V+54 java.base@17.0.17
J 1359 c1 java.util.stream.AbstractPipeline.copyInto(Ljava/util/stream/Sink;Ljava/util/Spliterator;)V java.base@17.0.17 (54 bytes) @ 0x000000010a5b3dd4 [0x000000010a5b3d00+0x00000000000000d4]
J 1358 c1 java.util.stream.AbstractPipeline.wrapAndCopyInto(Ljava/util/stream/Sink;Ljava/util/Spliterator;)Ljava/util/stream/Sink; java.base@17.0.17 (18 bytes) @ 0x000000010a5b2988 [0x000000010a5b28c0+0x00000000000000c8]
J 4537 c1 java.util.stream.ReduceOps$ReduceOp.evaluateSequential(Ljava/util/stream/PipelineHelper;Ljava/util/Spliterator;)Ljava/lang/Object; java.base@17.0.17 (18 bytes) @ 0x000000010aa9e740 [0x000000010aa9e6c0+0x0000000000000080]
J 2551 c1 java.util.stream.AbstractPipeline.evaluate(Ljava/util/stream/TerminalOp;)Ljava/lang/Object; java.base@17.0.17 (94 bytes) @ 0x000000010a784910 [0x000000010a784800+0x0000000000000110]
J 2820 c1 java.util.stream.ReferencePipeline.collect(Ljava/util/stream/Collector;)Ljava/lang/Object; java.base@17.0.17 (124 bytes) @ 0x000000010a7fc6b8 [0x000000010a7fc540+0x0000000000000178]
j  org.glassfish.jersey.inject.hk2.AbstractHk2InjectionManager.getAllServiceHolders(Ljava/lang/Class;[Ljava/lang/annotation/Annotation;)Ljava/util/List;+29
j  org.glassfish.jersey.inject.hk2.ImmediateHk2InjectionManager.getAllServiceHolders(Ljava/lang/Class;[Ljava/lang/annotation/Annotation;)Ljava/util/List;+3
j  org.glassfish.jersey.internal.inject.Providers.getServiceHolders(Lorg/glassfish/jersey/internal/inject/InjectionManager;Ljava/lang/Class;Ljava/util/Comparator;[Ljava/lang/annotation/Annotation;)Ljava/util/List;+3
j  org.glassfish.jersey.internal.inject.Providers.getCustomProviders(Lorg/glassfish/jersey/internal/inject/InjectionManager;Ljava/lang/Class;)Ljava/util/Set;+20
j  org.glassfish.jersey.message.internal.MessageBodyFactory.initialize(Lorg/glassfish/jersey/internal/inject/InjectionManager;)V+19
j  org.glassfish.jersey.message.internal.MessageBodyFactory$MessageBodyWorkersConfigurator.postInit(Lorg/glassfish/jersey/internal/inject/InjectionManager;Lorg/glassfish/jersey/internal/BootstrapBag;)V+5
j  org.glassfish.jersey.server.ApplicationHandler.lambda$initialize$2(Lorg/glassfish/jersey/internal/inject/InjectionManager;Lorg/glassfish/jersey/server/ServerBootstrapBag;Lorg/glassfish/jersey/internal/BootstrapConfigurator;)V+3
j  org.glassfish.jersey.server.ApplicationHandler$$Lambda$1044+0x000000a8015ef9c8.accept(Ljava/lang/Object;)V+12
j  java.util.Arrays$ArrayList.forEach(Ljava/util/function/Consumer;)V+31 java.base@17.0.17
j  org.glassfish.jersey.server.ApplicationHandler.initialize(Lorg/glassfish/jersey/internal/inject/InjectionManager;Ljava/util/List;Lorg/glassfish/jersey/server/ServerBootstrapBag;)Lorg/glassfish/jersey/server/ServerRuntime;+230
j  org.glassfish.jersey.server.ApplicationHandler.lambda$initialize$1(Lorg/glassfish/jersey/internal/inject/InjectionManager;Ljava/util/List;Lorg/glassfish/jersey/server/ServerBootstrapBag;)Lorg/glassfish/jersey/server/ServerRuntime;+4
j  org.glassfish.jersey.server.ApplicationHandler$$Lambda$992+0x000000a80156ab00.call()Ljava/lang/Object;+16
j  org.glassfish.jersey.internal.Errors.process(Ljava/util/concurrent/Callable;Z)Ljava/lang/Object;+36
j  org.glassfish.jersey.internal.Errors.process(Lorg/glassfish/jersey/internal/util/Producer;Z)Ljava/lang/Object;+2
j  org.glassfish.jersey.internal.Errors.processWithException(Lorg/glassfish/jersey/internal/util/Producer;)Ljava/lang/Object;+2
j  org.glassfish.jersey.server.ApplicationHandler.initialize(Lorg/glassfish/jersey/server/ApplicationConfigurator;Lorg/glassfish/jersey/internal/inject/InjectionManager;Lorg/glassfish/jersey/internal/inject/Binder;)V+321
j  org.glassfish.jersey.server.ApplicationHandler.<init>(Ljakarta/ws/rs/core/Application;Lorg/glassfish/jersey/internal/inject/Binder;Ljava/lang/Object;)V+18
j  org.glassfish.jersey.servlet.WebComponent.<init>(Lorg/glassfish/jersey/servlet/WebConfig;Lorg/glassfish/jersey/server/ResourceConfig;)V+180
j  org.glassfish.jersey.servlet.ServletContainer.init(Lorg/glassfish/jersey/servlet/WebConfig;)V+10
j  org.glassfish.jersey.servlet.ServletContainer.init(Ljakarta/servlet/FilterConfig;)V+14
j  org.apache.catalina.core.ApplicationFilterConfig.initFilter()V+99
j  org.apache.catalina.core.ApplicationFilterConfig.<init>(Lorg/apache/catalina/Context;Lorg/apache/tomcat/util/descriptor/web/FilterDef;)V+67
j  org.apache.catalina.core.StandardContext.filterStart()Z+132
j  org.apache.catalina.core.StandardContext.startInternal()V+1177
j  org.apache.catalina.util.LifecycleBase.start()V+210
j  org.apache.catalina.core.ContainerBase$StartChild.call()Ljava/lang/Void;+4
j  org.apache.catalina.core.ContainerBase$StartChild.call()Ljava/lang/Object;+1
j  java.util.concurrent.FutureTask.run()V+39 java.base@17.0.17
j  org.apache.tomcat.util.threads.InlineExecutorService.execute(Ljava/lang/Runnable;)V+38
j  java.util.concurrent.AbstractExecutorService.submit(Ljava/util/concurrent/Callable;)Ljava/util/concurrent/Future;+20 java.base@17.0.17
j  org.apache.catalina.core.ContainerBase.startInternal()V+116
j  org.apache.catalina.core.StandardHost.startInternal()V+177
j  org.apache.catalina.util.LifecycleBase.start()V+210
j  org.apache.catalina.core.ContainerBase$StartChild.call()Ljava/lang/Void;+4
j  org.apache.catalina.core.ContainerBase$StartChild.call()Ljava/lang/Object;+1
j  java.util.concurrent.FutureTask.run()V+39 java.base@17.0.17
j  org.apache.tomcat.util.threads.InlineExecutorService.execute(Ljava/lang/Runnable;)V+38
j  java.util.concurrent.AbstractExecutorService.submit(Ljava/util/concurrent/Callable;)Ljava/util/concurrent/Future;+20 java.base@17.0.17
j  org.apache.catalina.core.ContainerBase.startInternal()V+116
j  org.apache.catalina.core.StandardEngine.startInternal()V+38
j  org.apache.catalina.util.LifecycleBase.start()V+210
j  org.apache.catalina.core.StandardService.startInternal()V+56
j  org.apache.catalina.util.LifecycleBase.start()V+210
j  org.apache.catalina.core.StandardServer.startInternal()V+84
j  org.apache.catalina.util.LifecycleBase.start()V+210
j  org.apache.catalina.startup.Tomcat.start()V+9
j  org.springframework.boot.tomcat.TomcatWebServer.initialize()V+55
j  org.springframework.boot.tomcat.TomcatWebServer.<init>(Lorg/apache/catalina/startup/Tomcat;ZLorg/springframework/boot/web/server/Shutdown;)V+66
j  org.springframework.boot.tomcat.servlet.TomcatServletWebServerFactory.getTomcatWebServer(Lorg/apache/catalina/startup/Tomcat;)Lorg/springframework/boot/tomcat/TomcatWebServer;+21
j  org.springframework.boot.tomcat.servlet.TomcatServletWebServerFactory.getWebServer([Lorg/springframework/boot/web/servlet/ServletContextInitializer;)Lorg/springframework/boot/web/server/WebServer;+16
j  org.springframework.boot.web.server.servlet.context.ServletWebServerApplicationContext.createWebServer()V+68
j  org.springframework.boot.web.server.servlet.context.ServletWebServerApplicationContext.onRefresh()V+5
j  org.springframework.context.support.AbstractApplicationContext.refresh()V+85
j  org.springframework.boot.web.server.servlet.context.ServletWebServerApplicationContext.refresh()V+1
j  org.springframework.boot.SpringApplication.refresh(Lorg/springframework/context/ConfigurableApplicationContext;)V+1
j  org.springframework.boot.SpringApplication.refreshContext(Lorg/springframework/context/ConfigurableApplicationContext;)V+19
j  org.springframework.boot.SpringApplication.run([Ljava/lang/String;)Lorg/springframework/context/ConfigurableApplicationContext;+113
j  org.springframework.boot.SpringApplication.run([Ljava/lang/Class;[Ljava/lang/String;)Lorg/springframework/context/ConfigurableApplicationContext;+9
j  org.springframework.boot.SpringApplication.run(Ljava/lang/Class;[Ljava/lang/String;)Lorg/springframework/context/ConfigurableApplicationContext;+9
j  com.example.eurekaserver.EurekaServerApplication.main([Ljava/lang/String;)V+3
v  ~StubRoutines::call_stub

siginfo: si_signo: 11 (SIGSEGV), si_code: 2 (SEGV_ACCERR), si_addr: 0x000000018752af30

Registers:
 x0=0x0000000782d75640  x1=0x0000000782d75680  x2=0x000000018752af30  x3=0x0000000782d75643
 x4=0x0000000000000000  x5=0x0000000000000000  x6=0x0000000000000000  x7=0x0000000000000000
 x8=0x0000000000000000  x9=0x0000000000000003 x10=0x0000000000000000 x11=0x0000000000001875
x12=0x0000000118030000 x13=0x000000000001ffff x14=0x0000000100000000 x15=0x00000000f0ea55ec
x16=0x0000000000000000 x17=0x0000000782d7556b x18=0x0000000000000000 x19=0x0000000782d70128
x20=0x00000001236601d0 x21=0x0000000782d70238 x22=0x0000000000000010 x23=0x0000000782d7562c
x24=0x0000000782d70238 x25=0x0000000102396900 x26=0x0000000782d21619 x27=0x000000000001fffe
x28=0x0000000000000040  fp=0x0000000172fdde80  lr=0x0000000101b0dd84  sp=0x0000000172fdde10
pc=0x0000000101b0dcf4 cpsr=0x0000000020001000

Register to memory mapping:

 x0=0x0000000782d75640 is an oop: java.util.concurrent.locks.ReentrantReadWriteLock$NonfairSync 
{0x0000000782d75640} - klass: 'java/util/concurrent/locks/ReentrantReadWriteLock$NonfairSync'
 - ---- fields (total size 6 words):
 - private transient 'exclusiveOwnerThread' 'Ljava/lang/Thread;' @12  NULL (0)
 - private volatile 'state' 'I' @16  0
 - private volatile transient 'head' 'Ljava/util/concurrent/locks/AbstractQueuedSynchronizer$Node;' @20  NULL (0)
 - private volatile transient 'tail' 'Ljava/util/concurrent/locks/AbstractQueuedSynchronizer$Node;' @24  NULL (0)
 - private transient 'firstReaderHoldCount' 'I' @28  1
 - private transient 'readHolds' 'Ljava/util/concurrent/locks/ReentrantReadWriteLock$Sync$ThreadLocalHoldCounter;' @32  a 'java/util/concurrent/locks/ReentrantReadWriteLock$Sync$ThreadLocalHoldCounter'{0x0000000782d75670} (f05aeace)
 - private transient 'cachedHoldCounter' 'Ljava/util/concurrent/locks/ReentrantReadWriteLock$Sync$HoldCounter;' @36  NULL (0)
 - private transient 'firstReader' 'Ljava/lang/Thread;' @40  NULL (0)
 x1=0x0000000782d75680 is an oop: java.util.concurrent.locks.ReentrantReadWriteLock$WriteLock 
{0x0000000782d75680} - klass: 'java/util/concurrent/locks/ReentrantReadWriteLock$WriteLock'
 - ---- fields (total size 2 words):
 - private final 'sync' 'Ljava/util/concurrent/locks/ReentrantReadWriteLock$Sync;' @12  a 'java/util/concurrent/locks/ReentrantReadWriteLock$NonfairSync'{0x0000000782d75640} (f05aeac8)
 x2=0x000000018752af30 is an unknown value
 x3=
[error occurred during error reporting (printing register info), id 0xb, SIGSEGV (0xb) at pc=0x0000000101b8a584]

Top of Stack: (sp=0x0000000172fdde10)
0x0000000172fdde10:   0000000172fdde80 00000001236601e8
0x0000000172fdde20:   0000004000000001 0000000123660350
0x0000000172fdde30:   0000000000000009 0000000000000000
0x0000000172fdde40:   0000000000000001 0000000000025555
0x0000000172fdde50:   0000000000000001 0000000172fddf40
0x0000000172fdde60:   0000000000000009 0000000000000000
0x0000000172fdde70:   0000000078b363fa 00000001236601d0
0x0000000172fdde80:   0000000172fddeb0 0000000101b294e0
0x0000000172fdde90:   0000000000000009 0000000000000000
0x0000000172fddea0:   0000000172fddf28 0000000172fddf88
0x0000000172fddeb0:   0000000172fddf00 0000000101f137a8
0x0000000172fddec0:   0000600003860a50 0000000114027770
0x0000000172fdded0:   0000000172fde040 0000000131f6dd58
0x0000000172fddee0:   000000000000009d 0000000172fde010
0x0000000172fddef0:   00006000027ac208 0000000000000001
0x0000000172fddf00:   0000000172fde000 0000000101ab6454
0x0000000172fddf10:   0000000172fddf70 e17fffa376690051
0x0000000172fddf20:   0000000000000000 0000000131f6dd58
0x0000000172fddf30:   0000001272fd009d 0000000100000000
0x0000000172fddf40:   0000000000025555 0000000000000000
0x0000000172fddf50:   0000000000000000 0000000000000000
0x0000000172fddf60:   0000000131ac9725 00000000000000b8
0x0000000172fddf70:   0000000131f6dd58 0000000131f6dd58
0x0000000172fddf80:   0000000114027770 000000010236edc0
0x0000000172fddf90:   0000000172fde010 00006000027ac208
0x0000000172fddfa0:   0000000900000009 0000000172fdeb20
0x0000000172fddfb0:   0000000000000000 0000600003fe7c08
0x0000000172fddfc0:   0000000000000058 0000000000000180
0x0000000172fddfd0:   000000000000000b 0000000102244c70
0x0000000172fddfe0:   00000001023d7f98 0000000172fde040
0x0000000172fddff0:   00006000027ac208 00006000027ac2b0
0x0000000172fde000:   0000000172fdeb80 000000010211cd58 

Instructions: (pc=0x0000000101b0dcf4)
0x0000000101b0dbf4:   5c 13 40 f9 dc 01 00 b4 89 03 08 91 88 03 41 f9
0x0000000101b0dc04:   1f 01 09 eb 21 03 00 54 00 43 80 52 a1 00 80 52
0x0000000101b0dc14:   02 00 80 52 0e 8d f5 97 60 00 00 b4 00 00 01 f9
0x0000000101b0dc24:   1f 08 01 f9 1c 04 01 f9 0a 00 00 14 00 43 80 52
0x0000000101b0dc34:   a1 00 80 52 02 00 80 52 05 8d f5 97 a0 00 00 b4
0x0000000101b0dc44:   00 00 01 f9 08 20 08 91 00 e4 00 6f 00 01 80 3d
0x0000000101b0dc54:   40 13 00 f9 48 03 40 f9 08 61 08 91 48 03 00 f9
0x0000000101b0dc64:   08 00 41 f9 fc 03 00 aa 15 01 00 f9 88 03 41 f9
0x0000000101b0dc74:   08 21 00 91 88 03 01 f9 fc 17 40 b9 88 a2 41 b9
0x0000000101b0dc84:   1f 05 00 71 80 f1 ff 54 7f 1e 00 72 40 f1 ff 54
0x0000000101b0dc94:   93 ce 40 f9 68 32 40 f9 08 a5 43 a9 29 25 58 8b
0x0000000101b0dca4:   6a da 40 f9 3a 01 08 cb 5f 01 1a eb 40 f0 ff 54
0x0000000101b0dcb4:   60 62 00 91 01 01 1a 8b 14 23 00 94 7a da 00 f9
0x0000000101b0dcc4:   7d ff ff 17 ea fe 5f b8 28 03 40 f9 29 0b 40 b9
0x0000000101b0dcd4:   4a 21 c9 9a 42 01 08 8b 8a 06 40 f9 4b b9 45 b9
0x0000000101b0dce4:   4b 24 cb 9a 4a d5 42 f9 4a 79 eb 78 2a db ff 37
0x0000000101b0dcf4:   43 00 40 f9 eb 03 23 2a 7f 05 40 f2 c1 03 00 54
0x0000000101b0dd04:   ea 45 00 d0 4a e5 0f 91 4a 01 40 39 6b 08 40 92
0x0000000101b0dd14:   7f 15 00 f1 44 09 40 7a 6a f4 7e 92 e0 13 8a 9a
0x0000000101b0dd24:   1a 00 00 14 e2 02 40 f9 88 06 40 f9 09 b9 45 b9
0x0000000101b0dd34:   49 24 c9 9a 08 d5 42 f9 08 79 e9 78 a8 d8 ff 37
0x0000000101b0dd44:   43 00 40 f9 e9 03 23 2a 3f 05 40 f2 21 05 00 54
0x0000000101b0dd54:   e8 45 00 d0 08 e5 0f 91 08 01 40 39 69 08 40 92
0x0000000101b0dd64:   3f 15 00 f1 04 09 40 7a 68 f4 7e 92 e0 13 88 9a
0x0000000101b0dd74:   23 00 00 14 41 3d 40 92 e0 03 14 aa d3 02 00 94
0x0000000101b0dd84:   28 03 40 f9 29 0b 40 b9 08 00 08 cb 08 25 c9 9a
0x0000000101b0dd94:   e8 02 00 b9 08 00 17 ca e9 45 00 d0 29 81 1f 91
0x0000000101b0dda4:   29 01 40 b9 08 25 c9 9a 88 03 00 b5 a9 fe ff 17
0x0000000101b0ddb4:   09 0d 09 8b 0b 0d 0b 8b 0a 0d 0a 8b 3f 01 08 eb
0x0000000101b0ddc4:   37 81 88 9a 5f 01 0b eb 73 81 8a 9a ff 02 13 eb
0x0000000101b0ddd4:   02 d4 ff 54 e0 0f 40 f9 e1 03 17 aa 6c 05 00 94
0x0000000101b0dde4:   f7 22 00 91 ff 02 13 eb 63 ff ff 54 99 fe ff 17 


Stack slot to memory mapping:
stack at sp + 0 slots: 0x0000000172fdde80 points into unknown readable memory: 0x0000000172fddeb0 | b0 de fd 72 01 00 00 00
stack at sp + 1 slots: 0x00000001236601e8 points into unknown readable memory: 0x0000000102371590 | 90 15 37 02 01 00 00 00
stack at sp + 2 slots: 0x0000004000000001 is an unknown value
stack at sp + 3 slots: 0x0000000123660350 points into unknown readable memory: 0x00000001023713a8 | a8 13 37 02 01 00 00 00
stack at sp + 4 slots: 0x0000000000000009 is an unknown value
stack at sp + 5 slots: 0x0 is NULL
stack at sp + 6 slots: 0x0000000000000001 is an unknown value
stack at sp + 7 slots: 0x0000000000025555 is an unknown value


---------------  P R O C E S S  ---------------

Threads class SMR info:
_java_thread_list=0x0000600001b7df40, length=11, elements={
0x0000000123815800, 0x00000001238c0800, 0x00000001238c3000, 0x0000000125010200,
0x000000012480fa00, 0x0000000124821800, 0x0000000124821e00, 0x0000000115009600,
0x0000000113810600, 0x00000001238c6000, 0x00000001238c5800
}

Java Threads: ( => current thread )
  0x0000000123815800 JavaThread "main" [_thread_blocked, id=5123, stack(0x000000016f998000,0x000000016fb9b000)]
  0x00000001238c0800 JavaThread "Reference Handler" daemon [_thread_blocked, id=22787, stack(0x00000001707ec000,0x00000001709ef000)]
  0x00000001238c3000 JavaThread "Finalizer" daemon [_thread_blocked, id=23043, stack(0x00000001709f8000,0x0000000170bfb000)]
  0x0000000125010200 JavaThread "Signal Dispatcher" daemon [_thread_blocked, id=25603, stack(0x0000000170d1c000,0x0000000170f1f000)]
  0x000000012480fa00 JavaThread "Service Thread" daemon [_thread_blocked, id=29699, stack(0x0000000170f28000,0x000000017112b000)]
  0x0000000124821800 JavaThread "Monitor Deflation Thread" daemon [_thread_blocked, id=29443, stack(0x0000000171134000,0x0000000171337000)]
  0x0000000124821e00 JavaThread "C1 CompilerThread0" daemon [_thread_blocked, id=26115, stack(0x0000000171340000,0x0000000171543000)]
  0x0000000115009600 JavaThread "Sweeper thread" daemon [_thread_blocked, id=28931, stack(0x000000017154c000,0x000000017174f000)]
  0x0000000113810600 JavaThread "Common-Cleaner" daemon [_thread_blocked, id=26883, stack(0x0000000171758000,0x000000017195b000)]
  0x00000001238c6000 JavaThread "Monitor Ctrl-Break" daemon [_thread_in_native, id=28419, stack(0x0000000171964000,0x0000000171b67000)]
  0x00000001238c5800 JavaThread "Notification Thread" daemon [_thread_blocked, id=28163, stack(0x0000000171b70000,0x0000000171d73000)]

Other Threads:
  0x00000001237051b0 VMThread "VM Thread" [stack: 0x00000001705e0000,0x00000001707e3000] [id=17923]
  0x000000012361cb60 WatcherThread [stack: 0x0000000171d7c000,0x0000000171f7f000] [id=27651]
  0x0000000123606c70 GCTaskThread "GC Thread#0" [stack: 0x000000016fba4000,0x000000016fda7000] [id=14083]
  0x0000000124011ef0 GCTaskThread "GC Thread#1" [stack: 0x0000000171f88000,0x000000017218b000] [id=32771]
  0x0000000124012380 GCTaskThread "GC Thread#2" [stack: 0x0000000172194000,0x0000000172397000] [id=43267]
  0x0000000123628490 GCTaskThread "GC Thread#3" [stack: 0x00000001723a0000,0x00000001725a3000] [id=33283]
  0x0000000123628920 GCTaskThread "GC Thread#4" [stack: 0x00000001725ac000,0x00000001727af000] [id=33539]
  0x00000001140162b0 GCTaskThread "GC Thread#5" [stack: 0x00000001727b8000,0x00000001729bb000] [id=42243]
  0x00000001140274b0 GCTaskThread "GC Thread#6" [stack: 0x0000000172bd0000,0x0000000172dd3000] [id=34315]
=>0x0000000114027770 GCTaskThread "GC Thread#7" [stack: 0x0000000172ddc000,0x0000000172fdf000] [id=41731]
  0x0000000123607330 ConcurrentGCThread "G1 Main Marker" [stack: 0x000000016fdb0000,0x000000016ffb3000] [id=12547]
  0x0000000123607bc0 ConcurrentGCThread "G1 Conc#0" [stack: 0x000000016ffbc000,0x00000001701bf000] [id=13059]
  0x00000001140295d0 ConcurrentGCThread "G1 Conc#1" [stack: 0x0000000172fe8000,0x00000001731eb000] [id=35075]
  0x0000000123609a40 ConcurrentGCThread "G1 Refine#0" [stack: 0x00000001701c8000,0x00000001703cb000] [id=21507]
  0x000000012360a2f0 ConcurrentGCThread "G1 Service" [stack: 0x00000001703d4000,0x00000001705d7000] [id=20995]

Threads with active compile tasks:
C1 CompilerThread0  2033 4775       1       sun.util.resources.LocaleData$LocaleDataStrategy::getCandidateLocales (219 bytes)

VM state: at safepoint (normal execution)

VM Mutex/Monitor currently owned by a thread:  ([mutex/lock_event])
[0x0000600000e99a00] Threads_lock - owner thread: 0x00000001237051b0
[0x0000600000e99f80] Heap_lock - owner thread: 0x0000000123815800

Heap address: 0x0000000780000000, size: 2048 MB, Compressed Oops mode: Zero based, Oop shift amount: 3

CDS archive(s) mapped at: [0x000000a800000000-0x000000a800bc0000-0x000000a800bc0000), size 12320768, SharedBaseAddress: 0x000000a800000000, ArchiveRelocationMode: 1.
Compressed class space mapped at: 0x000000a801000000-0x000000a841000000, reserved size: 1073741824
Narrow klass base: 0x000000a800000000, Narrow klass shift: 0, Narrow klass range: 0x100000000

GC Precious Log:
 CPUs: 8 total, 8 available
 Memory: 8192M
 Large Page Support: Disabled
 NUMA Support: Disabled
 Compressed Oops: Enabled (Zero based)
 Heap Region Size: 1M
 Heap Min Capacity: 8M
 Heap Initial Capacity: 128M
 Heap Max Capacity: 2G
 Pre-touch: Disabled
 Parallel Workers: 8
 Concurrent Workers: 2
 Concurrent Refinement Workers: 8
 Periodic GC: Disabled

Heap:
 garbage-first heap   total 95232K, used 69314K [0x0000000780000000, 0x0000000800000000)
  region size 1024K, 48 young (49152K), 6 survivors (6144K)
 Metaspace       used 41160K, committed 41600K, reserved 1114112K
  class space    used 5759K, committed 5952K, reserved 1048576K

Heap Regions: E=young(eden), S=young(survivor), O=old, HS=humongous(starts), HC=humongous(continues), CS=collection set, F=free, OA=open archive, CA=closed archive, TAMS=top-at-mark-start (previous, next)
|   0|0x0000000780000000, 0x0000000780100000, 0x0000000780100000|100%|HS|  |TAMS 0x0000000780100000, 0x0000000780000000| Complete 
|   1|0x0000000780100000, 0x0000000780200000, 0x0000000780200000|100%| O|  |TAMS 0x0000000780200000, 0x0000000780100000| Untracked 
|   2|0x0000000780200000, 0x0000000780300000, 0x0000000780300000|100%| O|  |TAMS 0x0000000780300000, 0x0000000780200000| Untracked 
|   3|0x0000000780300000, 0x0000000780400000, 0x0000000780400000|100%| O|  |TAMS 0x0000000780400000, 0x0000000780300000| Untracked 
|   4|0x0000000780400000, 0x0000000780500000, 0x0000000780500000|100%| O|  |TAMS 0x0000000780500000, 0x0000000780400000| Untracked 
|   5|0x0000000780500000, 0x0000000780600000, 0x0000000780600000|100%| O|  |TAMS 0x0000000780600000, 0x0000000780500000| Untracked 
|   6|0x0000000780600000, 0x0000000780700000, 0x0000000780700000|100%| O|  |TAMS 0x0000000780700000, 0x0000000780600000| Untracked 
|   7|0x0000000780700000, 0x0000000780800000, 0x0000000780800000|100%| O|  |TAMS 0x0000000780800000, 0x0000000780700000| Untracked 
|   8|0x0000000780800000, 0x0000000780900000, 0x0000000780900000|100%| O|  |TAMS 0x0000000780900000, 0x0000000780800000| Untracked 
|   9|0x0000000780900000, 0x0000000780a00000, 0x0000000780a00000|100%| O|  |TAMS 0x0000000780a00000, 0x0000000780900000| Untracked 
|  10|0x0000000780a00000, 0x0000000780a00000, 0x0000000780b00000|  0%| F|  |TAMS 0x0000000780a00000, 0x0000000780a00000| Untracked 
|  11|0x0000000780b00000, 0x0000000780c00000, 0x0000000780c00000|100%| O|  |TAMS 0x0000000780c00000, 0x0000000780b00000| Untracked 
|  12|0x0000000780c00000, 0x0000000780d00000, 0x0000000780d00000|100%| O|  |TAMS 0x0000000780d00000, 0x0000000780c00000| Untracked 
|  13|0x0000000780d00000, 0x0000000780e00000, 0x0000000780e00000|100%| O|  |TAMS 0x0000000780e00000, 0x0000000780d00000| Untracked 
|  14|0x0000000780e00000, 0x0000000780e7b400, 0x0000000780f00000| 48%| O|  |TAMS 0x0000000780e7b400, 0x0000000780e00000| Untracked 
|  15|0x0000000780f00000, 0x0000000781000000, 0x0000000781000000|100%| O|  |TAMS 0x0000000781000000, 0x0000000780f00000| Untracked 
|  16|0x0000000781000000, 0x0000000781100000, 0x0000000781100000|100%| O|  |TAMS 0x0000000781100000, 0x0000000781000000| Untracked 
|  17|0x0000000781100000, 0x0000000781200000, 0x0000000781200000|100%| O|  |TAMS 0x0000000781200000, 0x0000000781100000| Untracked 
|  18|0x0000000781200000, 0x0000000781300000, 0x0000000781300000|100%| O|  |TAMS 0x0000000781200000, 0x0000000781200000| Untracked 
|  19|0x0000000781300000, 0x0000000781400000, 0x0000000781400000|100%| O|  |TAMS 0x0000000781300000, 0x0000000781300000| Untracked 
|  20|0x0000000781400000, 0x0000000781500000, 0x0000000781500000|100%| O|  |TAMS 0x0000000781400000, 0x0000000781400000| Untracked 
|  21|0x0000000781500000, 0x000000078159c000, 0x0000000781600000| 60%| O|  |TAMS 0x0000000781500000, 0x0000000781500000| Untracked 
|  22|0x0000000781600000, 0x0000000781600000, 0x0000000781700000|  0%| F|  |TAMS 0x0000000781600000, 0x0000000781600000| Untracked 
|  23|0x0000000781700000, 0x0000000781800000, 0x0000000781800000|100%| O|  |TAMS 0x0000000781800000, 0x0000000781700000| Untracked 
|  24|0x0000000781800000, 0x0000000781900000, 0x0000000781900000|100%| O|  |TAMS 0x0000000781900000, 0x0000000781800000| Untracked 
|  25|0x0000000781900000, 0x0000000781a00000, 0x0000000781a00000|100%| O|  |TAMS 0x00000007819de400, 0x0000000781900000| Untracked 
|  26|0x0000000781a00000, 0x0000000781a00000, 0x0000000781b00000|  0%| F|  |TAMS 0x0000000781a00000, 0x0000000781a00000| Untracked 
|  27|0x0000000781b00000, 0x0000000781b00000, 0x0000000781c00000|  0%| F|  |TAMS 0x0000000781b00000, 0x0000000781b00000| Untracked 
|  28|0x0000000781c00000, 0x0000000781c00000, 0x0000000781d00000|  0%| F|  |TAMS 0x0000000781c00000, 0x0000000781c00000| Untracked 
|  29|0x0000000781d00000, 0x0000000781d00000, 0x0000000781e00000|  0%| F|  |TAMS 0x0000000781d00000, 0x0000000781d00000| Untracked 
|  30|0x0000000781e00000, 0x0000000781e00000, 0x0000000781f00000|  0%| F|  |TAMS 0x0000000781e00000, 0x0000000781e00000| Untracked 
|  31|0x0000000781f00000, 0x0000000781f00000, 0x0000000782000000|  0%| F|  |TAMS 0x0000000781f00000, 0x0000000781f00000| Untracked 
|  32|0x0000000782000000, 0x0000000782000000, 0x0000000782100000|  0%| F|  |TAMS 0x0000000782000000, 0x0000000782000000| Untracked 
|  33|0x0000000782100000, 0x0000000782100000, 0x0000000782200000|  0%| F|  |TAMS 0x0000000782100000, 0x0000000782100000| Untracked 
|  34|0x0000000782200000, 0x0000000782200000, 0x0000000782300000|  0%| F|  |TAMS 0x0000000782200000, 0x0000000782200000| Untracked 
|  35|0x0000000782300000, 0x0000000782300000, 0x0000000782400000|  0%| F|  |TAMS 0x0000000782300000, 0x0000000782300000| Untracked 
|  36|0x0000000782400000, 0x0000000782400000, 0x0000000782500000|  0%| F|  |TAMS 0x0000000782400000, 0x0000000782400000| Untracked 
|  37|0x0000000782500000, 0x0000000782500000, 0x0000000782600000|  0%| F|  |TAMS 0x0000000782500000, 0x0000000782500000| Untracked 
|  38|0x0000000782600000, 0x0000000782600000, 0x0000000782700000|  0%| F|  |TAMS 0x0000000782600000, 0x0000000782600000| Untracked 
|  39|0x0000000782700000, 0x0000000782700000, 0x0000000782800000|  0%| F|  |TAMS 0x0000000782700000, 0x0000000782700000| Untracked 
|  40|0x0000000782800000, 0x0000000782800000, 0x0000000782900000|  0%| F|  |TAMS 0x0000000782800000, 0x0000000782800000| Untracked 
|  41|0x0000000782900000, 0x0000000782967110, 0x0000000782a00000| 40%| S|  |TAMS 0x0000000782900000, 0x0000000782900000| Complete 
|  42|0x0000000782a00000, 0x0000000782b00000, 0x0000000782b00000|100%| S|  |TAMS 0x0000000782a00000, 0x0000000782a00000| Complete 
|  43|0x0000000782b00000, 0x0000000782c00000, 0x0000000782c00000|100%| S|  |TAMS 0x0000000782b00000, 0x0000000782b00000| Complete 
|  44|0x0000000782c00000, 0x0000000782d00000, 0x0000000782d00000|100%| S|  |TAMS 0x0000000782c00000, 0x0000000782c00000| Complete 
|  45|0x0000000782d00000, 0x0000000782e00000, 0x0000000782e00000|100%| S|  |TAMS 0x0000000782d00000, 0x0000000782d00000| Complete 
|  46|0x0000000782e00000, 0x0000000782f00000, 0x0000000782f00000|100%| S|  |TAMS 0x0000000782e00000, 0x0000000782e00000| Complete 
|  47|0x0000000782f00000, 0x0000000783000000, 0x0000000783000000|100%| E|CS|TAMS 0x0000000782f00000, 0x0000000782f00000| Complete 
|  48|0x0000000783000000, 0x0000000783100000, 0x0000000783100000|100%| E|CS|TAMS 0x0000000783000000, 0x0000000783000000| Complete 
|  49|0x0000000783100000, 0x0000000783200000, 0x0000000783200000|100%| E|CS|TAMS 0x0000000783100000, 0x0000000783100000| Complete 
|  50|0x0000000783200000, 0x0000000783300000, 0x0000000783300000|100%| E|CS|TAMS 0x0000000783200000, 0x0000000783200000| Complete 
|  51|0x0000000783300000, 0x0000000783400000, 0x0000000783400000|100%| E|CS|TAMS 0x0000000783300000, 0x0000000783300000| Complete 
|  52|0x0000000783400000, 0x0000000783500000, 0x0000000783500000|100%| E|CS|TAMS 0x0000000783400000, 0x0000000783400000| Complete 
|  53|0x0000000783500000, 0x0000000783600000, 0x0000000783600000|100%| E|CS|TAMS 0x0000000783500000, 0x0000000783500000| Complete 
|  54|0x0000000783600000, 0x0000000783700000, 0x0000000783700000|100%| E|CS|TAMS 0x0000000783600000, 0x0000000783600000| Complete 
|  55|0x0000000783700000, 0x0000000783800000, 0x0000000783800000|100%| E|CS|TAMS 0x0000000783700000, 0x0000000783700000| Complete 
|  56|0x0000000783800000, 0x0000000783900000, 0x0000000783900000|100%| E|CS|TAMS 0x0000000783800000, 0x0000000783800000| Complete 
|  57|0x0000000783900000, 0x00000007839b1450, 0x0000000783a00000| 69%| E|CS|TAMS 0x0000000783900000, 0x0000000783900000| Complete 
|  58|0x0000000783a00000, 0x0000000783b00000, 0x0000000783b00000|100%| E|CS|TAMS 0x0000000783a00000, 0x0000000783a00000| Complete 
|  59|0x0000000783b00000, 0x0000000783c00000, 0x0000000783c00000|100%| E|CS|TAMS 0x0000000783b00000, 0x0000000783b00000| Complete 
|  60|0x0000000783c00000, 0x0000000783d00000, 0x0000000783d00000|100%| E|CS|TAMS 0x0000000783c00000, 0x0000000783c00000| Complete 
|  61|0x0000000783d00000, 0x0000000783e00000, 0x0000000783e00000|100%| E|CS|TAMS 0x0000000783d00000, 0x0000000783d00000| Complete 
|  62|0x0000000783e00000, 0x0000000783f00000, 0x0000000783f00000|100%| E|CS|TAMS 0x0000000783e00000, 0x0000000783e00000| Complete 
|  63|0x0000000783f00000, 0x0000000784000000, 0x0000000784000000|100%| E|CS|TAMS 0x0000000783f00000, 0x0000000783f00000| Complete 
|  64|0x0000000784000000, 0x0000000784100000, 0x0000000784100000|100%| E|CS|TAMS 0x0000000784000000, 0x0000000784000000| Complete 
|  65|0x0000000784100000, 0x0000000784200000, 0x0000000784200000|100%| E|CS|TAMS 0x0000000784100000, 0x0000000784100000| Complete 
|  66|0x0000000784200000, 0x0000000784300000, 0x0000000784300000|100%| E|CS|TAMS 0x0000000784200000, 0x0000000784200000| Complete 
|  67|0x0000000784300000, 0x0000000784400000, 0x0000000784400000|100%| E|CS|TAMS 0x0000000784300000, 0x0000000784300000| Complete 
|  68|0x0000000784400000, 0x0000000784500000, 0x0000000784500000|100%| E|CS|TAMS 0x0000000784400000, 0x0000000784400000| Complete 
|  69|0x0000000784500000, 0x0000000784600000, 0x0000000784600000|100%| E|CS|TAMS 0x0000000784500000, 0x0000000784500000| Complete 
|  70|0x0000000784600000, 0x0000000784700000, 0x0000000784700000|100%| E|CS|TAMS 0x0000000784600000, 0x0000000784600000| Complete 
|  71|0x0000000784700000, 0x0000000784800000, 0x0000000784800000|100%| E|CS|TAMS 0x0000000784700000, 0x0000000784700000| Complete 
|  72|0x0000000784800000, 0x0000000784900000, 0x0000000784900000|100%| E|CS|TAMS 0x0000000784800000, 0x0000000784800000| Complete 
|  73|0x0000000784900000, 0x0000000784a00000, 0x0000000784a00000|100%| E|CS|TAMS 0x0000000784900000, 0x0000000784900000| Complete 
|  74|0x0000000784a00000, 0x0000000784b00000, 0x0000000784b00000|100%| E|CS|TAMS 0x0000000784a00000, 0x0000000784a00000| Complete 
|  75|0x0000000784b00000, 0x0000000784c00000, 0x0000000784c00000|100%| E|CS|TAMS 0x0000000784b00000, 0x0000000784b00000| Complete 
|  76|0x0000000784c00000, 0x0000000784d00000, 0x0000000784d00000|100%| E|CS|TAMS 0x0000000784c00000, 0x0000000784c00000| Complete 
|  77|0x0000000784d00000, 0x0000000784e00000, 0x0000000784e00000|100%| E|CS|TAMS 0x0000000784d00000, 0x0000000784d00000| Complete 
|  78|0x0000000784e00000, 0x0000000784f00000, 0x0000000784f00000|100%| E|CS|TAMS 0x0000000784e00000, 0x0000000784e00000| Complete 
|  79|0x0000000784f00000, 0x0000000785000000, 0x0000000785000000|100%| E|CS|TAMS 0x0000000784f00000, 0x0000000784f00000| Complete 
|  80|0x0000000785000000, 0x0000000785100000, 0x0000000785100000|100%| E|CS|TAMS 0x0000000785000000, 0x0000000785000000| Complete 
|  81|0x0000000785100000, 0x0000000785200000, 0x0000000785200000|100%| E|CS|TAMS 0x0000000785100000, 0x0000000785100000| Complete 
|  82|0x0000000785200000, 0x0000000785300000, 0x0000000785300000|100%| E|CS|TAMS 0x0000000785200000, 0x0000000785200000| Complete 
|  83|0x0000000785300000, 0x0000000785400000, 0x0000000785400000|100%| E|CS|TAMS 0x0000000785300000, 0x0000000785300000| Complete 
| 117|0x0000000787500000, 0x0000000787600000, 0x0000000787600000|100%| E|CS|TAMS 0x0000000787500000, 0x0000000787500000| Complete 
| 118|0x0000000787600000, 0x0000000787700000, 0x0000000787700000|100%| E|CS|TAMS 0x0000000787600000, 0x0000000787600000| Complete 
| 119|0x0000000787700000, 0x0000000787800000, 0x0000000787800000|100%| E|CS|TAMS 0x0000000787700000, 0x0000000787700000| Complete 
| 120|0x0000000787800000, 0x0000000787900000, 0x0000000787900000|100%| E|CS|TAMS 0x0000000787800000, 0x0000000787800000| Complete 
| 121|0x0000000787900000, 0x0000000787a00000, 0x0000000787a00000|100%| E|CS|TAMS 0x0000000787900000, 0x0000000787900000| Complete 
| 126|0x0000000787e00000, 0x0000000787f00000, 0x0000000787f00000|100%| E|CS|TAMS 0x0000000787e00000, 0x0000000787e00000| Complete 
| 127|0x0000000787f00000, 0x0000000788000000, 0x0000000788000000|100%| E|CS|TAMS 0x0000000787f00000, 0x0000000787f00000| Complete 
|2046|0x00000007ffe00000, 0x00000007ffe74000, 0x00000007fff00000| 45%|OA|  |TAMS 0x00000007ffe74000, 0x00000007ffe00000| Untracked 
|2047|0x00000007fff00000, 0x00000007fff74000, 0x0000000800000000| 45%|CA|  |TAMS 0x00000007fff74000, 0x00000007fff00000| Untracked 

Card table byte_map: [0x0000000100bb0000,0x0000000100fb0000] _byte_map_base: 0x00000000fcfb0000

Marking Bits (Prev, Next): (CMBitMap*) 0x000000012383b810, (CMBitMap*) 0x000000012383b850
 Prev Bits: [0x000000010d2bc000, 0x000000010f2bc000)
 Next Bits: [0x000000010f2bc000, 0x00000001112bc000)

Polling page: 0x000000010058c000

Metaspace:

Usage:
  Non-class:     34.57 MB used.
      Class:      5.62 MB used.
       Both:     40.20 MB used.

Virtual space:
  Non-class space:       64.00 MB reserved,      34.81 MB ( 54%) committed,  1 nodes.
      Class space:        1.00 GB reserved,       5.81 MB ( <1%) committed,  1 nodes.
             Both:        1.06 GB reserved,      40.62 MB (  4%) committed. 

Chunk freelists:
   Non-Class:  12.62 MB
       Class:  10.00 MB
        Both:  22.62 MB

MaxMetaspaceSize: unlimited
CompressedClassSpaceSize: 1.00 GB
Initial GC threshold: 21.00 MB
Current GC threshold: 59.31 MB
CDS: on
MetaspaceReclaimPolicy: balanced
 - commit_granule_bytes: 65536.
 - commit_granule_words: 8192.
 - virtual_space_node_default_size: 8388608.
 - enlarge_chunks_in_place: 1.
 - new_chunks_are_fully_committed: 0.
 - uncommit_free_chunks: 1.
 - use_allocation_guard: 0.
 - handle_deallocations: 1.


Internal statistics:

num_allocs_failed_limit: 6.
num_arena_births: 684.
num_arena_deaths: 0.
num_vsnodes_births: 2.
num_vsnodes_deaths: 0.
num_space_committed: 650.
num_space_uncommitted: 0.
num_chunks_returned_to_freelist: 6.
num_chunks_taken_from_freelist: 2284.
num_chunk_merges: 6.
num_chunk_splits: 1573.
num_chunks_enlarged: 1166.
num_inconsistent_stats: 0.

CodeCache: size=49152Kb used=8487Kb max_used=8487Kb free=40665Kb
 bounds [0x000000010a2bc000, 0x000000010ab0c000, 0x000000010d2bc000]
 total_blobs=5118 nmethods=4569 adapters=480
 compilation: enabled
              stopped_count=0, restarted_count=0
 full_count=0

Compilation events (20 events):
Event: 2.022 Thread 0x0000000124821e00 nmethod 4769 0x000000010ab00410 code [0x000000010ab005c0, 0x000000010ab007b8]
Event: 2.022 Thread 0x0000000124821e00 4764       1       java.time.LocalDate::toEpochDay (154 bytes)
Event: 2.022 Thread 0x0000000124821e00 nmethod 4764 0x000000010ab00910 code [0x000000010ab00ac0, 0x000000010ab00cb8]
Event: 2.022 Thread 0x0000000124821e00 4762       1       jdk.internal.misc.VM::isBooted (13 bytes)
Event: 2.022 Thread 0x0000000124821e00 nmethod 4762 0x000000010ab00d90 code [0x000000010ab00f00, 0x000000010ab00f98]
Event: 2.022 Thread 0x0000000124821e00 4763       1       java.util.ServiceLoader::<init> (158 bytes)
Event: 2.023 Thread 0x0000000124821e00 nmethod 4763 0x000000010ab01090 code [0x000000010ab01380, 0x000000010ab01ed8]
Event: 2.023 Thread 0x0000000124821e00 4766       1       java.time.LocalTime::getNano (5 bytes)
Event: 2.023 Thread 0x0000000124821e00 nmethod 4766 0x000000010ab02590 code [0x000000010ab02700, 0x000000010ab02798]
Event: 2.023 Thread 0x0000000124821e00 4767       1       sun.util.calendar.ZoneInfoFile::getYear (233 bytes)
Event: 2.023 Thread 0x0000000124821e00 nmethod 4767 0x000000010ab02890 code [0x000000010ab02a00, 0x000000010ab02c18]
Event: 2.023 Thread 0x0000000124821e00 4768       1       java.time.zone.Ser::read (13 bytes)
Event: 2.023 Thread 0x0000000124821e00 nmethod 4768 0x000000010ab02c90 code [0x000000010ab02e40, 0x000000010ab02f18]
Event: 2.023 Thread 0x0000000124821e00 4772       1       sun.util.cldr.CLDRTimeZoneNameProviderImpl::deriveFallbackNames (42 bytes)
Event: 2.024 Thread 0x0000000124821e00 nmethod 4772 0x000000010ab03010 code [0x000000010ab03200, 0x000000010ab035b8]
Event: 2.024 Thread 0x0000000124821e00 4770       1       java.util.ServiceLoader::checkCaller (85 bytes)
Event: 2.024 Thread 0x0000000124821e00 nmethod 4770 0x000000010ab03810 code [0x000000010ab03bc0, 0x000000010ab04838]
Event: 2.024 Thread 0x0000000124821e00 4771       1       java.lang.Module::canUse (56 bytes)
Event: 2.024 Thread 0x0000000124821e00 nmethod 4771 0x000000010ab05190 code [0x000000010ab053c0, 0x000000010ab05918]
Event: 2.024 Thread 0x0000000124821e00 4775       1       sun.util.resources.LocaleData$LocaleDataStrategy::getCandidateLocales (219 bytes)

GC Heap History (15 events):
Event: 0.372 GC heap before
{Heap before GC invocations=0 (full 0):
 garbage-first heap   total 133120K, used 27552K [0x0000000780000000, 0x0000000800000000)
  region size 1024K, 23 young (23552K), 0 survivors (0K)
 Metaspace       used 3464K, committed 3648K, reserved 1114112K
  class space    used 430K, committed 512K, reserved 1048576K
}
Event: 0.377 GC heap after
{Heap after GC invocations=1 (full 0):
 garbage-first heap   total 133120K, used 11765K [0x0000000780000000, 0x0000000800000000)
  region size 1024K, 3 young (3072K), 3 survivors (3072K)
 Metaspace       used 3464K, committed 3648K, reserved 1114112K
  class space    used 430K, committed 512K, reserved 1048576K
}
Event: 0.635 GC heap before
{Heap before GC invocations=1 (full 0):
 garbage-first heap   total 133120K, used 40437K [0x0000000780000000, 0x0000000800000000)
  region size 1024K, 28 young (28672K), 3 survivors (3072K)
 Metaspace       used 9460K, committed 9664K, reserved 1114112K
  class space    used 1251K, committed 1344K, reserved 1048576K
}
Event: 0.638 GC heap after
{Heap after GC invocations=2 (full 0):
 garbage-first heap   total 133120K, used 15937K [0x0000000780000000, 0x0000000800000000)
  region size 1024K, 3 young (3072K), 3 survivors (3072K)
 Metaspace       used 9460K, committed 9664K, reserved 1114112K
  class space    used 1251K, committed 1344K, reserved 1048576K
}
Event: 0.981 GC heap before
{Heap before GC invocations=2 (full 0):
 garbage-first heap   total 133120K, used 67137K [0x0000000780000000, 0x0000000800000000)
  region size 1024K, 53 young (54272K), 3 survivors (3072K)
 Metaspace       used 20308K, committed 20608K, reserved 1114112K
  class space    used 2709K, committed 2816K, reserved 1048576K
}
Event: 0.987 GC heap after
{Heap after GC invocations=3 (full 0):
 garbage-first heap   total 133120K, used 19725K [0x0000000780000000, 0x0000000800000000)
  region size 1024K, 7 young (7168K), 7 survivors (7168K)
 Metaspace       used 20308K, committed 20608K, reserved 1114112K
  class space    used 2709K, committed 2816K, reserved 1048576K
}
Event: 1.007 GC heap before
{Heap before GC invocations=3 (full 0):
 garbage-first heap   total 133120K, used 24845K [0x0000000780000000, 0x0000000800000000)
  region size 1024K, 13 young (13312K), 7 survivors (7168K)
 Metaspace       used 21163K, committed 21504K, reserved 1114112K
  class space    used 2813K, committed 3008K, reserved 1048576K
}
Event: 1.009 GC heap after
{Heap after GC invocations=4 (full 0):
 garbage-first heap   total 133120K, used 20127K [0x0000000780000000, 0x0000000800000000)
  region size 1024K, 5 young (5120K), 5 survivors (5120K)
 Metaspace       used 21163K, committed 21504K, reserved 1114112K
  class space    used 2813K, committed 3008K, reserved 1048576K
}
Event: 1.313 GC heap before
{Heap before GC invocations=5 (full 0):
 garbage-first heap   total 78848K, used 67231K [0x0000000780000000, 0x0000000800000000)
  region size 1024K, 52 young (53248K), 5 survivors (5120K)
 Metaspace       used 26372K, committed 26816K, reserved 1114112K
  class space    used 3570K, committed 3776K, reserved 1048576K
}
Event: 1.322 GC heap after
{Heap after GC invocations=6 (full 0):
 garbage-first heap   total 95232K, used 22266K [0x0000000780000000, 0x0000000800000000)
  region size 1024K, 4 young (4096K), 4 survivors (4096K)
 Metaspace       used 26372K, committed 26816K, reserved 1114112K
  class space    used 3570K, committed 3776K, reserved 1048576K
}
Event: 1.620 GC heap before
{Heap before GC invocations=6 (full 0):
 garbage-first heap   total 95232K, used 67322K [0x0000000780000000, 0x0000000800000000)
  region size 1024K, 47 young (48128K), 4 survivors (4096K)
 Metaspace       used 33045K, committed 33472K, reserved 1114112K
  class space    used 4529K, committed 4672K, reserved 1048576K
}
Event: 1.626 GC heap after
{Heap after GC invocations=7 (full 0):
 garbage-first heap   total 95232K, used 25555K [0x0000000780000000, 0x0000000800000000)
  region size 1024K, 4 young (4096K), 4 survivors (4096K)
 Metaspace       used 33045K, committed 33472K, reserved 1114112K
  class space    used 4529K, committed 4672K, reserved 1048576K
}
Event: 1.777 GC heap before
{Heap before GC invocations=7 (full 0):
 garbage-first heap   total 95232K, used 57299K [0x0000000780000000, 0x0000000800000000)
  region size 1024K, 36 young (36864K), 4 survivors (4096K)
 Metaspace       used 35661K, committed 36160K, reserved 1114112K
  class space    used 4902K, committed 5120K, reserved 1048576K
}
Event: 1.785 GC heap after
{Heap after GC invocations=8 (full 0):
 garbage-first heap   total 95232K, used 27330K [0x0000000780000000, 0x0000000800000000)
  region size 1024K, 2 young (2048K), 2 survivors (2048K)
 Metaspace       used 35661K, committed 36160K, reserved 1114112K
  class space    used 4902K, committed 5120K, reserved 1048576K
}
Event: 2.025 GC heap before
{Heap before GC invocations=9 (full 0):
 garbage-first heap   total 95232K, used 69314K [0x0000000780000000, 0x0000000800000000)
  region size 1024K, 44 young (45056K), 2 survivors (2048K)
 Metaspace       used 41160K, committed 41600K, reserved 1114112K
  class space    used 5759K, committed 5952K, reserved 1048576K
}

Dll operation events (11 events):
Event: 0.023 Loaded shared library /Users/a/Library/Java/JavaVirtualMachines/ms-17.0.17/Contents/Home/lib/libjava.dylib
Event: 0.113 Loaded shared library /Users/a/Library/Java/JavaVirtualMachines/ms-17.0.17/Contents/Home/lib/libzip.dylib
Event: 0.114 Loaded shared library /Users/a/Library/Java/JavaVirtualMachines/ms-17.0.17/Contents/Home/lib/libinstrument.dylib
Event: 0.117 Loaded shared library /Users/a/Library/Java/JavaVirtualMachines/ms-17.0.17/Contents/Home/lib/libnio.dylib
Event: 0.119 Loaded shared library /Users/a/Library/Java/JavaVirtualMachines/ms-17.0.17/Contents/Home/lib/libzip.dylib
Event: 0.239 Loaded shared library /Users/a/Library/Java/JavaVirtualMachines/ms-17.0.17/Contents/Home/lib/libnet.dylib
Event: 0.248 Loaded shared library /Users/a/Library/Java/JavaVirtualMachines/ms-17.0.17/Contents/Home/lib/libextnet.dylib
Event: 0.252 Loaded shared library /Users/a/Library/Java/JavaVirtualMachines/ms-17.0.17/Contents/Home/lib/libjimage.dylib
Event: 1.533 Loaded shared library /Users/a/Library/Java/JavaVirtualMachines/ms-17.0.17/Contents/Home/lib/libmanagement.dylib
Event: 1.534 Loaded shared library /Users/a/Library/Java/JavaVirtualMachines/ms-17.0.17/Contents/Home/lib/libmanagement_ext.dylib
Event: 1.595 Loaded shared library /Users/a/Library/Java/JavaVirtualMachines/ms-17.0.17/Contents/Home/lib/libverify.dylib

Deoptimization events (20 events):
Event: 0.418 Thread 0x0000000123815800 DEOPT PACKING pc=0x000000010a47b320 sp=0x000000016fb973f0
Event: 0.418 Thread 0x0000000123815800 DEOPT UNPACKING pc=0x000000010a30377c sp=0x000000016fb97170 mode 3
Event: 0.462 Thread 0x0000000123815800 DEOPT PACKING pc=0x000000010a4e2efc sp=0x000000016fb98f00
Event: 0.462 Thread 0x0000000123815800 DEOPT UNPACKING pc=0x000000010a30377c sp=0x000000016fb98be0 mode 3
Event: 0.670 Thread 0x0000000123815800 DEOPT PACKING pc=0x000000010a607210 sp=0x000000016fb98b90
Event: 0.670 Thread 0x0000000123815800 DEOPT UNPACKING pc=0x000000010a30377c sp=0x000000016fb98950 mode 3
Event: 0.833 Thread 0x0000000123815800 DEOPT PACKING pc=0x000000010a468720 sp=0x000000016fb9a3c0
Event: 0.833 Thread 0x0000000123815800 DEOPT UNPACKING pc=0x000000010a30377c sp=0x000000016fb9a160 mode 3
Event: 0.876 Thread 0x0000000123abbc00 DEOPT PACKING pc=0x000000010a422da0 sp=0x0000000172bc4d90
Event: 0.876 Thread 0x0000000123abbc00 DEOPT UNPACKING pc=0x000000010a30377c sp=0x0000000172bc4a40 mode 3
Event: 0.884 Thread 0x0000000123815800 DEOPT PACKING pc=0x000000010a5c7494 sp=0x000000016fb98ae0
Event: 0.884 Thread 0x0000000123815800 DEOPT UNPACKING pc=0x000000010a30377c sp=0x000000016fb987b0 mode 3
Event: 0.885 Thread 0x0000000123815800 DEOPT PACKING pc=0x000000010a675014 sp=0x000000016fb98460
Event: 0.885 Thread 0x0000000123815800 DEOPT UNPACKING pc=0x000000010a30377c sp=0x000000016fb98170 mode 3
Event: 0.930 Thread 0x0000000123815800 DEOPT PACKING pc=0x000000010a5cbd20 sp=0x000000016fb98fa0
Event: 0.930 Thread 0x0000000123815800 DEOPT UNPACKING pc=0x000000010a30377c sp=0x000000016fb98ce0 mode 0
Event: 1.602 Thread 0x0000000123815800 DEOPT PACKING pc=0x000000010a977b48 sp=0x000000016fb97fe0
Event: 1.602 Thread 0x0000000123815800 DEOPT UNPACKING pc=0x000000010a30377c sp=0x000000016fb97ca0 mode 3
Event: 1.664 Thread 0x0000000123815800 DEOPT PACKING pc=0x000000010a7029f0 sp=0x000000016fb96920
Event: 1.664 Thread 0x0000000123815800 DEOPT UNPACKING pc=0x000000010a30377c sp=0x000000016fb96650 mode 3

Classes loaded (20 events):
Event: 1.991 Loading class javax/xml/parsers/SAXParserFactory
Event: 1.991 Loading class javax/xml/parsers/SAXParserFactory done
Event: 1.995 Loading class java/io/ObjectOutputStream
Event: 1.995 Loading class java/io/ObjectOutput
Event: 1.995 Loading class java/io/ObjectOutput done
Event: 1.995 Loading class java/io/ObjectOutputStream done
Event: 2.000 Loading class sun/misc/Unsafe
Event: 2.000 Loading class sun/misc/Unsafe done
Event: 2.000 Loading class jdk/internal/vm/annotation/ForceInline
Event: 2.000 Loading class jdk/internal/vm/annotation/ForceInline done
Event: 2.006 Loading class java/text/ParsePosition
Event: 2.006 Loading class java/text/ParsePosition done
Event: 2.006 Loading class java/text/CalendarBuilder
Event: 2.006 Loading class java/text/CalendarBuilder done
Event: 2.010 Loading class java/time/DayOfWeek
Event: 2.010 Loading class java/time/DayOfWeek done
Event: 2.010 Loading class java/time/zone/ZoneOffsetTransitionRule$TimeDefinition
Event: 2.010 Loading class java/time/zone/ZoneOffsetTransitionRule$TimeDefinition done
Event: 2.014 Loading class sun/util/resources/ParallelListResourceBundle
Event: 2.014 Loading class sun/util/resources/ParallelListResourceBundle done

Classes unloaded (0 events):
No events

Classes redefined (0 events):
No events

Internal exceptions (20 events):
Event: 1.466 Thread 0x0000000123815800 Exception <a 'java/lang/NoSuchMethodError'{0x000000078459e490}: 'java.lang.Object java.lang.invoke.DirectMethodHandle$Holder.invokeSpecial(java.lang.Object, java.lang.Object, java.lang.Object, java.lang.Object, int)'> (0x000000078459e490) 
thrown [src/hotspot/share/interpreter/linkResolver.cpp, line 759]
Event: 1.466 Thread 0x0000000123815800 Exception <a 'java/lang/NoSuchMethodError'{0x00000007845a2058}: 'java.lang.Object java.lang.invoke.Invokers$Holder.linkToTargetMethod(java.lang.Object, java.lang.Object, int, java.lang.Object)'> (0x00000007845a2058) 
thrown [src/hotspot/share/interpreter/linkResolver.cpp, line 759]
Event: 1.468 Thread 0x0000000123815800 Exception <a 'java/lang/NoSuchMethodError'{0x0000000784409878}: 'void java.lang.invoke.DirectMethodHandle$Holder.invokeStatic(java.lang.Object, int, java.lang.Object)'> (0x0000000784409878) 
thrown [src/hotspot/share/interpreter/linkResolver.cpp, line 759]
Event: 1.538 Thread 0x0000000123815800 Exception <a 'java/io/FileNotFoundException'{0x0000000783ce1910}> (0x0000000783ce1910) 
thrown [src/hotspot/share/prims/jni.cpp, line 516]
Event: 1.558 Thread 0x0000000123815800 Exception <a 'java/lang/NoSuchMethodError'{0x00000007838b43e0}: 'int java.lang.invoke.DirectMethodHandle$Holder.invokeInterface(java.lang.Object, java.lang.Object, java.lang.Object, java.lang.Object)'> (0x00000007838b43e0) 
thrown [src/hotspot/share/interpreter/linkResolver.cpp, line 759]
Event: 1.573 Thread 0x0000000123815800 Exception <a 'java/lang/NoSuchMethodError'{0x00000007836da560}: 'java.lang.Object java.lang.invoke.DirectMethodHandle$Holder.invokeStaticInit(java.lang.Object, java.lang.Object, java.lang.Object, java.lang.Object)'> (0x00000007836da560) 
thrown [src/hotspot/share/interpreter/linkResolver.cpp, line 759]
Event: 1.573 Thread 0x0000000123815800 Exception <a 'java/lang/IncompatibleClassChangeError'{0x00000007836ecab0}: Found class java.lang.Object, but interface was expected> (0x00000007836ecab0) 
thrown [src/hotspot/share/interpreter/linkResolver.cpp, line 826]
Event: 1.574 Thread 0x0000000123815800 Exception <a 'java/lang/IncompatibleClassChangeError'{0x00000007836fa408}: Found class java.lang.Object, but interface was expected> (0x00000007836fa408) 
thrown [src/hotspot/share/interpreter/linkResolver.cpp, line 826]
Event: 1.575 Thread 0x0000000123815800 Exception <a 'java/lang/IncompatibleClassChangeError'{0x0000000783529470}: Found class java.lang.Object, but interface was expected> (0x0000000783529470) 
thrown [src/hotspot/share/interpreter/linkResolver.cpp, line 826]
Event: 1.611 Thread 0x0000000123815800 Exception <a 'java/lang/NoSuchMethodError'{0x000000078319abe0}: 'int java.lang.invoke.DirectMethodHandle$Holder.invokeStaticInit(java.lang.Object, int, java.lang.Object, java.lang.Object, java.lang.Object, java.lang.Object)'> (0x000000078319abe0) 
thrown [src/hotspot/share/interpreter/linkResolver.cpp, line 759]
Event: 1.627 Thread 0x0000000123815800 Exception <a 'java/lang/NoSuchMethodError'{0x0000000787f224a8}: 'java.lang.Object java.lang.invoke.DirectMethodHandle$Holder.invokeSpecial(java.lang.Object, java.lang.Object, java.lang.Object, java.lang.Object, java.lang.Object, java.lang.Object, java.lang.Object, java.lang.Object, java.lang.Object, java.lang.Object, java.lang.Object, java.lang.Object, java.lang.Object, java.lang.Object)'> (0x0000000787f224a8) 
thrown [src/hotspot/share/interpreter/linkResolver.cpp, line 759]
Event: 1.627 Thread 0x0000000123815800 Exception <a 'java/lang/NoSuchMethodError'{0x0000000787f276c8}: 'java.lang.Object java.lang.invoke.Invokers$Holder.invoker(java.lang.Object, java.lang.Object, java.lang.Object, java.lang.Object, java.lang.Object, java.lang.Object, java.lang.Object, java.lang.Object, java.lang.Object, java.lang.Object, java.lang.Object, java.lang.Object, java.lang.Object, java.lang.Object)'> (0x0000000787f276c8) 
thrown [src/hotspot/share/interpreter/linkResolver.cpp, line 759]
Event: 1.627 Thread 0x0000000123815800 Exception <a 'java/lang/NoSuchMethodError'{0x0000000787f2d2e0}: 'java.lang.Object java.lang.invoke.DirectMethodHandle$Holder.invokeSpecial(java.lang.Object, java.lang.Object, java.lang.Object, java.lang.Object, java.lang.Object, java.lang.Object, java.lang.Object, java.lang.Object, java.lang.Object, java.lang.Object, java.lang.Object, java.lang.Object, java.lang.Object, java.lang.Object, java.lang.Object)'> (0x0000000787f2d2e0) 
thrown [src/hotspot/share/interpreter/linkResolver.cpp, line 759]
Event: 1.644 Thread 0x0000000123815800 Exception <a 'java/lang/NoSuchMethodError'{0x0000000787929510}: 'java.lang.Object java.lang.invoke.DirectMethodHandle$Holder.invokeStatic(java.lang.Object, java.lang.Object, int, java.lang.Object)'> (0x0000000787929510) 
thrown [src/hotspot/share/interpreter/linkResolver.cpp, line 759]
Event: 1.645 Thread 0x0000000123815800 Exception <a 'java/lang/NoSuchMethodError'{0x0000000787930628}: 'java.lang.Object java.lang.invoke.DirectMethodHandle$Holder.newInvokeSpecial(java.lang.Object, java.lang.Object, int)'> (0x0000000787930628) 
thrown [src/hotspot/share/interpreter/linkResolver.cpp, line 759]
Event: 1.693 Thread 0x0000000123815800 Exception <a 'java/lang/NoSuchMethodError'{0x00000007848f22d0}: 'java.lang.Object java.lang.invoke.DirectMethodHandle$Holder.newInvokeSpecial(java.lang.Object, java.lang.Object, java.lang.Object, int, java.lang.Object, java.lang.Object)'> (0x00000007848f22d0) 
thrown [src/hotspot/share/interpreter/linkResolver.cpp, line 759]
Event: 1.745 Thread 0x0000000123815800 Exception <a 'java/lang/NoSuchMethodError'{0x00000007840e7e98}: 'long java.lang.invoke.DirectMethodHandle$Holder.invokeVirtual(java.lang.Object, java.lang.Object)'> (0x00000007840e7e98) 
thrown [src/hotspot/share/interpreter/linkResolver.cpp, line 759]
Event: 1.772 Thread 0x0000000123815800 Exception <a 'java/lang/NoSuchMethodError'{0x0000000783c8de40}: 'java.lang.Object java.lang.invoke.DirectMethodHandle$Holder.invokeSpecial(java.lang.Object, java.lang.Object, java.lang.Object, long, int)'> (0x0000000783c8de40) 
thrown [src/hotspot/share/interpreter/linkResolver.cpp, line 759]
Event: 1.772 Thread 0x0000000123815800 Exception <a 'java/lang/NoSuchMethodError'{0x0000000783c91bf8}: 'java.lang.Object java.lang.invoke.Invokers$Holder.linkToTargetMethod(java.lang.Object, long, int, java.lang.Object)'> (0x0000000783c91bf8) 
thrown [src/hotspot/share/interpreter/linkResolver.cpp, line 759]
Event: 1.976 Thread 0x0000000123815800 Exception <a 'java/lang/NoSuchMethodError'{0x0000000783e1eaf0}: 'int java.lang.invoke.DirectMethodHandle$Holder.invokeStatic(java.lang.Object, java.lang.Object, java.lang.Object, java.lang.Object, java.lang.Object)'> (0x0000000783e1eaf0) 
thrown [src/hotspot/share/interpreter/linkResolver.cpp, line 759]

VM Operations (20 events):
Event: 1.629 Executing VM operation: HandshakeAllThreads done
Event: 1.734 Executing VM operation: HandshakeAllThreads
Event: 1.734 Executing VM operation: HandshakeAllThreads done
Event: 1.748 Executing VM operation: HandshakeAllThreads
Event: 1.748 Executing VM operation: HandshakeAllThreads done
Event: 1.777 Executing VM operation: CollectForMetadataAllocation
Event: 1.785 Executing VM operation: CollectForMetadataAllocation done
Event: 1.793 Executing VM operation: G1PauseRemark
Event: 1.795 Executing VM operation: G1PauseRemark done
Event: 1.803 Executing VM operation: G1PauseCleanup
Event: 1.803 Executing VM operation: G1PauseCleanup done
Event: 1.899 Executing VM operation: HandshakeAllThreads
Event: 1.899 Executing VM operation: HandshakeAllThreads done
Event: 1.988 Executing VM operation: ICBufferFull
Event: 1.988 Executing VM operation: ICBufferFull done
Event: 2.003 Executing VM operation: HandshakeAllThreads
Event: 2.003 Executing VM operation: HandshakeAllThreads done
Event: 2.003 Executing VM operation: HandshakeAllThreads
Event: 2.003 Executing VM operation: HandshakeAllThreads done
Event: 2.025 Executing VM operation: G1CollectForAllocation

Memory protections (17 events):
Event: 0.023 Protecting memory [0x000000016f998000,0x000000016f9a4000] with protection modes 0
Event: 0.075 Protecting memory [0x00000001707ec000,0x00000001707f8000] with protection modes 0
Event: 0.075 Protecting memory [0x00000001709f8000,0x0000000170a04000] with protection modes 0
Event: 0.083 Protecting memory [0x0000000170d1c000,0x0000000170d28000] with protection modes 0
Event: 0.084 Protecting memory [0x0000000170f28000,0x0000000170f34000] with protection modes 0
Event: 0.084 Protecting memory [0x0000000171134000,0x0000000171140000] with protection modes 0
Event: 0.084 Protecting memory [0x0000000171340000,0x000000017134c000] with protection modes 0
Event: 0.084 Protecting memory [0x000000017154c000,0x0000000171558000] with protection modes 0
Event: 0.101 Protecting memory [0x0000000171758000,0x0000000171764000] with protection modes 0
Event: 0.238 Protecting memory [0x0000000171964000,0x0000000171970000] with protection modes 0
Event: 0.238 Protecting memory [0x0000000171b70000,0x0000000171b7c000] with protection modes 0
Event: 0.679 Protecting memory [0x00000001729c4000,0x00000001729d0000] with protection modes 0
Event: 0.759 Protecting memory [0x00000001729c4000,0x00000001729d0000] with protection modes 3
Event: 0.831 Protecting memory [0x00000001729c4000,0x00000001729d0000] with protection modes 0
Event: 0.954 Protecting memory [0x0000000172bd0000,0x0000000172bdc000] with protection modes 0
Event: 0.963 Protecting memory [0x0000000172bd0000,0x0000000172bdc000] with protection modes 3
Event: 1.114 Protecting memory [0x00000001729c4000,0x00000001729d0000] with protection modes 3

Nmethod flushes (0 events):
No events

Events (17 events):
Event: 0.072 Thread 0x0000000123815800 Thread added: 0x0000000123815800
Event: 0.075 Thread 0x0000000123815800 Thread added: 0x00000001238c0800
Event: 0.075 Thread 0x0000000123815800 Thread added: 0x00000001238c3000
Event: 0.083 Thread 0x0000000123815800 Thread added: 0x0000000125010200
Event: 0.084 Thread 0x0000000123815800 Thread added: 0x000000012480fa00
Event: 0.084 Thread 0x0000000123815800 Thread added: 0x0000000124821800
Event: 0.084 Thread 0x0000000123815800 Thread added: 0x0000000124821e00
Event: 0.084 Thread 0x0000000123815800 Thread added: 0x0000000115009600
Event: 0.100 Thread 0x0000000123815800 Thread added: 0x0000000113810600
Event: 0.238 Thread 0x0000000123815800 Thread added: 0x00000001238c6000
Event: 0.238 Thread 0x0000000123815800 Thread added: 0x00000001238c5800
Event: 0.679 Thread 0x0000000123815800 Thread added: 0x0000000124a53200
Event: 0.759 Thread 0x0000000124a53200 Thread exited: 0x0000000124a53200
Event: 0.831 Thread 0x0000000123815800 Thread added: 0x0000000123abbc00
Event: 0.954 Thread 0x0000000123815800 Thread added: 0x0000000125217600
Event: 0.963 Thread 0x0000000125217600 Thread exited: 0x0000000125217600
Event: 1.114 Thread 0x0000000123abbc00 Thread exited: 0x0000000123abbc00


Dynamic libraries:
0x0000000100538000 	/Users/a/Library/Java/JavaVirtualMachines/ms-17.0.17/Contents/Home/lib/libjli.dylib
0x00000001b8bce000 	/System/Library/Frameworks/Cocoa.framework/Versions/A/Cocoa
0x00000001a0395000 	/System/Library/Frameworks/AppKit.framework/Versions/C/AppKit
0x00000001a3684000 	/System/Library/Frameworks/CoreData.framework/Versions/A/CoreData
0x000000019da1d000 	/System/Library/Frameworks/Foundation.framework/Versions/C/Foundation
0x00000001aa601000 	/usr/lib/libSystem.B.dylib
0x00000001a1827000 	/System/Library/PrivateFrameworks/UIFoundation.framework/Versions/A/UIFoundation
0x000000024a937000 	/System/Library/PrivateFrameworks/CollectionViewCore.framework/Versions/A/CollectionViewCore
0x00000001b1bf4000 	/System/Library/PrivateFrameworks/RemoteViewServices.framework/Versions/A/RemoteViewServices
0x00000001a8195000 	/System/Library/PrivateFrameworks/XCTTargetBootstrap.framework/Versions/A/XCTTargetBootstrap
0x00000001acdcb000 	/System/Library/PrivateFrameworks/InternationalSupport.framework/Versions/A/InternationalSupport
0x00000001ad122000 	/System/Library/PrivateFrameworks/UserActivity.framework/Versions/A/UserActivity
0x00000002793a7000 	/System/Library/PrivateFrameworks/UIIntelligenceSupport.framework/Versions/A/UIIntelligenceSupport
0x000000020331d000 	/System/Library/Frameworks/SwiftUICore.framework/Versions/A/SwiftUICore
0x000000027e420000 	/System/Library/PrivateFrameworks/WritingTools.framework/Versions/A/WritingTools
0x000000027d468000 	/System/Library/PrivateFrameworks/WindowManagement.framework/Versions/A/WindowManagement
0x000000019d681000 	/System/Library/Frameworks/SystemConfiguration.framework/Versions/A/SystemConfiguration
0x00000001ac22f000 	/usr/lib/libspindump.dylib
0x00000001a19d9000 	/System/Library/Frameworks/UniformTypeIdentifiers.framework/Versions/A/UniformTypeIdentifiers
0x00000001a99f3000 	/usr/lib/libbsm.0.dylib
0x00000001a5c18000 	/usr/lib/libapp_launch_measurement.dylib
0x00000001a4fc1000 	/System/Library/PrivateFrameworks/CoreAnalytics.framework/Versions/A/CoreAnalytics
0x00000001a5c1c000 	/System/Library/PrivateFrameworks/CoreAutoLayout.framework/Versions/A/CoreAutoLayout
0x00000001a77af000 	/System/Library/Frameworks/Metal.framework/Versions/A/Metal
0x00000001a89d3000 	/usr/lib/liblangid.dylib
0x00000001a819b000 	/System/Library/PrivateFrameworks/CoreSVG.framework/Versions/A/CoreSVG
0x00000001a23ff000 	/System/Library/PrivateFrameworks/SkyLight.framework/Versions/A/SkyLight
0x00000001a2925000 	/System/Library/Frameworks/CoreGraphics.framework/Versions/A/CoreGraphics
0x00000001b22d3000 	/System/Library/Frameworks/Accelerate.framework/Versions/A/Accelerate
0x00000001ac072000 	/System/Library/PrivateFrameworks/IconServices.framework/Versions/A/IconServices
0x00000001a778c000 	/System/Library/Frameworks/IOSurface.framework/Versions/A/IOSurface
0x00000001a4ff2000 	/usr/lib/libDiagnosticMessagesClient.dylib
0x00000001aa54b000 	/usr/lib/libz.1.dylib
0x00000001b61e6000 	/System/Library/Frameworks/ApplicationServices.framework/Versions/A/ApplicationServices
0x00000001a8180000 	/System/Library/PrivateFrameworks/DFRFoundation.framework/Versions/A/DFRFoundation
0x000000019fbfa000 	/usr/lib/libicucore.A.dylib
0x00000001ae1a9000 	/System/Library/Frameworks/AudioToolbox.framework/Versions/A/AudioToolbox
0x00000001ad0d3000 	/System/Library/PrivateFrameworks/DataDetectorsCore.framework/Versions/A/DataDetectorsCore
0x00000001c913d000 	/System/Library/PrivateFrameworks/TextInput.framework/Versions/A/TextInput
0x00000001a234a000 	/usr/lib/libMobileGestalt.dylib
0x00000001a7e79000 	/System/Library/Frameworks/Carbon.framework/Versions/A/Frameworks/HIToolbox.framework/Versions/A/HIToolbox
0x00000001a54f9000 	/System/Library/Frameworks/QuartzCore.framework/Versions/A/QuartzCore
0x000000019f7ef000 	/System/Library/Frameworks/Security.framework/Versions/A/Security
0x00000001b1c30000 	/System/Library/Frameworks/Carbon.framework/Versions/A/Frameworks/SpeechRecognition.framework/Versions/A/SpeechRecognition
0x00000001a591f000 	/System/Library/PrivateFrameworks/CoreUI.framework/Versions/A/CoreUI
0x000000019f0ba000 	/System/Library/Frameworks/CoreAudio.framework/Versions/A/CoreAudio
0x00000001a50e0000 	/System/Library/Frameworks/DiskArbitration.framework/Versions/A/DiskArbitration
0x00000001ac698000 	/System/Library/PrivateFrameworks/MultitouchSupport.framework/Versions/A/MultitouchSupport
0x00000001a2348000 	/usr/lib/libenergytrace.dylib
0x00000001bd4e3000 	/System/Library/PrivateFrameworks/RenderBox.framework/Versions/A/RenderBox
0x00000001a0245000 	/System/Library/Frameworks/IOKit.framework/Versions/A/IOKit
0x00000001b2027000 	/System/Library/Frameworks/CoreServices.framework/Versions/A/CoreServices
0x00000001a5ba9000 	/System/Library/PrivateFrameworks/PerformanceAnalysis.framework/Versions/A/PerformanceAnalysis
0x00000001fcced000 	/System/Library/Frameworks/OpenGL.framework/Versions/A/OpenGL
0x00000001a5c66000 	/usr/lib/libxml2.2.dylib
0x00000001a98d7000 	/System/Library/PrivateFrameworks/MobileKeyBag.framework/Versions/A/MobileKeyBag
0x000000019bfc4000 	/usr/lib/libobjc.A.dylib
0x000000019c2d1000 	/usr/lib/libc++.1.dylib
0x00000001b1fa8000 	/System/Library/Frameworks/Accessibility.framework/Versions/A/Accessibility
0x00000001a3055000 	/System/Library/Frameworks/ColorSync.framework/Versions/A/ColorSync
0x000000019c42d000 	/System/Library/Frameworks/CoreFoundation.framework/Versions/A/CoreFoundation
0x00000001a8555000 	/System/Library/Frameworks/CoreImage.framework/Versions/A/CoreImage
0x000000019ee9b000 	/System/Library/Frameworks/CoreText.framework/Versions/A/CoreText
0x00000001fe232000 	/System/Library/Frameworks/CoreTransferable.framework/Versions/A/CoreTransferable
0x00000001fe7b6000 	/System/Library/Frameworks/DataDetection.framework/Versions/A/DataDetection
0x00000001fe7b9000 	/System/Library/Frameworks/DeveloperToolsSupport.framework/Versions/A/DeveloperToolsSupport
0x00000001a81d6000 	/System/Library/Frameworks/ImageIO.framework/Versions/A/ImageIO
0x0000000203ee0000 	/System/Library/Frameworks/Symbols.framework/Versions/A/Symbols
0x00000001f04fc000 	/System/Library/PrivateFrameworks/FeatureFlags.framework/Versions/A/FeatureFlags
0x00000001aa606000 	/System/Library/PrivateFrameworks/SoftLinking.framework/Versions/A/SoftLinking
0x00000001dbe10000 	/usr/lib/swift/libswiftAccelerate.dylib
0x00000001adb3e000 	/usr/lib/swift/libswiftCore.dylib
0x00000001c57e6000 	/usr/lib/swift/libswiftCoreFoundation.dylib
0x00000001c5840000 	/usr/lib/swift/libswiftCoreImage.dylib
0x00000001c2bfa000 	/usr/lib/swift/libswiftDarwin.dylib
0x0000000285035000 	/usr/lib/swift/libswiftDataDetection.dylib
0x00000001b3b1f000 	/usr/lib/swift/libswiftDispatch.dylib
0x00000001c5841000 	/usr/lib/swift/libswiftIOKit.dylib
0x00000001d2397000 	/usr/lib/swift/libswiftMetal.dylib
0x00000001e136d000 	/usr/lib/swift/libswiftOSLog.dylib
0x00000001b678c000 	/usr/lib/swift/libswiftObjectiveC.dylib
0x0000000285062000 	/usr/lib/swift/libswiftObservation.dylib
0x00000001d77be000 	/usr/lib/swift/libswiftQuartzCore.dylib
0x00000001dbe01000 	/usr/lib/swift/libswiftUniformTypeIdentifiers.dylib
0x00000001c57f8000 	/usr/lib/swift/libswiftXPC.dylib
0x0000000285148000 	/usr/lib/swift/libswift_Builtin_float.dylib
0x000000028514b000 	/usr/lib/swift/libswift_Concurrency.dylib
0x00000002852aa000 	/usr/lib/swift/libswift_StringProcessing.dylib
0x000000028533d000 	/usr/lib/swift/libswift_errno.dylib
0x000000028533f000 	/usr/lib/swift/libswift_math.dylib
0x0000000285342000 	/usr/lib/swift/libswift_signal.dylib
0x0000000285343000 	/usr/lib/swift/libswift_stdio.dylib
0x0000000285344000 	/usr/lib/swift/libswift_time.dylib
0x00000001b6790000 	/usr/lib/swift/libswiftos.dylib
0x00000001c9094000 	/usr/lib/swift/libswiftsimd.dylib
0x0000000285345000 	/usr/lib/swift/libswiftsys_time.dylib
0x0000000285346000 	/usr/lib/swift/libswiftunistd.dylib
0x00000001aa82e000 	/usr/lib/libcompression.dylib
0x00000001acd2b000 	/System/Library/PrivateFrameworks/TextureIO.framework/Versions/A/TextureIO
0x00000001abd11000 	/usr/lib/libate.dylib
0x00000001aa5fb000 	/usr/lib/system/libcache.dylib
0x00000001aa5b6000 	/usr/lib/system/libcommonCrypto.dylib
0x00000001aa5e1000 	/usr/lib/system/libcompiler_rt.dylib
0x00000001aa5d6000 	/usr/lib/system/libcopyfile.dylib
0x000000019c11f000 	/usr/lib/system/libcorecrypto.dylib
0x000000019c205000 	/usr/lib/system/libdispatch.dylib
0x000000019c3c5000 	/usr/lib/system/libdyld.dylib
0x00000001aa5f1000 	/usr/lib/system/libkeymgr.dylib
0x00000001aa599000 	/usr/lib/system/libmacho.dylib
0x00000001a99cc000 	/usr/lib/system/libquarantine.dylib
0x00000001aa5ee000 	/usr/lib/system/libremovefile.dylib
0x00000001a23c4000 	/usr/lib/system/libsystem_asl.dylib
0x000000019c0b4000 	/usr/lib/system/libsystem_blocks.dylib
0x000000019c24f000 	/usr/lib/system/libsystem_c.dylib
0x00000001aa5e5000 	/usr/lib/system/libsystem_collections.dylib
0x00000001a89c0000 	/usr/lib/system/libsystem_configuration.dylib
0x00000001a775b000 	/usr/lib/system/libsystem_containermanager.dylib
0x00000001aa0dc000 	/usr/lib/system/libsystem_coreservices.dylib
0x000000019fec6000 	/usr/lib/system/libsystem_darwin.dylib
0x000000028547d000 	/usr/lib/system/libsystem_darwindirectory.dylib
0x00000001aa5f2000 	/usr/lib/system/libsystem_dnssd.dylib
0x0000000285481000 	/usr/lib/system/libsystem_eligibility.dylib
0x000000019c24c000 	/usr/lib/system/libsystem_featureflags.dylib
0x000000019c3fd000 	/usr/lib/system/libsystem_info.dylib
0x00000001aa55a000 	/usr/lib/system/libsystem_m.dylib
0x000000019c1be000 	/usr/lib/system/libsystem_malloc.dylib
0x00000001a232d000 	/usr/lib/system/libsystem_networkextension.dylib
0x00000001a0328000 	/usr/lib/system/libsystem_notify.dylib
0x00000001a89c5000 	/usr/lib/system/libsystem_sandbox.dylib
0x0000000285489000 	/usr/lib/system/libsystem_sanitizers.dylib
0x00000001aa5ea000 	/usr/lib/system/libsystem_secinit.dylib
0x000000019c37c000 	/usr/lib/system/libsystem_kernel.dylib
0x000000019c3f5000 	/usr/lib/system/libsystem_platform.dylib
0x000000019c3b8000 	/usr/lib/system/libsystem_pthread.dylib
0x00000001a3f1e000 	/usr/lib/system/libsystem_symptoms.dylib
0x000000019c103000 	/usr/lib/system/libsystem_trace.dylib
0x00000001aa5c4000 	/usr/lib/system/libunwind.dylib
0x000000019c0b8000 	/usr/lib/system/libxpc.dylib
0x000000019c35e000 	/usr/lib/libc++abi.dylib
0x0000000284055000 	/usr/lib/libRosetta.dylib
0x00000001a01c4000 	/System/Library/PrivateFrameworks/CoreServicesInternal.framework/Versions/A/CoreServicesInternal
0x00000001aa5ce000 	/usr/lib/liboah.dylib
0x00000001aa603000 	/usr/lib/libfakelink.dylib
0x00000001b5c99000 	/System/Library/PrivateFrameworks/DiskImages.framework/Versions/A/DiskImages
0x00000001c2723000 	/System/Library/Frameworks/NetFS.framework/Versions/A/NetFS
0x00000001a1f62000 	/System/Library/Frameworks/CFNetwork.framework/Versions/A/CFNetwork
0x00000001a5be0000 	/System/Library/Frameworks/CoreServices.framework/Versions/A/Frameworks/FSEvents.framework/Versions/A/FSEvents
0x000000019fed1000 	/System/Library/Frameworks/CoreServices.framework/Versions/A/Frameworks/CarbonCore.framework/Versions/A/CarbonCore
0x00000001a5055000 	/System/Library/Frameworks/CoreServices.framework/Versions/A/Frameworks/Metadata.framework/Versions/A/Metadata
0x00000001aa0e3000 	/System/Library/Frameworks/CoreServices.framework/Versions/A/Frameworks/OSServices.framework/Versions/A/OSServices
0x00000001aa750000 	/System/Library/Frameworks/CoreServices.framework/Versions/A/Frameworks/SearchKit.framework/Versions/A/SearchKit
0x00000001a3e99000 	/System/Library/Frameworks/CoreServices.framework/Versions/A/Frameworks/AE.framework/Versions/A/AE
0x000000019c96c000 	/System/Library/Frameworks/CoreServices.framework/Versions/A/Frameworks/LaunchServices.framework/Versions/A/LaunchServices
0x00000001abb66000 	/System/Library/Frameworks/CoreServices.framework/Versions/A/Frameworks/DictionaryServices.framework/Versions/A/DictionaryServices
0x00000001a5bee000 	/System/Library/Frameworks/CoreServices.framework/Versions/A/Frameworks/SharedFileList.framework/Versions/A/SharedFileList
0x00000001aa7e5000 	/usr/lib/libapple_nghttp2.dylib
0x00000001a3afa000 	/usr/lib/libsqlite3.dylib
0x00000001ae821000 	/System/Library/Frameworks/GSS.framework/Versions/A/GSS
0x00000001a3e30000 	/System/Library/PrivateFrameworks/RunningBoardServices.framework/Versions/A/RunningBoardServices
0x00000001a3f27000 	/System/Library/Frameworks/Network.framework/Versions/A/Network
0x00000001aa59d000 	/usr/lib/system/libkxld.dylib
0x00000002464f1000 	/System/Library/PrivateFrameworks/AppleKeyStore.framework/Versions/A/AppleKeyStore
0x0000000283ead000 	/usr/lib/libCoreEntitlements.dylib
0x000000026192d000 	/System/Library/PrivateFrameworks/MessageSecurity.framework/Versions/A/MessageSecurity
0x00000001a3adf000 	/System/Library/PrivateFrameworks/ProtocolBuffer.framework/Versions/A/ProtocolBuffer
0x00000001aa0c3000 	/System/Library/PrivateFrameworks/AppleFSCompression.framework/Versions/A/AppleFSCompression
0x00000001a99db000 	/usr/lib/libcoretls.dylib
0x00000001abbdc000 	/usr/lib/libcoretls_cfhelpers.dylib
0x00000001aa828000 	/usr/lib/libpam.2.dylib
0x00000001abc50000 	/usr/lib/libxar.1.dylib
0x00000001aa658000 	/usr/lib/libarchive.2.dylib
0x00000001aff23000 	/System/Library/Frameworks/Combine.framework/Versions/A/Combine
0x000000024a95b000 	/System/Library/PrivateFrameworks/CollectionsInternal.framework/Versions/A/CollectionsInternal
0x000000026a954000 	/System/Library/PrivateFrameworks/ReflectionInternal.framework/Versions/A/ReflectionInternal
0x000000026b626000 	/System/Library/PrivateFrameworks/RuntimeInternal.framework/Versions/A/RuntimeInternal
0x00000002850d9000 	/usr/lib/swift/libswiftSystem.dylib
0x00000001a89ce000 	/System/Library/PrivateFrameworks/AppleSystemInfo.framework/Versions/A/AppleSystemInfo
0x00000001c56d1000 	/System/Library/PrivateFrameworks/LoggingSupport.framework/Versions/A/LoggingSupport
0x00000001b2fe0000 	/System/Library/PrivateFrameworks/PowerLog.framework/Versions/A/PowerLog
0x00000002031e2000 	/System/Library/Frameworks/SwiftData.framework/Versions/A/SwiftData
0x00000001a5df1000 	/System/Library/PrivateFrameworks/UserManagement.framework/Versions/A/UserManagement
0x00000001a1e90000 	/usr/lib/libboringssl.dylib
0x00000001a3f0d000 	/usr/lib/libdns_services.dylib
0x00000001c4885000 	/usr/lib/libquic.dylib
0x00000001adacd000 	/usr/lib/libusrtcp.dylib
0x00000001e91d7000 	/System/Library/PrivateFrameworks/InternalSwiftProtobuf.framework/Versions/A/InternalSwiftProtobuf
0x0000000285036000 	/usr/lib/swift/libswiftDistributed.dylib
0x00000002850cf000 	/usr/lib/swift/libswiftSynchronization.dylib
0x00000001a1f61000 	/usr/lib/libnetwork.dylib
0x00000001d63fd000 	/System/Library/PrivateFrameworks/OSAnalytics.framework/Versions/A/OSAnalytics
0x00000001aa7c0000 	/System/Library/PrivateFrameworks/AppleSauce.framework/Versions/A/AppleSauce
0x00000001b42b5000 	/System/Library/PrivateFrameworks/CoreSymbolication.framework/Versions/A/CoreSymbolication
0x00000001e4ea3000 	/System/Library/PrivateFrameworks/Symbolication.framework/Versions/A/Symbolication
0x00000001b4291000 	/System/Library/PrivateFrameworks/DebugSymbols.framework/Versions/A/DebugSymbols
0x0000000283d78000 	/usr/lib/libAppleArchive.dylib
0x00000001aa0cf000 	/usr/lib/libbz2.1.0.dylib
0x00000001abbbd000 	/usr/lib/liblzma.5.dylib
0x00000001a96cb000 	/System/Library/PrivateFrameworks/IOMobileFramebuffer.framework/Versions/A/IOMobileFramebuffer
0x00000001c575a000 	/System/Library/PrivateFrameworks/MallocStackLogging.framework/Versions/A/MallocStackLogging
0x00000001abdab000 	/System/Library/PrivateFrameworks/CrashReporterSupport.framework/Versions/A/CrashReporterSupport
0x000000019d478000 	/System/Library/PrivateFrameworks/Lexicon.framework/Versions/A/Lexicon
0x0000000259c7d000 	/System/Library/PrivateFrameworks/IO80211.framework/Versions/A/IO80211
0x00000001b3db7000 	/System/Library/PrivateFrameworks/FrontBoardServices.framework/Versions/A/FrontBoardServices
0x00000001a9903000 	/System/Library/Frameworks/SecurityFoundation.framework/Versions/A/SecurityFoundation
0x00000001a9a65000 	/usr/lib/libgermantok.dylib
0x00000001a8af2000 	/System/Library/PrivateFrameworks/LinguisticData.framework/Versions/A/LinguisticData
0x00000001a3d4b000 	/System/Library/PrivateFrameworks/BaseBoard.framework/Versions/A/BaseBoard
0x00000001b3e84000 	/System/Library/PrivateFrameworks/BoardServices.framework/Versions/A/BoardServices
0x00000001a98f4000 	/System/Library/PrivateFrameworks/AssertionServices.framework/Versions/A/AssertionServices
0x00000001b5ad4000 	/System/Library/PrivateFrameworks/BackBoardServices.framework/Versions/A/BackBoardServices
0x00000001a7ba6000 	/System/Library/PrivateFrameworks/FontServices.framework/libFontParser.dylib
0x00000001a23dc000 	/System/Library/PrivateFrameworks/TCC.framework/Versions/A/TCC
0x00000001b966f000 	/System/Library/PrivateFrameworks/IOSurfaceAccelerator.framework/Versions/A/IOSurfaceAccelerator
0x00000001ac696000 	/System/Library/PrivateFrameworks/WatchdogClient.framework/Versions/A/WatchdogClient
0x000000019e9c2000 	/System/Library/Frameworks/CoreDisplay.framework/Versions/A/CoreDisplay
0x00000001a7a4a000 	/System/Library/Frameworks/CoreMedia.framework/Versions/A/CoreMedia
0x00000001a77a5000 	/System/Library/PrivateFrameworks/IOAccelerator.framework/Versions/A/IOAccelerator
0x00000001a5d50000 	/System/Library/Frameworks/CoreVideo.framework/Versions/A/CoreVideo
0x00000001aa826000 	/System/Library/Frameworks/MetalPerformanceShaders.framework/Versions/A/MetalPerformanceShaders
0x0000000269ca5000 	/System/Library/PrivateFrameworks/ProDisplayLibrary.framework/Versions/A/ProDisplayLibrary
0x00000001ac6de000 	/System/Library/Frameworks/VideoToolbox.framework/Versions/A/VideoToolbox
0x00000001a89cc000 	/System/Library/PrivateFrameworks/AggregateDictionary.framework/Versions/A/AggregateDictionary
0x00000001abbde000 	/System/Library/PrivateFrameworks/APFS.framework/Versions/A/APFS
0x00000001abc5f000 	/usr/lib/libutil.dylib
0x0000000274b64000 	/System/Library/PrivateFrameworks/SwiftASN1Internal.framework/Versions/A/SwiftASN1Internal
0x00000001a50e9000 	/System/Library/Frameworks/Accelerate.framework/Versions/A/Frameworks/vImage.framework/Versions/A/vImage
0x00000001b2002000 	/System/Library/Frameworks/Accelerate.framework/Versions/A/Frameworks/vecLib.framework/Versions/A/vecLib
0x00000001abc97000 	/System/Library/Frameworks/Accelerate.framework/Versions/A/Frameworks/vecLib.framework/Versions/A/libvMisc.dylib
0x000000019cde4000 	/System/Library/Frameworks/Accelerate.framework/Versions/A/Frameworks/vecLib.framework/Versions/A/libBLAS.dylib
0x00000001ae3f8000 	/System/Library/Frameworks/ApplicationServices.framework/Versions/A/Frameworks/ATS.framework/Versions/A/ATS
0x00000001a320b000 	/System/Library/Frameworks/ApplicationServices.framework/Versions/A/Frameworks/HIServices.framework/Versions/A/HIServices
0x00000001accb4000 	/System/Library/Frameworks/ApplicationServices.framework/Versions/A/Frameworks/PrintCore.framework/Versions/A/PrintCore
0x00000001ae7eb000 	/System/Library/Frameworks/ApplicationServices.framework/Versions/A/Frameworks/QD.framework/Versions/A/QD
0x00000001ae7e2000 	/System/Library/Frameworks/ApplicationServices.framework/Versions/A/Frameworks/ColorSyncLegacy.framework/Versions/A/ColorSyncLegacy
0x00000001ae3ca000 	/System/Library/Frameworks/ApplicationServices.framework/Versions/A/Frameworks/SpeechSynthesis.framework/Versions/A/SpeechSynthesis
0x00000001a9698000 	/System/Library/PrivateFrameworks/CoreEmoji.framework/Versions/A/CoreEmoji
0x0000000250d56000 	/System/Library/PrivateFrameworks/FontServices.framework/Versions/A/FontServices
0x00000001ac1e4000 	/System/Library/PrivateFrameworks/OTSVG.framework/Versions/A/OTSVG
0x00000001a58cd000 	/System/Library/Frameworks/ApplicationServices.framework/Versions/A/Frameworks/ATS.framework/Versions/A/Resources/libFontRegistry.dylib
0x0000000284439000 	/usr/lib/libhvf.dylib
0x0000000265bb3000 	/System/Library/PrivateFrameworks/ParsingInternal.framework/Versions/A/ParsingInternal
0x000000028507f000 	/usr/lib/swift/libswiftRegexBuilder.dylib
0x0000000285207000 	/usr/lib/swift/libswift_RegexParser.dylib
0x00000001ac55f000 	/System/Library/PrivateFrameworks/AppleJPEG.framework/Versions/A/AppleJPEG
0x00000001ac000000 	/usr/lib/libexpat.1.dylib
0x00000001acb8a000 	/System/Library/Frameworks/ImageIO.framework/Versions/A/Resources/libPng.dylib
0x00000001acbb5000 	/System/Library/Frameworks/ImageIO.framework/Versions/A/Resources/libTIFF.dylib
0x00000001acc9f000 	/System/Library/Frameworks/ImageIO.framework/Versions/A/Resources/libGIF.dylib
0x00000001ac5a5000 	/System/Library/Frameworks/ImageIO.framework/Versions/A/Resources/libJP2.dylib
0x00000001acc46000 	/System/Library/Frameworks/ImageIO.framework/Versions/A/Resources/libJPEG.dylib
0x00000001acc3d000 	/System/Library/Frameworks/ImageIO.framework/Versions/A/Resources/libRadiance.dylib
0x0000000255a24000 	/System/Library/PrivateFrameworks/GPUCompiler.framework/Versions/32023/Libraries/libllvm-flatbuffers.dylib
0x0000000250e21000 	/System/Library/PrivateFrameworks/FramePacing.framework/Versions/A/FramePacing
0x00000001fccdf000 	/System/Library/Frameworks/OpenGL.framework/Versions/A/Libraries/libCoreFSCache.dylib
0x0000000251996000 	/System/Library/PrivateFrameworks/GPUCompiler.framework/Versions/32023/Libraries/libGPUCompilerUtils.dylib
0x0000000250d57000 	/System/Library/PrivateFrameworks/FontServices.framework/libXTFontStaticRegistryData.dylib
0x00000001b78d5000 	/System/Library/PrivateFrameworks/ASEProcessing.framework/Versions/A/ASEProcessing
0x0000000268e14000 	/System/Library/PrivateFrameworks/PhotosensitivityProcessing.framework/Versions/A/PhotosensitivityProcessing
0x00000001ac1d8000 	/System/Library/PrivateFrameworks/GraphVisualizer.framework/Versions/A/GraphVisualizer
0x00000001fcd3d000 	/System/Library/Frameworks/OpenGL.framework/Versions/A/Libraries/libGLU.dylib
0x00000001fcd01000 	/System/Library/Frameworks/OpenGL.framework/Versions/A/Libraries/libGFXShared.dylib
0x00000001fcec9000 	/System/Library/Frameworks/OpenGL.framework/Versions/A/Libraries/libGL.dylib
0x00000001fcd0a000 	/System/Library/Frameworks/OpenGL.framework/Versions/A/Libraries/libGLImage.dylib
0x00000001fccfe000 	/System/Library/Frameworks/OpenGL.framework/Versions/A/Libraries/libCVMSPluginSupport.dylib
0x00000001fcce7000 	/System/Library/Frameworks/OpenGL.framework/Versions/A/Libraries/libCoreVMClient.dylib
0x00000001a8910000 	/System/Library/Frameworks/MetalPerformanceShaders.framework/Versions/A/Frameworks/MPSCore.framework/Versions/A/MPSCore
0x00000001aa02e000 	/System/Library/Frameworks/MetalPerformanceShaders.framework/Versions/A/Frameworks/MPSImage.framework/Versions/A/MPSImage
0x00000001a9a7d000 	/System/Library/Frameworks/MetalPerformanceShaders.framework/Versions/A/Frameworks/MPSNeuralNetwork.framework/Versions/A/MPSNeuralNetwork
0x00000001a9eb4000 	/System/Library/Frameworks/MetalPerformanceShaders.framework/Versions/A/Frameworks/MPSMatrix.framework/Versions/A/MPSMatrix
0x00000001a9cc9000 	/System/Library/Frameworks/MetalPerformanceShaders.framework/Versions/A/Frameworks/MPSRayIntersector.framework/Versions/A/MPSRayIntersector
0x00000001a9ee6000 	/System/Library/Frameworks/MetalPerformanceShaders.framework/Versions/A/Frameworks/MPSNDArray.framework/Versions/A/MPSNDArray
0x00000002005d4000 	/System/Library/Frameworks/MetalPerformanceShaders.framework/Versions/A/Frameworks/MPSFunctions.framework/Versions/A/MPSFunctions
0x00000002005b6000 	/System/Library/Frameworks/MetalPerformanceShaders.framework/Versions/A/Frameworks/MPSBenchmarkLoop.framework/Versions/A/MPSBenchmarkLoop
0x000000019cc5f000 	/System/Library/PrivateFrameworks/MetalTools.framework/Versions/A/MetalTools
0x00000001ca43a000 	/System/Library/PrivateFrameworks/IOAccelMemoryInfo.framework/Versions/A/IOAccelMemoryInfo
0x00000001d7bb3000 	/System/Library/PrivateFrameworks/kperf.framework/Versions/A/kperf
0x00000001c57c1000 	/System/Library/PrivateFrameworks/GPURawCounter.framework/Versions/A/GPURawCounter
0x00000001acc71000 	/System/Library/Frameworks/ApplicationServices.framework/Versions/A/Frameworks/ATSUI.framework/Versions/A/ATSUI
0x00000001ae776000 	/usr/lib/libcups.2.dylib
0x00000001ae810000 	/System/Library/Frameworks/Kerberos.framework/Versions/A/Kerberos
0x00000001ae476000 	/usr/lib/libresolv.9.dylib
0x00000001aa63d000 	/usr/lib/libiconv.2.dylib
0x00000001ac236000 	/System/Library/PrivateFrameworks/Heimdal.framework/Versions/A/Heimdal
0x00000001b66e3000 	/System/Library/Frameworks/Kerberos.framework/Versions/A/Libraries/libHeimdalProxy.dylib
0x00000001ac01b000 	/usr/lib/libheimdal-asn1.dylib
0x00000001a5bb3000 	/System/Library/Frameworks/OpenDirectory.framework/Versions/A/OpenDirectory
0x00000001ae873000 	/System/Library/PrivateFrameworks/CommonAuth.framework/Versions/A/CommonAuth
0x00000001a5bc1000 	/System/Library/Frameworks/OpenDirectory.framework/Versions/A/Frameworks/CFOpenDirectory.framework/Versions/A/CFOpenDirectory
0x00000001aa598000 	/usr/lib/libcharset.1.dylib
0x00000001fd265000 	/System/Library/Frameworks/AVFAudio.framework/Versions/A/AVFAudio
0x00000001beea9000 	/System/Library/PrivateFrameworks/AXCoreUtilities.framework/Versions/A/AXCoreUtilities
0x000000025d5ac000 	/System/Library/PrivateFrameworks/IsolatedCoreAudioClient.framework/Versions/A/IsolatedCoreAudioClient
0x00000001ae3b1000 	/usr/lib/libAudioStatistics.dylib
0x00000001a7a22000 	/System/Library/PrivateFrameworks/caulk.framework/Versions/A/caulk
0x000000019eae3000 	/System/Library/PrivateFrameworks/AudioToolboxCore.framework/Versions/A/AudioToolboxCore
0x00000001b89fb000 	/System/Library/Frameworks/CoreMIDI.framework/Versions/A/CoreMIDI
0x00000001ae354000 	/System/Library/PrivateFrameworks/AudioSession.framework/Versions/A/AudioSession
0x00000001afc8b000 	/System/Library/Frameworks/IOBluetooth.framework/Versions/A/IOBluetooth
0x00000001ac105000 	/System/Library/PrivateFrameworks/MediaExperience.framework/Versions/A/MediaExperience
0x000000027761f000 	/System/Library/PrivateFrameworks/Tightbeam.framework/Versions/A/Tightbeam
0x000000024b418000 	/System/Library/PrivateFrameworks/CoreAudioOrchestration.framework/Versions/A/CoreAudioOrchestration
0x00000001dc4d3000 	/System/Library/PrivateFrameworks/AFKUser.framework/Versions/A/AFKUser
0x00000001c57c5000 	/usr/lib/swift/libswiftCoreAudio.dylib
0x00000001ac225000 	/System/Library/PrivateFrameworks/AppServerSupport.framework/Versions/A/AppServerSupport
0x00000001ae7f4000 	/System/Library/PrivateFrameworks/perfdata.framework/Versions/A/perfdata
0x00000001c497e000 	/System/Library/PrivateFrameworks/SystemPolicy.framework/Versions/A/SystemPolicy
0x00000001ae695000 	/usr/lib/libSMC.dylib
0x00000001acb54000 	/usr/lib/libAudioToolboxUtility.dylib
0x00000001ae802000 	/usr/lib/libperfcheck.dylib
0x00000002472ae000 	/System/Library/PrivateFrameworks/AudioAnalytics.framework/Versions/A/AudioAnalytics
0x00000001e8f9e000 	/System/Library/Frameworks/OSLog.framework/Versions/A/OSLog
0x00000001c578c000 	/usr/lib/libmis.dylib
0x00000001ae162000 	/System/Library/PrivateFrameworks/AudioSession.framework/libSessionUtility.dylib
0x00000001acca5000 	/System/Library/PrivateFrameworks/CMCaptureCore.framework/Versions/A/CMCaptureCore
0x00000001fe906000 	/System/Library/Frameworks/ExtensionFoundation.framework/Versions/A/ExtensionFoundation
0x00000001b43c2000 	/System/Library/PrivateFrameworks/CoreTime.framework/Versions/A/CoreTime
0x00000001abeff000 	/System/Library/PrivateFrameworks/PlugInKit.framework/Versions/A/PlugInKit
0x00000001b2ee9000 	/System/Library/Frameworks/CoreBluetooth.framework/Versions/A/CoreBluetooth
0x00000001b66e4000 	/System/Library/Frameworks/AudioUnit.framework/Versions/A/AudioUnit
0x00000001a975c000 	/System/Library/PrivateFrameworks/CoreUtils.framework/Versions/A/CoreUtils
0x000000024e3bc000 	/System/Library/PrivateFrameworks/CoreUtilsExtras.framework/Versions/A/CoreUtilsExtras
0x00000001b2323000 	/System/Library/Frameworks/MediaAccessibility.framework/Versions/A/MediaAccessibility
0x00000001cddd6000 	/System/Library/PrivateFrameworks/AttributeGraph.framework/Versions/A/AttributeGraph
0x0000000283cf6000 	/usr/lib/libAXSafeCategoryBundle.dylib
0x00000001bef65000 	/usr/lib/libAccessibility.dylib
0x00000001a95a6000 	/System/Library/Frameworks/Accelerate.framework/Versions/A/Frameworks/vecLib.framework/Versions/A/libvDSP.dylib
0x00000001aa904000 	/System/Library/Frameworks/Accelerate.framework/Versions/A/Frameworks/vecLib.framework/Versions/A/libLAPACK.dylib
0x00000001a9a68000 	/System/Library/Frameworks/Accelerate.framework/Versions/A/Frameworks/vecLib.framework/Versions/A/libLinearAlgebra.dylib
0x00000001aa7ff000 	/System/Library/Frameworks/Accelerate.framework/Versions/A/Frameworks/vecLib.framework/Versions/A/libSparseBLAS.dylib
0x00000001aa8ff000 	/System/Library/Frameworks/Accelerate.framework/Versions/A/Frameworks/vecLib.framework/Versions/A/libQuadrature.dylib
0x00000001a8af9000 	/System/Library/Frameworks/Accelerate.framework/Versions/A/Frameworks/vecLib.framework/Versions/A/libBNNS.dylib
0x000000019d585000 	/System/Library/Frameworks/Accelerate.framework/Versions/A/Frameworks/vecLib.framework/Versions/A/libSparse.dylib
0x000000025ed1d000 	/System/Library/PrivateFrameworks/MIL.framework/Versions/A/MIL
0x00000001acc38000 	/System/Library/PrivateFrameworks/GPUWrangler.framework/Versions/A/GPUWrangler
0x00000001acc18000 	/System/Library/PrivateFrameworks/IOPresentment.framework/Versions/A/IOPresentment
0x00000001acc40000 	/System/Library/PrivateFrameworks/DSExternalDisplay.framework/Versions/A/DSExternalDisplay
0x00000001e93a5000 	/System/Library/PrivateFrameworks/HIDDisplay.framework/Versions/A/HIDDisplay
0x00000001be184000 	/System/Library/PrivateFrameworks/HID.framework/Versions/A/HID
0x000000027ae5b000 	/System/Library/PrivateFrameworks/VideoToolboxParavirtualizationSupport.framework/Versions/A/VideoToolboxParavirtualizationSupport
0x00000001abfb7000 	/System/Library/PrivateFrameworks/AppleVA.framework/Versions/A/AppleVA
0x00000001b3f31000 	/System/Library/PrivateFrameworks/GraphicsServices.framework/Versions/A/GraphicsServices
0x00000001ae9e6000 	/System/Library/PrivateFrameworks/CorePhoneNumbers.framework/Versions/A/CorePhoneNumbers
0x00000001b30d1000 	/System/Library/PrivateFrameworks/MediaKit.framework/Versions/A/MediaKit
0x00000001b301c000 	/System/Library/Frameworks/DiscRecording.framework/Versions/A/DiscRecording
0x00000001ae7d5000 	/System/Library/PrivateFrameworks/NetAuth.framework/Versions/A/NetAuth
0x00000001a5db1000 	/System/Library/PrivateFrameworks/login.framework/Versions/A/Frameworks/loginsupport.framework/Versions/A/loginsupport
0x00000001ac025000 	/System/Library/PrivateFrameworks/IconFoundation.framework/Versions/A/IconFoundation
0x00000001abda2000 	/usr/lib/libIOReport.dylib
0x0000000246ebe000 	/System/Library/PrivateFrameworks/AppleMobileFileIntegrity.framework/Versions/A/AppleMobileFileIntegrity
0x00000002840b8000 	/usr/lib/libTLE.dylib
0x00000001f9d3b000 	/System/Library/PrivateFrameworks/ConfigProfileHelper.framework/Versions/A/ConfigProfileHelper
0x00000001a9a05000 	/usr/lib/libmecab.dylib
0x000000019d715000 	/usr/lib/libCRFSuite.dylib
0x00000001a89d5000 	/System/Library/PrivateFrameworks/CoreNLP.framework/Versions/A/CoreNLP
0x00000001aa7b8000 	/usr/lib/libThaiTokenizer.dylib
0x00000001a99cf000 	/usr/lib/libCheckFix.dylib
0x00000001a4ff4000 	/System/Library/PrivateFrameworks/MetadataUtilities.framework/Versions/A/MetadataUtilities
0x000000025a55f000 	/System/Library/PrivateFrameworks/InstalledContentLibrary.framework/Versions/A/InstalledContentLibrary
0x00000001a0204000 	/System/Library/PrivateFrameworks/CoreServicesStore.framework/Versions/A/CoreServicesStore
0x00000001d7cbd000 	/System/Library/PrivateFrameworks/MobileSystemServices.framework/Versions/A/MobileSystemServices
0x00000001abc63000 	/usr/lib/libxslt.1.dylib
0x00000001a9992000 	/System/Library/PrivateFrameworks/BackgroundTaskManagement.framework/Versions/A/BackgroundTaskManagement
0x00000001b5e57000 	/usr/lib/libcurl.4.dylib
0x00000002842ec000 	/usr/lib/libcrypto.46.dylib
0x0000000284e14000 	/usr/lib/libssl.48.dylib
0x00000001b5b30000 	/System/Library/Frameworks/LDAP.framework/Versions/A/LDAP
0x00000001b5b6c000 	/System/Library/PrivateFrameworks/TrustEvaluationAgent.framework/Versions/A/TrustEvaluationAgent
0x00000001ae493000 	/usr/lib/libsasl2.2.dylib
0x00000001c2bf9000 	/usr/lib/swift/libswiftCoreGraphics.dylib
0x00000001b2951000 	/usr/lib/swift/libswiftFoundation.dylib
0x00000001f97c5000 	/usr/lib/swift/libswiftSwiftOnoneSupport.dylib
0x00000001e5657000 	/System/Library/PrivateFrameworks/CoreMaterial.framework/Versions/A/CoreMaterial
0x000000026b71d000 	/System/Library/PrivateFrameworks/SFSymbols.framework/Versions/A/SFSymbols
0x00000001b1c1d000 	/System/Library/PrivateFrameworks/SpeechRecognitionCore.framework/Versions/A/SpeechRecognitionCore
0x0000000101770000 	/Users/a/Library/Java/JavaVirtualMachines/ms-17.0.17/Contents/Home/lib/server/libjvm.dylib
0x00000001005a4000 	/Users/a/Library/Java/JavaVirtualMachines/ms-17.0.17/Contents/Home/lib/libjimage.dylib
0x00000001005dc000 	/Users/a/Library/Java/JavaVirtualMachines/ms-17.0.17/Contents/Home/lib/libinstrument.dylib
0x0000000100634000 	/Users/a/Library/Java/JavaVirtualMachines/ms-17.0.17/Contents/Home/lib/libjava.dylib
0x00000001006ac000 	/Users/a/Library/Java/JavaVirtualMachines/ms-17.0.17/Contents/Home/lib/libzip.dylib
0x0000000101418000 	/Users/a/Library/Java/JavaVirtualMachines/ms-17.0.17/Contents/Home/lib/libnio.dylib
0x000000010143c000 	/Users/a/Library/Java/JavaVirtualMachines/ms-17.0.17/Contents/Home/lib/libnet.dylib
0x0000000100614000 	/Users/a/Library/Java/JavaVirtualMachines/ms-17.0.17/Contents/Home/lib/libextnet.dylib
0x00000001006d8000 	/Users/a/Library/Java/JavaVirtualMachines/ms-17.0.17/Contents/Home/lib/libmanagement.dylib
0x0000000101464000 	/Users/a/Library/Java/JavaVirtualMachines/ms-17.0.17/Contents/Home/lib/libmanagement_ext.dylib
0x000000010149c000 	/Users/a/Library/Java/JavaVirtualMachines/ms-17.0.17/Contents/Home/lib/libverify.dylib


VM Arguments:
jvm_args: -XX:TieredStopAtLevel=1 -Dspring.output.ansi.enabled=always -javaagent:/Applications/IntelliJ IDEA.app/Contents/lib/idea_rt.jar=64623 -Dfile.encoding=UTF-8 
java_command: com.example.eurekaserver.EurekaServerApplication
java_class_path (initial): /Users/a/Downloads/musicband-service/eureka-server/target/classes:/Users/a/.m2/repository/org/springframework/boot/spring-boot-starter-actuator/4.0.1/spring-boot-starter-actuator-4.0.1.jar:/Users/a/.m2/repository/org/springframework/boot/spring-boot-starter/4.0.1/spring-boot-starter-4.0.1.jar:/Users/a/.m2/repository/org/springframework/boot/spring-boot-starter-logging/4.0.1/spring-boot-starter-logging-4.0.1.jar:/Users/a/.m2/repository/ch/qos/logback/logback-classic/1.5.22/logback-classic-1.5.22.jar:/Users/a/.m2/repository/ch/qos/logback/logback-core/1.5.22/logback-core-1.5.22.jar:/Users/a/.m2/repository/org/apache/logging/log4j/log4j-to-slf4j/2.25.3/log4j-to-slf4j-2.25.3.jar:/Users/a/.m2/repository/org/apache/logging/log4j/log4j-api/2.25.3/log4j-api-2.25.3.jar:/Users/a/.m2/repository/org/slf4j/jul-to-slf4j/2.0.17/jul-to-slf4j-2.0.17.jar:/Users/a/.m2/repository/org/springframework/boot/spring-boot-autoconfigure/4.0.1/spring-boot-autoconfigure-4.0.1.jar:/Users/a/.m2/repository/jakarta/annotation/jakarta.annotation-api/3.0.0/jakarta.annotation-api-3.0.0.jar:/Users/a/.m2/repository/org/yaml/snakeyaml/2.5/snakeyaml-2.5.jar:/Users/a/.m2/repository/org/springframework/boot/spring-boot-starter-micrometer-metrics/4.0.1/spring-boot-starter-micrometer-metrics-4.0.1.jar:/Users/a/.m2/repository/org/springframework/boot/spring-boot-micrometer-metrics/4.0.1/spring-boot-micrometer-metrics-4.0.1.jar:/Users/a/.m2/repository/org/springframework/boot/spring-boot-micrometer-observation/4.0.1/spring-boot-micrometer-observation-4.0.1.jar:/Users/a/.m2/repository/org/springframework/boot/spring-boot-actuator-autoconfigure/4.0.1/spring-boot-actuator-autoconfigure-4.0.1.jar:/Users/a/.m2/repository/org/springframework/boot/spring-boot-actuator/4.0.1/spring-boot-actuator-4.0.1.jar:/Users/a/.m2/repository/org/springframework/boot/spring-boot-health/4.0.1/spring-boot-health-4.0.1.jar:/Users/a/.m2/repository/org/springframework/boot/spring-boot/4.0.1/spring-boot-4.0.1.
Launcher Type: SUN_STANDARD

[Global flags]
     intx CICompilerCount                          = 4                                         {product} {ergonomic}
     uint ConcGCThreads                            = 2                                         {product} {ergonomic}
     uint G1ConcRefinementThreads                  = 8                                         {product} {ergonomic}
   size_t G1HeapRegionSize                         = 1048576                                   {product} {ergonomic}
    uintx GCDrainStackTargetSize                   = 64                                        {product} {ergonomic}
   size_t InitialHeapSize                          = 134217728                                 {product} {ergonomic}
   size_t MarkStackSize                            = 4194304                                   {product} {ergonomic}
   size_t MaxHeapSize                              = 2147483648                                {product} {ergonomic}
   size_t MaxNewSize                               = 1287651328                                {product} {ergonomic}
   size_t MinHeapDeltaBytes                        = 1048576                                   {product} {ergonomic}
   size_t MinHeapSize                              = 8388608                                   {product} {ergonomic}
    uintx NonProfiledCodeHeapSize                  = 0                                      {pd product} {ergonomic}
     bool ProfileInterpreter                       = false                                  {pd product} {command line}
    uintx ProfiledCodeHeapSize                     = 0                                      {pd product} {ergonomic}
   size_t SoftMaxHeapSize                          = 2147483648                             {manageable} {ergonomic}
     intx TieredStopAtLevel                        = 1                                         {product} {command line}
     bool UseCompressedClassPointers               = true                           {product lp64_product} {ergonomic}
     bool UseCompressedOops                        = true                           {product lp64_product} {ergonomic}
     bool UseG1GC                                  = true                                      {product} {ergonomic}
     bool UseNUMA                                  = false                                     {product} {ergonomic}
     bool UseNUMAInterleaving                      = false                                     {product} {ergonomic}

Logging:
Log output configuration:
 #0: stdout all=warning uptime,level,tags
 #1: stderr all=off uptime,level,tags

Environment Variables:
PATH=/opt/homebrew/bin:/opt/homebrew/sbin:/usr/local/bin:/System/Cryptexes/App/usr/bin:/usr/bin:/bin:/usr/sbin:/sbin:/var/run/com.apple.security.cryptexd/codex.system/bootstrap/usr/local/bin:/var/run/com.apple.security.cryptexd/codex.system/bootstrap/usr/bin:/var/run/com.apple.security.cryptexd/codex.system/bootstrap/usr/appleinternal/bin
SHELL=/bin/zsh
LC_CTYPE=ru_RU.UTF-8
TMPDIR=/var/folders/61/x6cf550d4199vygmt8zws6pm0000gn/T/

Active Locale:
LC_ALL=C/ru_RU.UTF-8/C/C/C/C
LC_COLLATE=C
LC_CTYPE=ru_RU.UTF-8
LC_MESSAGES=C
LC_MONETARY=C
LC_NUMERIC=C
LC_TIME=C

Signal Handlers:
   SIGSEGV: crash_handler in libjvm.dylib, mask=11100110000111110111111111111111, flags=SA_RESTART|SA_SIGINFO, unblocked
    SIGBUS: crash_handler in libjvm.dylib, mask=11100110000111110111111111111111, flags=SA_RESTART|SA_SIGINFO, unblocked
    SIGFPE: crash_handler in libjvm.dylib, mask=11100110000111110111111111111111, flags=SA_RESTART|SA_SIGINFO, unblocked
   SIGPIPE: javaSignalHandler in libjvm.dylib, mask=11100110000111110111111111111111, flags=SA_RESTART|SA_SIGINFO, blocked
   SIGXFSZ: javaSignalHandler in libjvm.dylib, mask=11100110000111110111111111111111, flags=SA_RESTART|SA_SIGINFO, blocked
    SIGILL: crash_handler in libjvm.dylib, mask=11100110000111110111111111111111, flags=SA_RESTART|SA_SIGINFO, unblocked
   SIGUSR2: SR_handler in libjvm.dylib, mask=00000000000000000000000000000000, flags=SA_RESTART|SA_SIGINFO, blocked
    SIGHUP: UserHandler in libjvm.dylib, mask=11100110000111110111111111111111, flags=SA_RESTART|SA_SIGINFO, blocked
    SIGINT: UserHandler in libjvm.dylib, mask=11100110000111110111111111111111, flags=SA_RESTART|SA_SIGINFO, blocked
   SIGTERM: UserHandler in libjvm.dylib, mask=11100110000111110111111111111111, flags=SA_RESTART|SA_SIGINFO, blocked
   SIGQUIT: UserHandler in libjvm.dylib, mask=11100110000111110111111111111111, flags=SA_RESTART|SA_SIGINFO, blocked
   SIGTRAP: crash_handler in libjvm.dylib, mask=11100110000111110111111111111111, flags=SA_RESTART|SA_SIGINFO, unblocked


Periodic native trim disabled


---------------  S Y S T E M  ---------------

OS:
uname: Darwin 24.5.0 Darwin Kernel Version 24.5.0: Tue Apr 22 19:48:46 PDT 2025; root:xnu-11417.121.6~2/RELEASE_ARM64_T8103 arm64
OS uptime: 1 days 0:36 hours
rlimit (soft/hard): STACK 8176k/65520k , CORE 0k/infinity , NPROC 1333/2000 , NOFILE 1048576/infinity , AS infinity/infinity , CPU infinity/infinity , DATA infinity/infinity , FSIZE infinity/infinity , MEMLOCK infinity/infinity , RSS infinity/infinity
load average: 6.92 4.81 4.08

CPU: total 8 (initial active 8) 0x61:0x0:0x1b588bb3:0, fp, simd, crc, lse
machdep.cpu.brand_string:Apple M1
hw.cachelinesize:128
hw.l1icachesize:131072
hw.l1dcachesize:65536
hw.l2cachesize:4194304

Memory: 16k page, physical 8388608k(93712k free), swap 5242880k(1276096k free)

vm_info: OpenJDK 64-Bit Server VM (17.0.17+10-LTS) for bsd-aarch64 JRE (17.0.17+10-LTS), built on Oct 13 2025 22:02:27 by "MicrosoftCorporation" with clang Apple LLVM 15.0.0 (clang-1500.1.0.2.5)

END.
