#
# A fatal error has been detected by the Java Runtime Environment:
#
#  SIGBUS (0xa) at pc=0x000000010a1caf84, pid=15035, tid=43779
#
# JRE version: OpenJDK Runtime Environment Microsoft-12574438 (17.0.17+10) (build 17.0.17+10-LTS)
# Java VM: OpenJDK 64-Bit Server VM Microsoft-12574438 (17.0.17+10-LTS, mixed mode, emulated-client, sharing, tiered, compressed oops, compressed class ptrs, g1 gc, bsd-aarch64)
# Problematic frame:
# J 297 c1 java.util.zip.ZipFile$Source.getEntryPos(Ljava/lang/String;Z)I java.base@17.0.17 (195 bytes) @ 0x000000010a1caf84 [0x000000010a1caec0+0x00000000000000c4]
#
# No core dump will be written. Core dumps have been disabled. To enable core dumping, try "ulimit -c unlimited" before starting Java again
#
# If you would like to submit a bug report, please visit:
#   https://github.com/microsoft/openjdk/issues
#

---------------  S U M M A R Y ------------

Command Line: -XX:TieredStopAtLevel=1 -Dspring.output.ansi.enabled=always -javaagent:/Applications/IntelliJ IDEA.app/Contents/lib/idea_rt.jar=59675 -Dfile.encoding=UTF-8 com.example.configserver.ConfigServerApplication

Host: "MacBookAir10,1" arm64, 8 cores, 8G, Darwin 24.5.0, macOS 15.5 (24F74)
Time: Tue Jan 20 00:08:45 2026 MSK elapsed time: 15294.243935 seconds (0d 4h 14m 54s)

---------------  T H R E A D  ---------------

Current thread (0x000000015aa23800):  JavaThread "http-nio-8888-exec-5" daemon [_thread_in_Java, id=43779, stack(0x0000000174b34000,0x0000000174d37000)]

Stack: [0x0000000174b34000,0x0000000174d37000],  sp=0x0000000174d32110,  free space=2040k
Native frames: (J=compiled Java code, j=interpreted, Vv=VM code, C=native code)
J 297 c1 java.util.zip.ZipFile$Source.getEntryPos(Ljava/lang/String;Z)I java.base@17.0.17 (195 bytes) @ 0x000000010a1caf84 [0x000000010a1caec0+0x00000000000000c4]
J 299 c1 java.util.zip.ZipFile.getEntry(Ljava/lang/String;)Ljava/util/zip/ZipEntry; java.base@17.0.17 (59 bytes) @ 0x000000010a1cc498 [0x000000010a1cc3c0+0x00000000000000d8]
J 412 c1 java.util.jar.JarFile.getEntry(Ljava/lang/String;)Ljava/util/zip/ZipEntry; java.base@17.0.17 (35 bytes) @ 0x000000010a1f775c [0x000000010a1f7640+0x000000000000011c]
J 416 c1 jdk.internal.loader.URLClassPath$JarLoader.getResource(Ljava/lang/String;Z)Ljdk/internal/loader/Resource; java.base@17.0.17 (65 bytes) @ 0x000000010a1f9114 [0x000000010a1f9080+0x0000000000000094]
J 592 c1 jdk.internal.loader.URLClassPath.getResource(Ljava/lang/String;Z)Ljdk/internal/loader/Resource; java.base@17.0.17 (74 bytes) @ 0x000000010a2cbbc4 [0x000000010a2cbb40+0x0000000000000084]
J 928 c1 jdk.internal.loader.BuiltinClassLoader.findClassOnClassPathOrNull(Ljava/lang/String;)Ljava/lang/Class; java.base@17.0.17 (64 bytes) @ 0x000000010a35f194 [0x000000010a35ef40+0x0000000000000254]
J 456 c1 jdk.internal.loader.BuiltinClassLoader.loadClassOrNull(Ljava/lang/String;Z)Ljava/lang/Class; java.base@17.0.17 (143 bytes) @ 0x000000010a20cf40 [0x000000010a20cb80+0x00000000000003c0]
J 746 c1 jdk.internal.loader.ClassLoaders$AppClassLoader.loadClass(Ljava/lang/String;Z)Ljava/lang/Class; java.base@17.0.17 (40 bytes) @ 0x000000010a30da2c [0x000000010a30d900+0x000000000000012c]
J 673 c1 java.lang.ClassLoader.loadClass(Ljava/lang/String;)Ljava/lang/Class; java.base@17.0.17 (7 bytes) @ 0x000000010a2f2328 [0x000000010a2f22c0+0x0000000000000068]
v  ~StubRoutines::call_stub
V  [libjvm.dylib+0x4610f4]  JavaCalls::call_helper(JavaValue*, methodHandle const&, JavaCallArguments*, JavaThread*)+0x3d8
V  [libjvm.dylib+0x460074]  JavaCalls::call_virtual(JavaValue*, Klass*, Symbol*, Symbol*, JavaCallArguments*, JavaThread*)+0x11c
V  [libjvm.dylib+0x4601d0]  JavaCalls::call_virtual(JavaValue*, Handle, Klass*, Symbol*, Symbol*, Handle, JavaThread*)+0x68
V  [libjvm.dylib+0x96c100]  SystemDictionary::load_instance_class_impl(Symbol*, Handle, JavaThread*)+0xf4
V  [libjvm.dylib+0x96ab0c]  SystemDictionary::load_instance_class(unsigned int, Symbol*, Handle, JavaThread*)+0x30
V  [libjvm.dylib+0x96a238]  SystemDictionary::resolve_instance_class_or_null(Symbol*, Handle, Handle, JavaThread*)+0x468
V  [libjvm.dylib+0x9697e8]  SystemDictionary::resolve_or_fail(Symbol*, Handle, Handle, bool, JavaThread*)+0xa0
V  [libjvm.dylib+0x507728]  JVM_FindClassFromCaller+0x270
C  [libjava.dylib+0x2598]  Java_java_lang_Class_forName0+0x134
J 1006  java.lang.Class.forName0(Ljava/lang/String;ZLjava/lang/ClassLoader;Ljava/lang/Class;)Ljava/lang/Class; java.base@17.0.17 (0 bytes) @ 0x000000010a37a4ec [0x000000010a37a440+0x00000000000000ac]
J 369  java.lang.ClassLoader.findLoadedClass0(Ljava/lang/String;)Ljava/lang/Class; java.base@17.0.17 (0 bytes) @ 0x000000010a1e8644 [0x000000010a1e85c0+0x0000000000000084]

[error occurred during error reporting (printing native stack), id 0xb, SIGSEGV (0xb) at pc=0x0000000101e83be4]


siginfo: si_signo: 10 (SIGBUS), si_code: 1 (BUS_ADRALN), si_addr: 0x00000007801676b4

Registers:
 x0=0x0000000016659f5f  x1=0x000000078015e6d8  x2=0x00000000000000f0  x3=0x0000000000000150
 x4=0x0000000000000140  x5=0x00000007801676a8  x6=0x00000000fddc4a5e  x7=0x2f687475612f6b64
 x8=0x0000000000270115  x9=0x0000000174d1e050 x10=0x69746e6564657263 x11=0x437377412f736c61
x12=0x000000a00030dd80 x13=0x00000000000007fd x14=0x00000000bce0e855 x15=0x00000000bcc0e052
x16=0x000000a0001957e0 x17=0x0000000784d484c1 x18=0x0000000000000000 x19=0x000000000000005d
x20=0x0000000174d32730 x21=0x0000000174d32908 x22=0x0000000174d329e8 x23=0x000000010a0b5e80
x24=0x000000000000000c x25=0x0000000000000001 x26=0x0000000174d329f0 x27=0x0000000000000000
x28=0x000000015aa23800  fp=0x0000000174d32810  lr=0x000000010a1caf30  sp=0x0000000174d32110
pc=0x000000010a1caf84 cpsr=0x0000000000001000

Register to memory mapping:

 x0=0x0000000016659f5f is an unknown value
 x1=0x000000078015e6d8 is an oop: java.util.zip.ZipFile$Source 
{0x000000078015e6d8} - klass: 'java/util/zip/ZipFile$Source'
 - ---- fields (total size 10 words):
 - private 'refs' 'I' @12  2
 - private 'locpos' 'J' @16  0 (0 0)
 - private 'manifestPos' 'I' @24  55 (37)
 - private 'manifestNum' 'I' @28  1
 - private 'total' 'I' @32  292 (124)
 - private 'tablelen' 'I' @36  147 (93)
 - private final 'startsWithLoc' 'Z' @40  true
 - private final 'key' 'Ljava/util/zip/ZipFile$Source$Key;' @44  a 'java/util/zip/ZipFile$Source$Key'{0x000000078015e728} (f002bce5)
 - private final synchronized 'zc' 'Ljava/util/zip/ZipCoder;' @48  a 'java/util/zip/ZipCoder$UTF8ZipCoder'{0x0000000780bcddc8} (f0179bb9)
 - private 'zfile' 'Ljava/io/RandomAccessFile;' @52  a 'java/io/RandomAccessFile'{0x000000078015e818} (f002bd03)
 - private 'cen' '[B' @56  [B{0x000000078015e8a8} (f002bd15)
 - private 'comment' '[B' @60  NULL (0)
 - private 'signatureMetaNames' '[I' @64  NULL (0)
 - private 'metaVersions' '[I' @68  [I{0x0000000780bcdf10} (f0179be2)
 - private 'entries' '[I' @72  
[error occurred during error reporting (printing register info), id 0xb, SIGSEGV (0xb) at pc=0x0000000101cc24e4]

Top of Stack: (sp=0x0000000174d32110)
0x0000000174d32110:   000000010218a1f8 0000600000f5ac10
0x0000000174d32120:   0000000000000000 0000000780696370
0x0000000174d32130:   0000000784d484c8 0000000780605150
0x0000000174d32140:   0000000780bc3198 0000000784d48fd8
0x0000000174d32150:   0000000784d484c8 0000000000000009
0x0000000174d32160:   0000000780bc3198 000000010a2a3480
0x0000000174d32170:   0000000174d32810 000000010a1fe1b0
0x0000000174d32180:   0000000174d32810 000000010a265f44
0x0000000174d32190:   0000600001383750 00006000013837b8
0x0000000174d321a0:   000000078015e6d8 0000000784d484c8
0x0000000174d321b0:   0000000100000001 16659f5f0a262ea8
0x0000000174d321c0:   0000000174d32810 000000010a26b8f8
0x0000000174d321d0:   0000000784d48950 000000000e81b146
0x0000000174d321e0:   0000000000000043 0000000174d32298
0x0000000174d321f0:   0000000174d32810 000000010a1cc498
0x0000000174d32200:   0000000780600ea8 0000000784d48d00
0x0000000174d32210:   0000000784d484c8 0000000780bc3198
0x0000000174d32220:   0000000784d484c8 0000000000000000
0x0000000174d32230:   0000000780bc3468 0000000000000009
0x0000000174d32240:   0000000780bc3468 0000000784d484c8
0x0000000174d32250:   0000000000000009 0000000000000009
0x0000000174d32260:   0000000780bc3468 0000000174d32350
0x0000000174d32270:   0000000174d32810 000000010a1f775c
0x0000000174d32280:   0000000174d32810 000000010a1f9c80
0x0000000174d32290:   000000015a6588e0 6572617774666f73
0x0000000174d322a0:   2f6e6f7a616d612f 612f6b6473737761
0x0000000174d322b0:   646572632f687475 0000000780bc3468
0x0000000174d322c0:   0000000784d484c8 7250736c6169746e
0x0000000174d322d0:   0000000174d32810 000000010a1f9114
0x0000000174d322e0:   0000000174d32810 000000010a1df204
0x0000000174d322f0:   00000007807d4f08 0000000100000009
0x0000000174d32300:   0000000780696338 0000000784d484c8 

Instructions: (pc=0x000000010a1caf84)
0x000000010a1cae84:   01 f8 51 ff 07 50 08 f0 01 c0 01 f8 3e ff 07 50
0x000000010a1cae94:   0c f0 01 c0 01 f8 2e ff 07 50 0e f0 01 c0 07 60
0x000000010a1caea4:   05 60 00 00 00 00 00 00 00 00 00 00 00 00 00 00
0x000000010a1caeb4:   00 00 00 00 00 00 00 00 00 00 00 00 28 08 40 b9
0x000000010a1caec4:   3f 01 08 6b c0 01 00 54 4d 97 fb 17 1f 20 03 d5
0x000000010a1caed4:   1f 20 03 d5 1f 20 03 d5 1f 20 03 d5 1f 20 03 d5
0x000000010a1caee4:   1f 20 03 d5 1f 20 03 d5 1f 20 03 d5 1f 20 03 d5
0x000000010a1caef4:   1f 20 03 d5 1f 20 03 d5 1f 20 03 d5 1f 20 03 d5
0x000000010a1caf04:   e9 53 40 d1 3f 01 00 f9 ff c3 03 d1 fd 7b 0e a9
0x000000010a1caf14:   e1 0b 09 a9 e3 a3 00 b9 20 20 40 b9 1f 00 00 71
0x000000010a1caf24:   20 1c 00 54 e1 03 02 aa c5 03 00 94 e0 af 00 b9
0x000000010a1caf34:   e1 4b 40 f9 22 4c 40 b9 42 f0 7d d3 23 24 40 b9
0x000000010a1caf44:   04 78 00 12 7f 00 00 f1 c0 1b 00 54 88 0c c3 1a
0x000000010a1caf54:   04 91 03 1b 43 0c 40 b9 9f 00 03 6b 62 1b 00 54
0x000000010a1caf64:   84 7c 40 93 84 f4 7e d3 83 40 00 91 42 68 63 b8
0x000000010a1caf74:   5f 04 00 31 a0 18 00 54 25 48 40 b9 a5 f0 7d d3
0x000000010a1caf84:   a6 0c 40 b9 5f 00 06 6b e2 1a 00 54 46 7c 40 93
0x000000010a1caf94:   c6 f4 7e d3 c6 40 00 91 a6 68 66 b8 df 00 00 6b
0x000000010a1cafa4:   61 14 00 54 46 08 00 11 a7 0c 40 b9 df 00 07 6b
0x000000010a1cafb4:   62 1a 00 54 c6 7c 40 93 c6 f4 7e d3 c6 40 00 91
0x000000010a1cafc4:   a5 68 66 b8 e5 8b 14 29 e2 03 05 aa e7 03 01 aa
0x000000010a1cafd4:   e1 03 07 aa 6a 6d ff 97 e1 4b 40 f9 22 38 40 b9
0x000000010a1cafe4:   42 f0 7d d3 e5 a7 40 b9 a3 70 00 11 a4 b8 00 11
0x000000010a1caff4:   46 0c 40 b9 7f 00 06 6b 02 19 00 54 66 40 00 11
0x000000010a1cb004:   46 78 a6 38 63 04 00 11 47 0c 40 b9 7f 00 07 6b
0x000000010a1cb014:   02 19 00 54 63 40 00 11 43 78 a3 38 c6 1c 00 12
0x000000010a1cb024:   63 1c 00 12 63 5c 18 53 c6 00 03 2a e3 03 04 aa
0x000000010a1cb034:   e4 03 06 aa e1 03 00 aa 09 60 92 d2 69 03 a0 f2
0x000000010a1cb044:   09 14 c0 f2 1e e1 00 94 02 14 40 b9 42 f0 7d d3
0x000000010a1cb054:   42 0c 40 b9 01 40 80 39 21 1c 08 53 21 7c 18 13
0x000000010a1cb064:   21 10 00 12 43 28 c1 1a e3 b7 00 b9 e2 4f 40 f9
0x000000010a1cb074:   41 14 40 b9 21 f0 7d d3 21 0c 40 b9 44 40 80 39 


Stack slot to memory mapping:
stack at sp + 0 slots: 0x000000010218a1f8: SystemDictionary_lock+0 in /Users/a/Library/Java/JavaVirtualMachines/ms-17.0.17/Contents/Home/lib/server/libjvm.dylib at 0x0000000101524000
stack at sp + 1 slots: 0x0000600000f5ac10 points into unknown readable memory: 0x6f730043f4680003 | 03 00 68 f4 43 00 73 6f
stack at sp + 2 slots: 0x0 is NULL
stack at sp + 3 slots: 0x0000000780696370 is an oop: java.lang.String 
{0x0000000780696370} - klass: 'java/lang/String'
 - string: "/Users/a/Downloads/musicband-service/config-server/target/classes"
stack at sp + 4 slots: 0x0000000784d484c8 is an oop: java.lang.String 
{0x0000000784d484c8} - klass: 'java/lang/String'
 - string: "software/amazon/awssdk/auth/credentials/AwsCredentialsProviderChain.class"
stack at sp + 5 slots: 0x0000000780605150 is an oop: jdk.internal.util.jar.JarIndex 
{0x0000000780605150} - klass: 'jdk/internal/util/jar/JarIndex'
 - ---- fields (total size 3 words):
 - private 'indexMap' 'Ljava/util/HashMap;' @12  a 'java/util/HashMap'{0x0000000780605168} (f00c0a2d)
 - private 'jarMap' 'Ljava/util/HashMap;' @16  a 'java/util/HashMap'{0x00000007806377c8} (f00c6ef9)
 - private 'jarFiles' '[Ljava/lang/String;' @20  a 'java/lang/String'[1] {0x0000000780637db0} (f00c6fb6)
stack at sp + 6 slots: 0x0000000780bc3198 is an oop: java.util.jar.JarFile 
{0x0000000780bc3198} - klass: 'java/util/jar/JarFile'
 - ---- fields (total size 7 words):
 - private 'lastEntryPos' 'I' @12  706 (2c2)
 - private volatile 'closeRequested' 'Z' @16  false
 - private final 'name' 'Ljava/lang/String;' @20  "/Users/a/.m2/repository/org/slf4j/jul-to-slf4j/2.0.17/jul-to-slf4j-2.0.17.jar"{0x0000000780bc31d0} (f017863a)
 - private final synchronized 'res' 'Ljava/util/zip/ZipFile$CleanableResource;' @24  a 'java/util/zip/ZipFile$CleanableResource'{0x0000000780bc3248} (f0178649)
 - private 'lastEntryName' 'Ljava/lang/String;' @28  "org/slf4j/bridge/SLF4JBridgeHandler.class"{0x0000000780d6e680} (f01adcd0)
 - private 'jvInitialized' 'Z' @17  false
 - private 'verify' 'Z' @18  false
 - private 'isMultiRelease' 'Z' @19  true
 - private final 'versionFeature' 'I' @32  17 (11)
 - private 'hasClassPathAttribute' 'Z' @36  false
 - private volatile 'hasCheckedSpecialAttributes' 'Z' @37  true
 - private 'manRef' 'Ljava/lang/ref/SoftReference;' @40  a 'java/lang/ref/SoftReference'{0x0000000780d6dc20} (f01adb84)
 - private 'manEntry' 'Ljava/util/jar/JarEntry;' @44  a 'java/util/jar/JarFile$JarFileEntry'{0x00000007806005a0} (f00c00b4)
 - private 'jv' 'Ljava/util/jar/JarVerifier;' @48  NULL (0)
 - private final 'version' 'Ljava/lang/Runtime$Version;' @52  a 'java/lang/Runtime$Version'{0x0000000780bc6198} (f0178c33)
stack at sp + 7 slots: 0x0000000784d48fd8 is an oop: java.lang.String 
{0x0000000784d48fd8} - klass: 'java/lang/String'
 - string: "META-INF/versions/9/software/amazon/awssdk/auth/credentials/AwsCredentialsProviderChain.class"


Compiled method (c1) 15294255  297   !   1       java.util.zip.ZipFile$Source::getEntryPos (195 bytes)
 total in heap  [0x000000010a1cac90,0x000000010a1cbc28] = 3992
 relocation     [0x000000010a1cade8,0x000000010a1caea8] = 192
 main code      [0x000000010a1caec0,0x000000010a1cb400] = 1344
 stub code      [0x000000010a1cb400,0x000000010a1cb518] = 280
 metadata       [0x000000010a1cb518,0x000000010a1cb5c8] = 176
 scopes data    [0x000000010a1cb5c8,0x000000010a1cb7e8] = 544
 scopes pcs     [0x000000010a1cb7e8,0x000000010a1cb9e8] = 512
 dependencies   [0x000000010a1cb9e8,0x000000010a1cb9f0] = 8
 handler table  [0x000000010a1cb9f0,0x000000010a1cbbd0] = 480
 nul chk table  [0x000000010a1cbbd0,0x000000010a1cbc28] = 88

[Constant Pool (empty)]

[MachCode]
[Entry Point]
  # {method} {0x000000a00027a248} 'getEntryPos' '(Ljava/lang/String;Z)I' in 'java/util/zip/ZipFile$Source'
  # this:     c_rarg1:c_rarg1 
                        = 'java/util/zip/ZipFile$Source'
  # parm0:    c_rarg2:c_rarg2 
                        = 'java/lang/String'
  # parm1:    c_rarg3   = boolean
  #           [sp+0xf0]  (sp of caller)
  0x000000010a1caec0: 2808 40b9 | 3f01 086b | c001 0054 

  0x000000010a1caecc: ;   {runtime_call ic_miss_stub}
  0x000000010a1caecc: 4d97 fb17 | 1f20 03d5 | 1f20 03d5 | 1f20 03d5 | 1f20 03d5 | 1f20 03d5 | 1f20 03d5 | 1f20 03d5 
  0x000000010a1caeec: 1f20 03d5 | 1f20 03d5 | 1f20 03d5 | 1f20 03d5 | 1f20 03d5 
[Verified Entry Point]
  0x000000010a1caf00: 1f20 03d5 | e953 40d1 | 3f01 00f9 | ffc3 03d1 | fd7b 0ea9 | e10b 09a9 | e3a3 00b9 | 2020 40b9 
  0x000000010a1caf20: 1f00 0071 | 201c 0054 | e103 02aa 

  0x000000010a1caf2c: ; ImmutableOopMap {[144]=Oop [152]=Oop }
                      ;*invokestatic hash {reexecute=0 rethrow=0 return_oop=0}
                      ; - java.util.zip.ZipFile$Source::getEntryPos@10 (line 1781)
                      ;   {static_call}
  0x000000010a1caf2c: c503 0094 | e0af 00b9 | e14b 40f9 | 224c 40b9 | 42f0 7dd3 | 2324 40b9 | 0478 0012 | 7f00 00f1 
  0x000000010a1caf4c: c01b 0054 | 880c c31a | 0491 031b 

  0x000000010a1caf58: ; implicit exception: dispatches to 0x000000010a1cb2c8
  0x000000010a1caf58: 430c 40b9 | 9f00 036b | 621b 0054 | 847c 4093 | 84f4 7ed3 | 8340 0091 | 4268 63b8 | 5f04 0031 
  0x000000010a1caf78: a018 0054 | 2548 40b9 | a5f0 7dd3 

  0x000000010a1caf84: ; implicit exception: dispatches to 0x000000010a1cb2e4
  0x000000010a1caf84: a60c 40b9 | 5f00 066b | e21a 0054 | 467c 4093 | c6f4 7ed3 | c640 0091 | a668 66b8 | df00 006b 
  0x000000010a1cafa4: 6114 0054 | 4608 0011 | a70c 40b9 | df00 076b | 621a 0054 | c67c 4093 | c6f4 7ed3 | c640 0091 
  0x000000010a1cafc4: a568 66b8 | e58b 1429 | e203 05aa | e703 01aa | e103 07aa 

  0x000000010a1cafd8: ; ImmutableOopMap {[144]=Oop [152]=Oop }
                      ;*invokevirtual zipCoderForPos {reexecute=0 rethrow=0 return_oop=0}
                      ; - java.util.zip.ZipFile$Source::getEntryPos@57 (line 1792)
                      ;   {optimized virtual_call}
  0x000000010a1cafd8: 6a6d ff97 | e14b 40f9 | 2238 40b9 | 42f0 7dd3 | e5a7 40b9 | a370 0011 | a4b8 0011 

  0x000000010a1caff4: ; implicit exception: dispatches to 0x000000010a1cb318
  0x000000010a1caff4: 460c 40b9 | 7f00 066b | 0219 0054 | 6640 0011 | 4678 a638 | 6304 0011 | 470c 40b9 | 7f00 076b 
  0x000000010a1cb014: 0219 0054 | 6340 0011 | 4378 a338 | c61c 0012 | 631c 0012 | 635c 1853 | c600 032a | e303 04aa 
  0x000000010a1cb034: e403 06aa | e103 00aa | 0960 92d2 | 6903 a0f2 | 0914 c0f2 

  0x000000010a1cb048: ; ImmutableOopMap {[152]=Oop [144]=Oop }
                      ;*invokevirtual toString {reexecute=0 rethrow=0 return_oop=0}
                      ; - java.util.zip.ZipFile$Source::getEntryPos@82 (line 1793)
                      ;   {virtual_call}
  0x000000010a1cb048: 1ee1 0094 

  0x000000010a1cb04c: ; implicit exception: dispatches to 0x000000010a1cb34c
  0x000000010a1cb04c: 0214 40b9 | 42f0 7dd3 

  0x000000010a1cb054: ; implicit exception: dispatches to 0x000000010a1cb350
  0x000000010a1cb054: 420c 40b9 | 0140 8039 | 211c 0853 | 217c 1813 | 2110 0012 | 4328 c11a | e3b7 00b9 | e24f 40f9 
  0x000000010a1cb074: ; implicit exception: dispatches to 0x000000010a1cb354
  0x000000010a1cb074: 4114 40b9 | 21f0 7dd3 

  0x000000010a1cb07c: ; implicit exception: dispatches to 0x000000010a1cb358
  0x000000010a1cb07c: 210c 40b9 | 4440 8039 | 841c 0853 | 847c 1813 | 8410 0012 | 2528 c41a | 7f00 056b | e5b3 00b9 
  0x000000010a1cb09c: 6000 0054 | e05f 00f9 | 0800 0014 | e403 02aa | e203 04aa | e103 00aa | e05f 00f9 

  0x000000010a1cb0b8: ; ImmutableOopMap {[144]=Oop [152]=Oop [184]=Oop }
                      ;*invokevirtual equals {reexecute=0 rethrow=0 return_oop=0}
                      ; - java.util.zip.ZipFile$Source::getEntryPos@110 (line 1800)
                      ;   {optimized virtual_call}
  0x000000010a1cb0b8: 3282 fe97 | 1f00 0071 | 610d 0054 | e3a3 40b9 | 7f00 0071 | 2007 0054 | e503 5629 | a204 0011 
  0x000000010a1cb0d8: 5f00 006b | a106 0054 | e24f 40f9 | 0300 a052 | e15f 40f9 

  0x000000010a1cb0ec: ; ImmutableOopMap {[144]=Oop [152]=Oop [184]=Oop }
                      ;*invokevirtual startsWith {reexecute=0 rethrow=0 return_oop=0}
                      ; - java.lang.String::startsWith@3 (line 2302)
                      ; - java.util.zip.ZipFile$Source::getEntryPos@135 (line 1806)
                      ;   {optimized virtual_call}
  0x000000010a1cb0ec: 8597 fb97 | 0100 0012 | 3f00 0071 | c005 0054 | e3b7 40b9 | e05f 40f9 | 6304 0051 | 0140 8039 
  0x000000010a1cb10c: 3f00 0071 | e117 9f9a | 2100 0012 | 3f00 0071 | 2002 0054 | 0114 40b9 | 21f0 7dd3 | 7f00 0071 
  0x000000010a1cb12c: 2b06 0054 

  0x000000010a1cb130: ; implicit exception: dispatches to 0x000000010a1cb35c
  0x000000010a1cb130: 220c 40b9 | 7f00 026b | ca05 0054 | 5f00 036b | 0911 0054 | 6240 0011 | 2178 a238 | 211c 0012 
  0x000000010a1cb150: e23f 0032 | 2100 020a | 2100 020a | 1300 0014 | 0014 40b9 | 00f0 7dd3 

  0x000000010a1cb168: ; implicit exception: dispatches to 0x000000010a1cb378
  0x000000010a1cb168: 010c 40b9 | 227c 0113 | e103 03aa | e067 00f9 | e3c3 00b9 

  0x000000010a1cb17c: ; ImmutableOopMap {[144]=Oop [152]=Oop [200]=Oop }
                      ;*invokestatic checkIndex {reexecute=0 rethrow=0 return_oop=0}
                      ; - java.lang.StringUTF16::checkIndex@5 (line 1624)
                      ; - java.lang.StringUTF16::charAt@2 (line 1421)
                      ; - java.lang.String::charAt@21 (line 1519)
                      ; - java.util.zip.ZipFile$Source::getEntryPos@147 (line 1807)
                      ;   {static_call}
  0x000000010a1cb17c: e198 fb97 | e1c3 40b9 | 237c 4093 | 63f8 7fd3 | 6240 0091 | e067 40f9 | 0268 6278 | e33f 0032 
  0x000000010a1cb19c: 4200 030a | 4200 030a | e103 02aa | 3fbc 0071 | 8000 0054 | e2ab 40b9 | e14b 40f9 | 1e00 0014 
  0x000000010a1cb1bc: e24f 40f9 | 0300 a052 | e14b 40f9 

  0x000000010a1cb1c8: ; ImmutableOopMap {[144]=Oop [152]=Oop }
                      ;*invokevirtual getEntryPos {reexecute=0 rethrow=0 return_oop=0}
                      ; - java.util.zip.ZipFile$Source::getEntryPos@158 (line 1809)
                      ;   {optimized virtual_call}
  0x000000010a1cb1c8: 4e97 fb97 | 1f04 0031 | e5a7 40b9 | 0010 859a | fd7b 4ea9 | ffc3 0391 

  0x000000010a1cb1e0: ;   {poll_return}
  0x000000010a1cb1e0: 88a7 41f9 | ff63 28eb | a80c 0054 | c003 5fd6 | e103 03aa 

  0x000000010a1cb1f4: ; ImmutableOopMap {[144]=Oop [152]=Oop }
                      ;*new {reexecute=0 rethrow=0 return_oop=0}
                      ; - java.lang.StringLatin1::charAt@10 (line 48)
                      ; - java.lang.String::charAt@12 (line 1517)
                      ; - java.util.zip.ZipFile$Source::getEntryPos@147 (line 1807)
                      ;   {runtime_call load_mirror_patching Runtime1 stub}
  0x000000010a1cb1f4: a35a fe97 | 6400 0014 | e203 01aa | e103 00aa | e06b 00f9 

  0x000000010a1cb208: ; ImmutableOopMap {[144]=Oop [152]=Oop [208]=Oop }
                      ;*invokespecial <init> {reexecute=0 rethrow=0 return_oop=0}
                      ; - java.lang.StringLatin1::charAt@15 (line 48)
                      ; - java.lang.String::charAt@12 (line 1517)
                      ; - java.util.zip.ZipFile$Source::getEntryPos@147 (line 1807)
                      ;   {optimized virtual_call}
  0x000000010a1cb208: 3e97 fb97 

  0x000000010a1cb20c: ; ImmutableOopMap {[144]=Oop [152]=Oop c_rarg0=Oop }
                      ;*athrow {reexecute=1 rethrow=0 return_oop=0}
                      ; - (reexecute) java.lang.StringLatin1::charAt@18 (line 48)
                      ; - java.lang.String::charAt@12 (line 1517)
                      ; - java.util.zip.ZipFile$Source::getEntryPos@147 (line 1807)
  0x000000010a1cb20c: e06b 40f9 

  0x000000010a1cb210: ;   {section_word}
  0x000000010a1cb210: 0300 0010 

  0x000000010a1cb214: ;   {runtime_call handle_exception_nofpu Runtime1 stub}
  0x000000010a1cb214: 1b50 fe97 | 1f20 03d5 | 80ef 41f9 | 9fef 01f9 | 9ff3 01f9 | e2ab 40b9 | e14b 40f9 | 2048 40b9 
  0x000000010a1cb234: 00f0 7dd3 | 4204 0011 

  0x000000010a1cb23c: ; implicit exception: dispatches to 0x000000010a1cb390
  0x000000010a1cb23c: 030c 40b9 | 5f00 036b | 820a 0054 | 427c 4093 | 42f4 7ed3 | 4240 0091 | 0068 62b8 

  0x000000010a1cb258: ; ImmutableOopMap {[152]=Oop c_rarg1=Oop [144]=Oop }
                      ;*goto {reexecute=1 rethrow=0 return_oop=0}
                      ; - (reexecute) java.util.zip.ZipFile$Source::getEntryPos@190 (line 1816)
  0x000000010a1cb258: 88ab 41f9 

  0x000000010a1cb25c: ;   {poll}
  0x000000010a1cb25c: 1f01 40b9 | e203 00aa | e0af 40b9 | 43ff ff17 | e5a7 40b9 | e003 05aa | fd7b 4ea9 | ffc3 0391 
  0x000000010a1cb27c: ;   {poll_return}
  0x000000010a1cb27c: 88a7 41f9 | ff63 28eb | 4809 0054 | c003 5fd6 | 0000 a012 | fd7b 4ea9 | ffc3 0391 

  0x000000010a1cb298: ;   {poll_return}
  0x000000010a1cb298: 88a7 41f9 | ff63 28eb | c808 0054 | c003 5fd6 | 0000 a012 | fd7b 4ea9 | ffc3 0391 

  0x000000010a1cb2b4: ;   {poll_return}
  0x000000010a1cb2b4: 88a7 41f9 | ff63 28eb | 4808 0054 | c003 5fd6 

  0x000000010a1cb2c4: ; ImmutableOopMap {[152]=Oop c_rarg1=Oop [144]=Oop c_rarg2=Oop }
                      ;*irem {reexecute=0 rethrow=0 return_oop=0}
                      ; - java.util.zip.ZipFile$Source::getEntryPos@26 (line 1782)
                      ;   {runtime_call throw_div0_exception Runtime1 stub}
  0x000000010a1cb2c4: 2f49 fe97 

  0x000000010a1cb2c8: ; ImmutableOopMap {[152]=Oop c_rarg1=Oop [144]=Oop c_rarg2=Oop }
                      ;*iaload {reexecute=0 rethrow=0 return_oop=0}
                      ; - java.util.zip.ZipFile$Source::getEntryPos@27 (line 1782)
                      ;   {runtime_call throw_null_pointer_exception Runtime1 stub}
  0x000000010a1cb2c8: ee49 fe97 | e803 04aa | e903 02aa 

  0x000000010a1cb2d4: ;   {runtime_call throw_range_check_failed Runtime1 stub}
  0x000000010a1cb2d4: 1e30 9ad2 | be42 a1f2 | 3e00 c0f2 

  0x000000010a1cb2e0: ; ImmutableOopMap {[152]=Oop c_rarg1=Oop [144]=Oop c_rarg2=Oop }
                      ;*iaload {reexecute=0 rethrow=0 return_oop=0}
                      ; - java.util.zip.ZipFile$Source::getEntryPos@27 (line 1782)
  0x000000010a1cb2e0: c003 3fd6 

  0x000000010a1cb2e4: ; ImmutableOopMap {c_rarg1=Oop [144]=Oop [152]=Oop c_rarg5=Oop }
                      ;*iaload {reexecute=0 rethrow=0 return_oop=0}
                      ; - java.util.zip.ZipFile$Source::getEntryHash@5 (line 1377)
                      ; - java.util.zip.ZipFile$Source::getEntryPos@39 (line 1787)
                      ;   {runtime_call throw_null_pointer_exception Runtime1 stub}
  0x000000010a1cb2e4: e749 fe97 | e803 02aa | e903 05aa 

  0x000000010a1cb2f0: ;   {runtime_call throw_range_check_failed Runtime1 stub}
  0x000000010a1cb2f0: 1e30 9ad2 | be42 a1f2 | 3e00 c0f2 

  0x000000010a1cb2fc: ; ImmutableOopMap {c_rarg1=Oop [144]=Oop [152]=Oop c_rarg5=Oop }
                      ;*iaload {reexecute=0 rethrow=0 return_oop=0}
                      ; - java.util.zip.ZipFile$Source::getEntryHash@5 (line 1377)
                      ; - java.util.zip.ZipFile$Source::getEntryPos@39 (line 1787)
  0x000000010a1cb2fc: c003 3fd6 | e803 06aa | e903 05aa 

  0x000000010a1cb308: ;   {runtime_call throw_range_check_failed Runtime1 stub}
  0x000000010a1cb308: 1e30 9ad2 | be42 a1f2 | 3e00 c0f2 

  0x000000010a1cb314: ; ImmutableOopMap {c_rarg1=Oop [144]=Oop [152]=Oop c_rarg5=Oop }
                      ;*iaload {reexecute=0 rethrow=0 return_oop=0}
                      ; - java.util.zip.ZipFile$Source::getEntryPos@7 (line 1379)
                      ; - java.util.zip.ZipFile$Source::getEntryPos@49 (line 1789)
  0x000000010a1cb314: c003 3fd6 

  0x000000010a1cb318: ; ImmutableOopMap {[152]=Oop c_rarg0=Oop c_rarg1=Oop [144]=Oop c_rarg2=Oop }
                      ;*baload {reexecute=0 rethrow=0 return_oop=0}
                      ; - java.util.zip.ZipUtils::SH@2 (line 203)
                      ; - java.util.zip.ZipUtils::CENNAM@5 (line 272)
                      ; - java.util.zip.ZipFile$Source::getEntryPos@79 (line 1793)
                      ;   {runtime_call throw_null_pointer_exception Runtime1 stub}
  0x000000010a1cb318: da49 fe97 | e803 03aa | e903 02aa 

  0x000000010a1cb324: ;   {runtime_call throw_range_check_failed Runtime1 stub}
  0x000000010a1cb324: 1e30 9ad2 | be42 a1f2 | 3e00 c0f2 

  0x000000010a1cb330: ; ImmutableOopMap {[152]=Oop c_rarg0=Oop c_rarg1=Oop [144]=Oop c_rarg2=Oop }
                      ;*baload {reexecute=0 rethrow=0 return_oop=0}
                      ; - java.util.zip.ZipUtils::SH@2 (line 203)
                      ; - java.util.zip.ZipUtils::CENNAM@5 (line 272)
                      ; - java.util.zip.ZipFile$Source::getEntryPos@79 (line 1793)
  0x000000010a1cb330: c003 3fd6 | e803 03aa | e903 02aa 

  0x000000010a1cb33c: ;   {runtime_call throw_range_check_failed Runtime1 stub}
  0x000000010a1cb33c: 1e30 9ad2 | be42 a1f2 | 3e00 c0f2 

  0x000000010a1cb348: ; ImmutableOopMap {[152]=Oop c_rarg0=Oop c_rarg1=Oop [144]=Oop c_rarg2=Oop }
                      ;*baload {reexecute=0 rethrow=0 return_oop=0}
                      ; - java.util.zip.ZipUtils::SH@11 (line 203)
                      ; - java.util.zip.ZipUtils::CENNAM@5 (line 272)
                      ; - java.util.zip.ZipFile$Source::getEntryPos@79 (line 1793)
  0x000000010a1cb348: c003 3fd6 

  0x000000010a1cb34c: ; ImmutableOopMap {[152]=Oop [144]=Oop c_rarg0=Oop }
                      ;*invokevirtual length {reexecute=0 rethrow=0 return_oop=0}
                      ; - java.util.zip.ZipFile$Source::getEntryPos@89 (line 1798)
                      ;   {runtime_call throw_null_pointer_exception Runtime1 stub}
  0x000000010a1cb34c: cd49 fe97 

  0x000000010a1cb350: ; ImmutableOopMap {[152]=Oop [144]=Oop c_rarg0=Oop }
                      ;*arraylength {reexecute=0 rethrow=0 return_oop=0}
                      ; - java.lang.String::length@4 (line 1481)
                      ; - java.util.zip.ZipFile$Source::getEntryPos@89 (line 1798)
                      ;   {runtime_call throw_null_pointer_exception Runtime1 stub}
  0x000000010a1cb350: cc49 fe97 

  0x000000010a1cb354: ; ImmutableOopMap {[144]=Oop c_rarg0=Oop c_rarg2=Oop [152]=Oop }
                      ;*invokevirtual length {reexecute=0 rethrow=0 return_oop=0}
                      ; - java.util.zip.ZipFile$Source::getEntryPos@95 (line 1799)
                      ;   {runtime_call throw_null_pointer_exception Runtime1 stub}
  0x000000010a1cb354: cb49 fe97 

  0x000000010a1cb358: ; ImmutableOopMap {[144]=Oop c_rarg0=Oop c_rarg2=Oop [152]=Oop }
                      ;*arraylength {reexecute=0 rethrow=0 return_oop=0}
                      ; - java.lang.String::length@4 (line 1481)
                      ; - java.util.zip.ZipFile$Source::getEntryPos@95 (line 1799)
                      ;   {runtime_call throw_null_pointer_exception Runtime1 stub}
  0x000000010a1cb358: ca49 fe97 

  0x000000010a1cb35c: ; ImmutableOopMap {[144]=Oop [152]=Oop c_rarg1=Oop }
                      ;*arraylength {reexecute=0 rethrow=0 return_oop=0}
                      ; - java.lang.StringLatin1::charAt@6 (line 47)
                      ; - java.lang.String::charAt@12 (line 1517)
                      ; - java.util.zip.ZipFile$Source::getEntryPos@147 (line 1807)
                      ;   {runtime_call throw_null_pointer_exception Runtime1 stub}
  0x000000010a1cb35c: c949 fe97 | e803 03aa | e903 01aa 

  0x000000010a1cb368: ;   {runtime_call throw_range_check_failed Runtime1 stub}
  0x000000010a1cb368: 1e30 9ad2 | be42 a1f2 | 3e00 c0f2 

  0x000000010a1cb374: ; ImmutableOopMap {[144]=Oop [152]=Oop c_rarg1=Oop }
                      ;*baload {reexecute=0 rethrow=0 return_oop=0}
                      ; - java.lang.StringLatin1::charAt@21 (line 50)
                      ; - java.lang.String::charAt@12 (line 1517)
                      ; - java.util.zip.ZipFile$Source::getEntryPos@147 (line 1807)
  0x000000010a1cb374: c003 3fd6 

  0x000000010a1cb378: ; ImmutableOopMap {[144]=Oop [152]=Oop c_rarg0=Oop }
                      ;*arraylength {reexecute=0 rethrow=0 return_oop=0}
                      ; - java.lang.StringUTF16::length@1 (line 75)
                      ; - java.lang.StringUTF16::checkIndex@2 (line 1624)
                      ; - java.lang.StringUTF16::charAt@2 (line 1421)
                      ; - java.lang.String::charAt@21 (line 1519)
                      ; - java.util.zip.ZipFile$Source::getEntryPos@147 (line 1807)
                      ;   {runtime_call throw_null_pointer_exception Runtime1 stub}
  0x000000010a1cb378: c249 fe97 

  0x000000010a1cb37c: ;   {internal_word}
  0x000000010a1cb37c: 28f3 ff10 | 88b3 01f9 

  0x000000010a1cb384: ;   {runtime_call SafepointBlob}
  0x000000010a1cb384: 9faf fb17 

  0x000000010a1cb388: ; ImmutableOopMap {[144]=Oop [152]=Oop }
                      ;*new {reexecute=0 rethrow=0 return_oop=0}
                      ; - java.lang.StringLatin1::charAt@10 (line 48)
                      ; - java.lang.String::charAt@12 (line 1517)
                      ; - java.util.zip.ZipFile$Source::getEntryPos@147 (line 1807)
                      ;   {runtime_call new_instance Runtime1 stub}
  0x000000010a1cb388: 3e4b fe97 | 9cff ff17 

  0x000000010a1cb390: ; ImmutableOopMap {[152]=Oop c_rarg1=Oop [144]=Oop c_rarg0=Oop }
                      ;*iaload {reexecute=0 rethrow=0 return_oop=0}
                      ; - java.util.zip.ZipFile$Source::getEntryNext@7 (line 1378)
                      ; - java.util.zip.ZipFile$Source::getEntryPos@185 (line 1816)
                      ;   {runtime_call throw_null_pointer_exception Runtime1 stub}
  0x000000010a1cb390: bc49 fe97 | e803 02aa | e903 00aa 

  0x000000010a1cb39c: ;   {runtime_call throw_range_check_failed Runtime1 stub}
  0x000000010a1cb39c: 1e30 9ad2 | be42 a1f2 | 3e00 c0f2 

  0x000000010a1cb3a8: ; ImmutableOopMap {[152]=Oop c_rarg1=Oop [144]=Oop c_rarg0=Oop }
                      ;*iaload {reexecute=0 rethrow=0 return_oop=0}
                      ; - java.util.zip.ZipFile$Source::getEntryNext@7 (line 1378)
                      ; - java.util.zip.ZipFile$Source::getEntryPos@185 (line 1816)
  0x000000010a1cb3a8: c003 3fd6 

  0x000000010a1cb3ac: ;   {internal_word}
  0x000000010a1cb3ac: 88f6 ff10 | 88b3 01f9 

  0x000000010a1cb3b4: ;   {runtime_call SafepointBlob}
  0x000000010a1cb3b4: 93af fb17 

  0x000000010a1cb3b8: ;   {internal_word}
  0x000000010a1cb3b8: 08f7 ff10 | 88b3 01f9 

  0x000000010a1cb3c0: ;   {runtime_call SafepointBlob}
  0x000000010a1cb3c0: 90af fb17 

  0x000000010a1cb3c4: ;   {internal_word}
  0x000000010a1cb3c4: 88f7 ff10 | 88b3 01f9 

  0x000000010a1cb3cc: ;   {runtime_call SafepointBlob}
  0x000000010a1cb3cc: 8daf fb17 | 1f20 03d5 | 1f20 03d5 | 80ef 41f9 | 9fef 01f9 | 9ff3 01f9 | fd7b 4ea9 | ffc3 0391 
  0x000000010a1cb3ec: ;   {runtime_call unwind_exception Runtime1 stub}
  0x000000010a1cb3ec: e545 fe17 | 0000 0000 | 0000 0000 | 0000 0000 | 0000 0000 
[Stub Code]
  0x000000010a1cb400: ;   {no_reloc}
  0x000000010a1cb400: df3f 03d5 

  0x000000010a1cb404: ;   {metadata({method} {0x000000a0001bc158} 'hash' '(Ljava/lang/String;)I' in 'java/util/zip/ZipCoder')}
  0x000000010a1cb404: 0c2b 98d2 | 6c03 a0f2 | 0c14 c0f2 | 0857 80d2 | 6841 a1f2 | 2800 c0f2 | 0001 1fd6 

  0x000000010a1cb420: ;   {static_stub}
  0x000000010a1cb420: df3f 03d5 

  0x000000010a1cb424: ;   {metadata(NULL)}
  0x000000010a1cb424: 0c00 80d2 | 0c00 a0f2 | 0c00 c0f2 | 0800 80d2 | 0800 a0f2 | 0800 c0f2 | 0001 1fd6 

  0x000000010a1cb440: ;   {static_stub}
  0x000000010a1cb440: df3f 03d5 

  0x000000010a1cb444: ;   {metadata(NULL)}
  0x000000010a1cb444: 0c00 80d2 | 0c00 a0f2 | 0c00 c0f2 | 0800 80d2 | 0800 a0f2 | 0800 c0f2 | 0001 1fd6 

  0x000000010a1cb460: ;   {static_stub}
  0x000000010a1cb460: df3f 03d5 

  0x000000010a1cb464: ;   {metadata(NULL)}
  0x000000010a1cb464: 0c00 80d2 | 0c00 a0f2 | 0c00 c0f2 | 0800 80d2 | 0800 a0f2 | 0800 c0f2 | 0001 1fd6 

  0x000000010a1cb480: ;   {static_stub}
  0x000000010a1cb480: df3f 03d5 

  0x000000010a1cb484: ;   {metadata(NULL)}
  0x000000010a1cb484: 0c00 80d2 | 0c00 a0f2 | 0c00 c0f2 | 0800 80d2 | 0800 a0f2 | 0800 c0f2 | 0001 1fd6 

  0x000000010a1cb4a0: ;   {static_stub}
  0x000000010a1cb4a0: df3f 03d5 

  0x000000010a1cb4a4: ;   {metadata(NULL)}
  0x000000010a1cb4a4: 0c00 80d2 | 0c00 a0f2 | 0c00 c0f2 | 0800 80d2 | 0800 a0f2 | 0800 c0f2 | 0001 1fd6 

  0x000000010a1cb4c0: ;   {static_stub}
  0x000000010a1cb4c0: df3f 03d5 

  0x000000010a1cb4c4: ;   {metadata(NULL)}
  0x000000010a1cb4c4: 0c00 80d2 | 0c00 a0f2 | 0c00 c0f2 | 0800 80d2 | 0800 a0f2 | 0800 c0f2 | 0001 1fd6 

  0x000000010a1cb4e0: ;   {static_stub}
  0x000000010a1cb4e0: df3f 03d5 

  0x000000010a1cb4e4: ;   {metadata(NULL)}
  0x000000010a1cb4e4: 0c00 80d2 | 0c00 a0f2 | 0c00 c0f2 | 0800 80d2 | 0800 a0f2 | 0800 c0f2 | 0001 1fd6 
[Exception Handler]
  0x000000010a1cb500: ;   {runtime_call handle_exception_from_callee Runtime1 stub}
  0x000000010a1cb500: e050 fe97 | c1d5 bbd4 | 64df fd01 | 0100 0000 
[Deopt Handler Code]
  0x000000010a1cb510: 1e00 0010 

  0x000000010a1cb514: ;   {runtime_call DeoptimizationBlob}
  0x000000010a1cb514: 0bb0 fb17 
[/MachCode]


---------------  P R O C E S S  ---------------

Threads class SMR info:
_java_thread_list=0x0000600002d77560, length=26, elements={
0x000000015a817400, 0x000000011a808200, 0x000000011a809800, 0x000000015c82e600,
0x000000015c82ec00, 0x000000011a80fe00, 0x000000015c82f200, 0x000000015c05dc00,
0x000000011a815400, 0x000000011ab20a00, 0x000000015c82e000, 0x000000011ab2ba00,
0x000000015aa17c00, 0x000000015aa21400, 0x000000015aa21a00, 0x000000015aa23200,
0x000000015aa23800, 0x000000015c1d6c00, 0x000000015c1d7200, 0x000000015c24be00,
0x000000015aa23e00, 0x000000015c24c400, 0x000000015aa24400, 0x000000015aa24a00,
0x000000015c24ca00, 0x000000015aa2ec00
}

Java Threads: ( => current thread )
  0x000000015a817400 JavaThread "Reference Handler" daemon [_thread_blocked, id=31235, stack(0x0000000170aa8000,0x0000000170cab000)]
  0x000000011a808200 JavaThread "Finalizer" daemon [_thread_blocked, id=30979, stack(0x0000000170cb4000,0x0000000170eb7000)]
  0x000000011a809800 JavaThread "Signal Dispatcher" daemon [_thread_blocked, id=24835, stack(0x0000000170fd8000,0x00000001711db000)]
  0x000000015c82e600 JavaThread "Service Thread" daemon [_thread_blocked, id=28931, stack(0x00000001711e4000,0x00000001713e7000)]
  0x000000015c82ec00 JavaThread "Monitor Deflation Thread" daemon [_thread_blocked, id=28419, stack(0x00000001713f0000,0x00000001715f3000)]
  0x000000011a80fe00 JavaThread "C1 CompilerThread0" daemon [_thread_blocked, id=27907, stack(0x00000001715fc000,0x00000001717ff000)]
  0x000000015c82f200 JavaThread "Sweeper thread" daemon [_thread_blocked, id=27651, stack(0x0000000171808000,0x0000000171a0b000)]
  0x000000015c05dc00 JavaThread "Common-Cleaner" daemon [_thread_blocked, id=27139, stack(0x0000000171a14000,0x0000000171c17000)]
  0x000000011a815400 JavaThread "Notification Thread" daemon [_thread_blocked, id=25859, stack(0x0000000171e2c000,0x000000017202f000)]
  0x000000011ab20a00 JavaThread "Catalina-utility-1" [_thread_blocked, id=40971, stack(0x00000001732a4000,0x00000001734a7000)]
  0x000000015c82e000 JavaThread "Catalina-utility-2" [_thread_blocked, id=39939, stack(0x0000000173ce0000,0x0000000173ee3000)]
  0x000000011ab2ba00 JavaThread "container-0" [_thread_blocked, id=37123, stack(0x0000000173eec000,0x00000001740ef000)]
  0x000000015aa17c00 JavaThread "http-nio-8888-exec-1" daemon [_thread_blocked, id=37635, stack(0x0000000174304000,0x0000000174507000)]
  0x000000015aa21400 JavaThread "http-nio-8888-exec-2" daemon [_thread_blocked, id=37891, stack(0x0000000174510000,0x0000000174713000)]
  0x000000015aa21a00 JavaThread "http-nio-8888-exec-3" daemon [_thread_blocked, id=38659, stack(0x000000017471c000,0x000000017491f000)]
  0x000000015aa23200 JavaThread "http-nio-8888-exec-4" daemon [_thread_blocked, id=38147, stack(0x0000000174928000,0x0000000174b2b000)]
=>0x000000015aa23800 JavaThread "http-nio-8888-exec-5" daemon [_thread_in_Java, id=43779, stack(0x0000000174b34000,0x0000000174d37000)]
  0x000000015c1d6c00 JavaThread "http-nio-8888-exec-6" daemon [_thread_blocked, id=65283, stack(0x0000000174d40000,0x0000000174f43000)]
  0x000000015c1d7200 JavaThread "http-nio-8888-exec-7" daemon [_thread_blocked, id=44291, stack(0x0000000174f4c000,0x000000017514f000)]
  0x000000015c24be00 JavaThread "http-nio-8888-exec-8" daemon [_thread_blocked, id=64771, stack(0x0000000175158000,0x000000017535b000)]
  0x000000015aa23e00 JavaThread "http-nio-8888-exec-9" daemon [_thread_blocked, id=64259, stack(0x0000000175364000,0x0000000175567000)]
  0x000000015c24c400 JavaThread "http-nio-8888-exec-10" daemon [_thread_blocked, id=44803, stack(0x0000000175570000,0x0000000175773000)]
  0x000000015aa24400 JavaThread "http-nio-8888-Poller" daemon [_thread_in_native, id=63491, stack(0x000000017577c000,0x000000017597f000)]
  0x000000015aa24a00 JavaThread "http-nio-8888-Acceptor" daemon [_thread_in_native, id=45315, stack(0x0000000175988000,0x0000000175b8b000)]
  0x000000015c24ca00 JavaThread "DestroyJavaVM" [_thread_blocked, id=5123, stack(0x000000016fc54000,0x000000016fe57000)]
  0x000000015aa2ec00 JavaThread "JGit-WorkQueue" daemon [_thread_blocked, id=62727, stack(0x0000000175b94000,0x0000000175d97000)]

Other Threads:
  0x000000015a705f80 VMThread "VM Thread" [stack: 0x000000017089c000,0x0000000170a9f000] [id=17411]
  0x000000014a607aa0 WatcherThread [stack: 0x0000000172038000,0x000000017223b000] [id=26371]
  0x000000015b906b80 GCTaskThread "GC Thread#0" [stack: 0x000000016fe60000,0x0000000170063000] [id=15363]
  0x000000015b9248a0 GCTaskThread "GC Thread#1" [stack: 0x0000000172450000,0x0000000172653000] [id=43011]
  0x000000015b924d30 GCTaskThread "GC Thread#2" [stack: 0x000000017265c000,0x000000017285f000] [id=42499]
  0x000000015b92dd80 GCTaskThread "GC Thread#3" [stack: 0x0000000172e8c000,0x000000017308f000] [id=34563]
  0x000000015b81a570 GCTaskThread "GC Thread#4" [stack: 0x0000000173098000,0x000000017329b000] [id=41219]
  0x000000015a626050 GCTaskThread "GC Thread#5" [stack: 0x00000001734b0000,0x00000001736b3000] [id=35595]
  0x000000015a626310 GCTaskThread "GC Thread#6" [stack: 0x00000001736bc000,0x00000001738bf000] [id=36099]
  0x000000015a6265d0 GCTaskThread "GC Thread#7" [stack: 0x00000001738c8000,0x0000000173acb000] [id=40707]
  0x000000015b804ba0 ConcurrentGCThread "G1 Main Marker" [stack: 0x000000017006c000,0x000000017026f000] [id=13571]
  0x000000015b907010 ConcurrentGCThread "G1 Conc#0" [stack: 0x0000000170278000,0x000000017047b000] [id=14339]
  0x000000011a609240 ConcurrentGCThread "G1 Conc#1" [stack: 0x0000000173ad4000,0x0000000173cd7000] [id=36611]
  0x000000015b805430 ConcurrentGCThread "G1 Refine#0" [stack: 0x0000000170484000,0x0000000170687000] [id=21507]
  0x000000015b812da0 ConcurrentGCThread "G1 Refine#1" [stack: 0x0000000172868000,0x0000000172a6b000] [id=41731]
  0x000000015a706df0 ConcurrentGCThread "G1 Refine#2" [stack: 0x0000000172a74000,0x0000000172c77000] [id=33283]
  0x000000012a605940 ConcurrentGCThread "G1 Refine#3" [stack: 0x0000000172c80000,0x0000000172e83000] [id=34051]
  0x000000012a604080 ConcurrentGCThread "G1 Service" [stack: 0x0000000170690000,0x0000000170893000] [id=16643]

Threads with active compile tasks:

VM state: not at safepoint (normal execution)

VM Mutex/Monitor currently owned by a thread: None

Heap address: 0x0000000780000000, size: 2048 MB, Compressed Oops mode: Zero based, Oop shift amount: 3

CDS archive(s) mapped at: [0x000000a000000000-0x000000a000bc0000-0x000000a000bc0000), size 12320768, SharedBaseAddress: 0x000000a000000000, ArchiveRelocationMode: 1.
Compressed class space mapped at: 0x000000a001000000-0x000000a041000000, reserved size: 1073741824
Narrow klass base: 0x000000a000000000, Narrow klass shift: 0, Narrow klass range: 0x100000000

GC Precious Log:
 CPUs: 8 total, 8 available
 Memory: 8192M
 Large Page Support: Disabled
 NUMA Support: Disabled
 Compressed Oops: Enabled (Zero based)
 Heap Region Size: 1M
 Heap Min Capacity: 8M
 Heap Initial Capacity: 128M
 Heap Max Capacity: 2G
 Pre-touch: Disabled
 Parallel Workers: 8
 Concurrent Workers: 2
 Concurrent Refinement Workers: 8
 Periodic GC: Disabled

Heap:
 garbage-first heap   total 97280K, used 52447K [0x0000000780000000, 0x0000000800000000)
  region size 1024K, 16 young (16384K), 2 survivors (2048K)
 Metaspace       used 49002K, committed 49600K, reserved 1114112K
  class space    used 6969K, committed 7232K, reserved 1048576K

Heap Regions: E=young(eden), S=young(survivor), O=old, HS=humongous(starts), HC=humongous(continues), CS=collection set, F=free, OA=open archive, CA=closed archive, TAMS=top-at-mark-start (previous, next)
|   0|0x0000000780000000, 0x0000000780100000, 0x0000000780100000|100%|HS|  |TAMS 0x0000000780100000, 0x0000000780000000| Complete 
|   1|0x0000000780100000, 0x0000000780200000, 0x0000000780200000|100%| O|  |TAMS 0x0000000780200000, 0x0000000780100000| Untracked 
|   2|0x0000000780200000, 0x0000000780300000, 0x0000000780300000|100%| O|  |TAMS 0x0000000780300000, 0x0000000780200000| Untracked 
|   3|0x0000000780300000, 0x0000000780400000, 0x0000000780400000|100%| O|  |TAMS 0x0000000780400000, 0x0000000780300000| Untracked 
|   4|0x0000000780400000, 0x0000000780500000, 0x0000000780500000|100%| O|  |TAMS 0x0000000780500000, 0x0000000780400000| Untracked 
|   5|0x0000000780500000, 0x0000000780600000, 0x0000000780600000|100%| O|  |TAMS 0x0000000780500000, 0x0000000780500000| Untracked 
|   6|0x0000000780600000, 0x0000000780700000, 0x0000000780700000|100%| O|  |TAMS 0x0000000780700000, 0x0000000780600000| Untracked 
|   7|0x0000000780700000, 0x0000000780800000, 0x0000000780800000|100%| O|  |TAMS 0x0000000780800000, 0x0000000780700000| Untracked 
|   8|0x0000000780800000, 0x0000000780900000, 0x0000000780900000|100%| O|  |TAMS 0x0000000780900000, 0x0000000780800000| Untracked 
|   9|0x0000000780900000, 0x0000000780a00000, 0x0000000780a00000|100%| O|  |TAMS 0x0000000780a00000, 0x0000000780900000| Untracked 
|  10|0x0000000780a00000, 0x0000000780b00000, 0x0000000780b00000|100%| O|  |TAMS 0x0000000780b00000, 0x0000000780a00000| Untracked 
|  11|0x0000000780b00000, 0x0000000780c00000, 0x0000000780c00000|100%| O|  |TAMS 0x0000000780c00000, 0x0000000780b00000| Untracked 
|  12|0x0000000780c00000, 0x0000000780d00000, 0x0000000780d00000|100%| O|  |TAMS 0x0000000780d00000, 0x0000000780c00000| Untracked 
|  13|0x0000000780d00000, 0x0000000780e00000, 0x0000000780e00000|100%| O|  |TAMS 0x0000000780e00000, 0x0000000780d00000| Untracked 
|  14|0x0000000780e00000, 0x0000000780f00000, 0x0000000780f00000|100%| O|  |TAMS 0x0000000780f00000, 0x0000000780e00000| Untracked 
|  15|0x0000000780f00000, 0x0000000780f09a00, 0x0000000781000000|  3%| O|  |TAMS 0x0000000780f09a00, 0x0000000780f00000| Untracked 
|  16|0x0000000781000000, 0x0000000781100000, 0x0000000781100000|100%| O|  |TAMS 0x0000000781000000, 0x0000000781000000| Untracked 
|  17|0x0000000781100000, 0x0000000781200000, 0x0000000781200000|100%| O|  |TAMS 0x0000000781100000, 0x0000000781100000| Untracked 
|  18|0x0000000781200000, 0x0000000781300000, 0x0000000781300000|100%| O|  |TAMS 0x0000000781200000, 0x0000000781200000| Untracked 
|  19|0x0000000781300000, 0x0000000781400000, 0x0000000781400000|100%| O|  |TAMS 0x0000000781300000, 0x0000000781300000| Untracked 
|  20|0x0000000781400000, 0x0000000781500000, 0x0000000781500000|100%|HS|  |TAMS 0x0000000781400000, 0x0000000781400000| Complete 
|  21|0x0000000781500000, 0x0000000781600000, 0x0000000781600000|100%|HC|  |TAMS 0x0000000781500000, 0x0000000781500000| Complete 
|  22|0x0000000781600000, 0x0000000781700000, 0x0000000781700000|100%| O|  |TAMS 0x0000000781700000, 0x0000000781600000| Untracked 
|  23|0x0000000781700000, 0x0000000781800000, 0x0000000781800000|100%| O|  |TAMS 0x0000000781800000, 0x0000000781700000| Untracked 
|  24|0x0000000781800000, 0x0000000781900000, 0x0000000781900000|100%| O|  |TAMS 0x0000000781900000, 0x0000000781800000| Untracked 
|  25|0x0000000781900000, 0x0000000781a00000, 0x0000000781a00000|100%| O|  |TAMS 0x0000000781a00000, 0x0000000781900000| Untracked 
|  26|0x0000000781a00000, 0x0000000781b00000, 0x0000000781b00000|100%| O|  |TAMS 0x0000000781af2a00, 0x0000000781a00000| Untracked 
|  27|0x0000000781b00000, 0x0000000781c00000, 0x0000000781c00000|100%| O|  |TAMS 0x0000000781b00000, 0x0000000781b00000| Untracked 
|  28|0x0000000781c00000, 0x0000000781d00000, 0x0000000781d00000|100%| O|  |TAMS 0x0000000781c00000, 0x0000000781c00000| Untracked 
|  29|0x0000000781d00000, 0x0000000781e00000, 0x0000000781e00000|100%| O|  |TAMS 0x0000000781d00000, 0x0000000781d00000| Untracked 
|  30|0x0000000781e00000, 0x0000000781f00000, 0x0000000781f00000|100%| O|  |TAMS 0x0000000781e00000, 0x0000000781e00000| Untracked 
|  31|0x0000000781f00000, 0x0000000782000000, 0x0000000782000000|100%| O|  |TAMS 0x0000000781f00000, 0x0000000781f00000| Untracked 
|  32|0x0000000782000000, 0x0000000782100000, 0x0000000782100000|100%| O|  |TAMS 0x0000000782000000, 0x0000000782000000| Untracked 
|  33|0x0000000782100000, 0x0000000782200000, 0x0000000782200000|100%| O|  |TAMS 0x0000000782100000, 0x0000000782100000| Untracked 
|  34|0x0000000782200000, 0x00000007822ada00, 0x0000000782300000| 67%| O|  |TAMS 0x0000000782200000, 0x0000000782200000| Untracked 
|  35|0x0000000782300000, 0x0000000782300000, 0x0000000782400000|  0%| F|  |TAMS 0x0000000782300000, 0x0000000782300000| Untracked 
|  36|0x0000000782400000, 0x0000000782400000, 0x0000000782500000|  0%| F|  |TAMS 0x0000000782400000, 0x0000000782400000| Untracked 
|  37|0x0000000782500000, 0x0000000782500000, 0x0000000782600000|  0%| F|  |TAMS 0x0000000782500000, 0x0000000782500000| Untracked 
|  38|0x0000000782600000, 0x0000000782600000, 0x0000000782700000|  0%| F|  |TAMS 0x0000000782600000, 0x0000000782600000| Untracked 
|  39|0x0000000782700000, 0x0000000782700000, 0x0000000782800000|  0%| F|  |TAMS 0x0000000782700000, 0x0000000782700000| Untracked 
|  40|0x0000000782800000, 0x0000000782800000, 0x0000000782900000|  0%| F|  |TAMS 0x0000000782800000, 0x0000000782800000| Untracked 
|  41|0x0000000782900000, 0x0000000782900000, 0x0000000782a00000|  0%| F|  |TAMS 0x0000000782900000, 0x0000000782900000| Untracked 
|  42|0x0000000782a00000, 0x0000000782a00000, 0x0000000782b00000|  0%| F|  |TAMS 0x0000000782a00000, 0x0000000782a00000| Untracked 
|  43|0x0000000782b00000, 0x0000000782b00000, 0x0000000782c00000|  0%| F|  |TAMS 0x0000000782b00000, 0x0000000782b00000| Untracked 
|  44|0x0000000782c00000, 0x0000000782c00000, 0x0000000782d00000|  0%| F|  |TAMS 0x0000000782c00000, 0x0000000782c00000| Untracked 
|  45|0x0000000782d00000, 0x0000000782d00000, 0x0000000782e00000|  0%| F|  |TAMS 0x0000000782d00000, 0x0000000782d00000| Untracked 
|  46|0x0000000782e00000, 0x0000000782e00000, 0x0000000782f00000|  0%| F|  |TAMS 0x0000000782e00000, 0x0000000782e00000| Untracked 
|  47|0x0000000782f00000, 0x0000000782f00000, 0x0000000783000000|  0%| F|  |TAMS 0x0000000782f00000, 0x0000000782f00000| Untracked 
|  48|0x0000000783000000, 0x0000000783000000, 0x0000000783100000|  0%| F|  |TAMS 0x0000000783000000, 0x0000000783000000| Untracked 
|  49|0x0000000783100000, 0x0000000783100000, 0x0000000783200000|  0%| F|  |TAMS 0x0000000783100000, 0x0000000783100000| Untracked 
|  50|0x0000000783200000, 0x0000000783200000, 0x0000000783300000|  0%| F|  |TAMS 0x0000000783200000, 0x0000000783200000| Untracked 
|  51|0x0000000783300000, 0x0000000783398b50, 0x0000000783400000| 59%| S|CS|TAMS 0x0000000783300000, 0x0000000783300000| Complete 
|  52|0x0000000783400000, 0x0000000783400000, 0x0000000783500000|  0%| F|  |TAMS 0x0000000783400000, 0x0000000783400000| Untracked 
|  53|0x0000000783500000, 0x0000000783500000, 0x0000000783600000|  0%| F|  |TAMS 0x0000000783500000, 0x0000000783500000| Untracked 
|  54|0x0000000783600000, 0x0000000783700000, 0x0000000783700000|100%| S|CS|TAMS 0x0000000783600000, 0x0000000783600000| Complete 
|  55|0x0000000783700000, 0x0000000783700000, 0x0000000783800000|  0%| F|  |TAMS 0x0000000783700000, 0x0000000783700000| Untracked 
|  56|0x0000000783800000, 0x0000000783800000, 0x0000000783900000|  0%| F|  |TAMS 0x0000000783800000, 0x0000000783800000| Untracked 
|  57|0x0000000783900000, 0x0000000783900000, 0x0000000783a00000|  0%| F|  |TAMS 0x0000000783900000, 0x0000000783900000| Untracked 
|  58|0x0000000783a00000, 0x0000000783a00000, 0x0000000783b00000|  0%| F|  |TAMS 0x0000000783a00000, 0x0000000783a00000| Untracked 
|  59|0x0000000783b00000, 0x0000000783b00000, 0x0000000783c00000|  0%| F|  |TAMS 0x0000000783b00000, 0x0000000783b00000| Untracked 
|  60|0x0000000783c00000, 0x0000000783c00000, 0x0000000783d00000|  0%| F|  |TAMS 0x0000000783c00000, 0x0000000783c00000| Untracked 
|  61|0x0000000783d00000, 0x0000000783d00000, 0x0000000783e00000|  0%| F|  |TAMS 0x0000000783d00000, 0x0000000783d00000| Untracked 
|  62|0x0000000783e00000, 0x0000000783e00000, 0x0000000783f00000|  0%| F|  |TAMS 0x0000000783e00000, 0x0000000783e00000| Untracked 
|  63|0x0000000783f00000, 0x0000000783f00000, 0x0000000784000000|  0%| F|  |TAMS 0x0000000783f00000, 0x0000000783f00000| Untracked 
|  64|0x0000000784000000, 0x0000000784000000, 0x0000000784100000|  0%| F|  |TAMS 0x0000000784000000, 0x0000000784000000| Untracked 
|  65|0x0000000784100000, 0x0000000784100000, 0x0000000784200000|  0%| F|  |TAMS 0x0000000784100000, 0x0000000784100000| Untracked 
|  66|0x0000000784200000, 0x0000000784200000, 0x0000000784300000|  0%| F|  |TAMS 0x0000000784200000, 0x0000000784200000| Untracked 
|  67|0x0000000784300000, 0x0000000784300000, 0x0000000784400000|  0%| F|  |TAMS 0x0000000784300000, 0x0000000784300000| Untracked 
|  68|0x0000000784400000, 0x0000000784400000, 0x0000000784500000|  0%| F|  |TAMS 0x0000000784400000, 0x0000000784400000| Untracked 
|  69|0x0000000784500000, 0x0000000784500000, 0x0000000784600000|  0%| F|  |TAMS 0x0000000784500000, 0x0000000784500000| Untracked 
|  70|0x0000000784600000, 0x0000000784600000, 0x0000000784700000|  0%| F|  |TAMS 0x0000000784600000, 0x0000000784600000| Untracked 
|  71|0x0000000784700000, 0x0000000784700000, 0x0000000784800000|  0%| F|  |TAMS 0x0000000784700000, 0x0000000784700000| Untracked 
|  72|0x0000000784800000, 0x0000000784800000, 0x0000000784900000|  0%| F|  |TAMS 0x0000000784800000, 0x0000000784800000| Untracked 
|  73|0x0000000784900000, 0x0000000784900000, 0x0000000784a00000|  0%| F|  |TAMS 0x0000000784900000, 0x0000000784900000| Untracked 
|  74|0x0000000784a00000, 0x0000000784a00000, 0x0000000784b00000|  0%| F|  |TAMS 0x0000000784a00000, 0x0000000784a00000| Untracked 
|  75|0x0000000784b00000, 0x0000000784b00000, 0x0000000784c00000|  0%| F|  |TAMS 0x0000000784b00000, 0x0000000784b00000| Untracked 
|  76|0x0000000784c00000, 0x0000000784c00000, 0x0000000784d00000|  0%| F|  |TAMS 0x0000000784c00000, 0x0000000784c00000| Untracked 
|  77|0x0000000784d00000, 0x0000000784d4c2d8, 0x0000000784e00000| 29%| E|  |TAMS 0x0000000784d00000, 0x0000000784d00000| Complete 
|  78|0x0000000784e00000, 0x0000000784f00000, 0x0000000784f00000|100%| E|CS|TAMS 0x0000000784e00000, 0x0000000784e00000| Complete 
|  79|0x0000000784f00000, 0x0000000785000000, 0x0000000785000000|100%| E|CS|TAMS 0x0000000784f00000, 0x0000000784f00000| Complete 
|  80|0x0000000785000000, 0x0000000785100000, 0x0000000785100000|100%| E|CS|TAMS 0x0000000785000000, 0x0000000785000000| Complete 
|  81|0x0000000785100000, 0x0000000785200000, 0x0000000785200000|100%| E|CS|TAMS 0x0000000785100000, 0x0000000785100000| Complete 
|  82|0x0000000785200000, 0x0000000785300000, 0x0000000785300000|100%| E|CS|TAMS 0x0000000785200000, 0x0000000785200000| Complete 
| 106|0x0000000786a00000, 0x0000000786b00000, 0x0000000786b00000|100%| E|CS|TAMS 0x0000000786a00000, 0x0000000786a00000| Complete 
| 107|0x0000000786b00000, 0x0000000786c00000, 0x0000000786c00000|100%| E|CS|TAMS 0x0000000786b00000, 0x0000000786b00000| Complete 
| 108|0x0000000786c00000, 0x0000000786d00000, 0x0000000786d00000|100%| E|CS|TAMS 0x0000000786c00000, 0x0000000786c00000| Complete 
| 109|0x0000000786d00000, 0x0000000786e00000, 0x0000000786e00000|100%| E|CS|TAMS 0x0000000786d00000, 0x0000000786d00000| Complete 
| 110|0x0000000786e00000, 0x0000000786f00000, 0x0000000786f00000|100%| E|CS|TAMS 0x0000000786e00000, 0x0000000786e00000| Complete 
| 111|0x0000000786f00000, 0x0000000787000000, 0x0000000787000000|100%| E|CS|TAMS 0x0000000786f00000, 0x0000000786f00000| Complete 
| 126|0x0000000787e00000, 0x0000000787f00000, 0x0000000787f00000|100%| E|CS|TAMS 0x0000000787e00000, 0x0000000787e00000| Complete 
| 127|0x0000000787f00000, 0x0000000788000000, 0x0000000788000000|100%| E|CS|TAMS 0x0000000787f00000, 0x0000000787f00000| Complete 
|2044|0x00000007ffc00000, 0x00000007ffd00000, 0x00000007ffd00000|100%| O|  |TAMS 0x00000007ffd00000, 0x00000007ffc00000| Untracked 
|2045|0x00000007ffd00000, 0x00000007ffe00000, 0x00000007ffe00000|100%| O|  |TAMS 0x00000007ffe00000, 0x00000007ffd00000| Untracked 
|2046|0x00000007ffe00000, 0x00000007ffe74000, 0x00000007fff00000| 45%|OA|  |TAMS 0x00000007ffe74000, 0x00000007ffe00000| Untracked 
|2047|0x00000007fff00000, 0x00000007fff74000, 0x0000000800000000| 45%|CA|  |TAMS 0x00000007fff74000, 0x00000007fff00000| Untracked 

Card table byte_map: [0x0000000100904000,0x0000000100d04000] _byte_map_base: 0x00000000fcd04000

Marking Bits (Prev, Next): (CMBitMap*) 0x000000015c00d810, (CMBitMap*) 0x000000015c00d850
 Prev Bits: [0x000000010d070000, 0x000000010f070000)
 Next Bits: [0x000000010f070000, 0x0000000111070000)

Polling page: 0x00000001002d0000

Metaspace:

Usage:
  Non-class:     41.05 MB used.
      Class:      6.81 MB used.
       Both:     47.85 MB used.

Virtual space:
  Non-class space:       64.00 MB reserved,      41.38 MB ( 65%) committed,  1 nodes.
      Class space:        1.00 GB reserved,       7.06 MB ( <1%) committed,  1 nodes.
             Both:        1.06 GB reserved,      48.44 MB (  4%) committed. 

Chunk freelists:
   Non-Class:  6.30 MB
       Class:  8.80 MB
        Both:  15.11 MB

MaxMetaspaceSize: unlimited
CompressedClassSpaceSize: 1.00 GB
Initial GC threshold: 21.00 MB
Current GC threshold: 59.19 MB
CDS: on
MetaspaceReclaimPolicy: balanced
 - commit_granule_bytes: 65536.
 - commit_granule_words: 8192.
 - virtual_space_node_default_size: 8388608.
 - enlarge_chunks_in_place: 1.
 - new_chunks_are_fully_committed: 0.
 - uncommit_free_chunks: 1.
 - use_allocation_guard: 0.
 - handle_deallocations: 1.


Internal statistics:

num_allocs_failed_limit: 6.
num_arena_births: 800.
num_arena_deaths: 0.
num_vsnodes_births: 2.
num_vsnodes_deaths: 0.
num_space_committed: 775.
num_space_uncommitted: 0.
num_chunks_returned_to_freelist: 6.
num_chunks_taken_from_freelist: 2592.
num_chunk_merges: 6.
num_chunk_splits: 1743.
num_chunks_enlarged: 1235.
num_inconsistent_stats: 0.

CodeCache: size=49152Kb used=14292Kb max_used=14292Kb free=34859Kb
 bounds [0x000000010a070000, 0x000000010ae70000, 0x000000010d070000]
 total_blobs=8693 nmethods=8081 adapters=542
 compilation: enabled
              stopped_count=0, restarted_count=0
 full_count=0

Compilation events (20 events):
Event: 14183.387 Thread 0x000000011a80fe00 8285       1       java.lang.invoke.VarHandleReferences$FieldInstanceReadWrite::setRelease (35 bytes)
Event: 14183.388 Thread 0x000000011a80fe00 nmethod 8285 0x000000010ae61690 code [0x000000010ae61880, 0x000000010ae61c38]
Event: 14183.388 Thread 0x000000011a80fe00 8288       1       org.apache.coyote.Response::action (23 bytes)
Event: 14183.388 Thread 0x000000011a80fe00 nmethod 8288 0x000000010ae61e90 code [0x000000010ae62040, 0x000000010ae621b8]
Event: 14183.388 Thread 0x000000011a80fe00 8289   !   1       org.apache.catalina.connector.Request::notifyAttributeRemoved (150 bytes)
Event: 14183.390 Thread 0x000000011a80fe00 nmethod 8289 0x000000010ae62290 code [0x000000010ae62500, 0x000000010ae62bd8]
Event: 15242.077 Thread 0x000000011a80fe00 8290   !   1       org.apache.catalina.core.ContainerBase::threadStart (145 bytes)
Event: 15242.096 Thread 0x000000011a80fe00 nmethod 8290 0x000000010ae63210 code [0x000000010ae63440, 0x000000010ae63958]
Event: 15294.213 Thread 0x000000011a80fe00 8291       1       sun.nio.ch.SelectionKeyImpl::nioReadyOps (5 bytes)
Event: 15294.217 Thread 0x000000011a80fe00 nmethod 8291 0x000000010ae63d90 code [0x000000010ae63f00, 0x000000010ae63f98]
Event: 15294.217 Thread 0x000000011a80fe00 8293       1       jdk.internal.misc.Unsafe::getAndSetInt (24 bytes)
Event: 15294.218 Thread 0x000000011a80fe00 nmethod 8293 0x000000010ae64090 code [0x000000010ae64200, 0x000000010ae64318]
Event: 15294.218 Thread 0x000000011a80fe00 8294       1       sun.nio.ch.SelectionKeyImpl::readyOps (9 bytes)
Event: 15294.218 Thread 0x000000011a80fe00 nmethod 8294 0x000000010ae64390 code [0x000000010ae64540, 0x000000010ae646b8]
Event: 15294.218 Thread 0x000000011a80fe00 8292       1       sun.nio.ch.SelectionKeyImpl::nioInterestOps (5 bytes)
Event: 15294.218 Thread 0x000000011a80fe00 nmethod 8292 0x000000010ae64790 code [0x000000010ae64900, 0x000000010ae64998]
Event: 15294.230 Thread 0x000000011a80fe00 8295       1       io.micrometer.core.instrument.MeterRegistry::more (5 bytes)
Event: 15294.230 Thread 0x000000011a80fe00 nmethod 8295 0x000000010ae64a90 code [0x000000010ae64c00, 0x000000010ae64c98]
Event: 15294.239 Thread 0x000000011a80fe00 8296       1       java.lang.invoke.VarHandleInts$FieldInstanceReadWrite::getAndSet (28 bytes)
Event: 15294.240 Thread 0x000000011a80fe00 nmethod 8296 0x000000010ae64d90 code [0x000000010ae64f40, 0x000000010ae651b8]

GC Heap History (20 events):
Event: 0.648 GC heap before
{Heap before GC invocations=2 (full 0):
 garbage-first heap   total 133120K, used 65581K [0x0000000780000000, 0x0000000800000000)
  region size 1024K, 51 young (52224K), 3 survivors (3072K)
 Metaspace       used 19441K, committed 19840K, reserved 1114112K
  class space    used 2667K, committed 2880K, reserved 1048576K
}
Event: 0.652 GC heap after
{Heap after GC invocations=3 (full 0):
 garbage-first heap   total 133120K, used 20308K [0x0000000780000000, 0x0000000800000000)
  region size 1024K, 7 young (7168K), 7 survivors (7168K)
 Metaspace       used 19441K, committed 19840K, reserved 1114112K
  class space    used 2667K, committed 2880K, reserved 1048576K
}
Event: 0.701 GC heap before
{Heap before GC invocations=3 (full 0):
 garbage-first heap   total 133120K, used 35668K [0x0000000780000000, 0x0000000800000000)
  region size 1024K, 23 young (23552K), 7 survivors (7168K)
 Metaspace       used 21134K, committed 21504K, reserved 1114112K
  class space    used 3002K, committed 3200K, reserved 1048576K
}
Event: 0.705 GC heap after
{Heap after GC invocations=4 (full 0):
 garbage-first heap   total 133120K, used 21703K [0x0000000780000000, 0x0000000800000000)
  region size 1024K, 6 young (6144K), 6 survivors (6144K)
 Metaspace       used 21134K, committed 21504K, reserved 1114112K
  class space    used 3002K, committed 3200K, reserved 1048576K
}
Event: 1.012 GC heap before
{Heap before GC invocations=5 (full 0):
 garbage-first heap   total 78848K, used 66759K [0x0000000780000000, 0x0000000800000000)
  region size 1024K, 54 young (55296K), 6 survivors (6144K)
 Metaspace       used 26014K, committed 26368K, reserved 1114112K
  class space    used 3750K, committed 3904K, reserved 1048576K
}
Event: 1.017 GC heap after
{Heap after GC invocations=6 (full 0):
 garbage-first heap   total 97280K, used 22951K [0x0000000780000000, 0x0000000800000000)
  region size 1024K, 6 young (6144K), 6 survivors (6144K)
 Metaspace       used 26014K, committed 26368K, reserved 1114112K
  class space    used 3750K, committed 3904K, reserved 1048576K
}
Event: 1.318 GC heap before
{Heap before GC invocations=6 (full 0):
 garbage-first heap   total 97280K, used 68007K [0x0000000780000000, 0x0000000800000000)
  region size 1024K, 49 young (50176K), 6 survivors (6144K)
 Metaspace       used 32902K, committed 33344K, reserved 1114112K
  class space    used 4749K, committed 4928K, reserved 1048576K
}
Event: 1.321 GC heap after
{Heap after GC invocations=7 (full 0):
 garbage-first heap   total 97280K, used 26784K [0x0000000780000000, 0x0000000800000000)
  region size 1024K, 5 young (5120K), 5 survivors (5120K)
 Metaspace       used 32902K, committed 33344K, reserved 1114112K
  class space    used 4749K, committed 4928K, reserved 1048576K
}
Event: 1.430 GC heap before
{Heap before GC invocations=7 (full 0):
 garbage-first heap   total 97280K, used 41120K [0x0000000780000000, 0x0000000800000000)
  region size 1024K, 20 young (20480K), 5 survivors (5120K)
 Metaspace       used 35593K, committed 36096K, reserved 1114112K
  class space    used 5120K, committed 5376K, reserved 1048576K
}
Event: 1.432 GC heap after
{Heap after GC invocations=8 (full 0):
 garbage-first heap   total 97280K, used 27925K [0x0000000780000000, 0x0000000800000000)
  region size 1024K, 2 young (2048K), 2 survivors (2048K)
 Metaspace       used 35593K, committed 36096K, reserved 1114112K
  class space    used 5120K, committed 5376K, reserved 1048576K
}
Event: 23.787 GC heap before
{Heap before GC invocations=9 (full 0):
 garbage-first heap   total 97280K, used 68885K [0x0000000780000000, 0x0000000800000000)
  region size 1024K, 43 young (44032K), 2 survivors (2048K)
 Metaspace       used 41608K, committed 42176K, reserved 1114112K
  class space    used 5949K, committed 6208K, reserved 1048576K
}
Event: 23.793 GC heap after
{Heap after GC invocations=10 (full 0):
 garbage-first heap   total 97280K, used 32706K [0x0000000780000000, 0x0000000800000000)
  region size 1024K, 6 young (6144K), 6 survivors (6144K)
 Metaspace       used 41608K, committed 42176K, reserved 1114112K
  class space    used 5949K, committed 6208K, reserved 1048576K
}
Event: 6102.473 GC heap before
{Heap before GC invocations=10 (full 0):
 garbage-first heap   total 97280K, used 71618K [0x0000000780000000, 0x0000000800000000)
  region size 1024K, 43 young (44032K), 6 survivors (6144K)
 Metaspace       used 48919K, committed 49472K, reserved 1114112K
  class space    used 6952K, committed 7168K, reserved 1048576K
}
Event: 6102.535 GC heap after
{Heap after GC invocations=11 (full 0):
 garbage-first heap   total 97280K, used 37981K [0x0000000780000000, 0x0000000800000000)
  region size 1024K, 4 young (4096K), 4 survivors (4096K)
 Metaspace       used 48919K, committed 49472K, reserved 1114112K
  class space    used 6952K, committed 7168K, reserved 1048576K
}
Event: 8374.546 GC heap before
{Heap before GC invocations=11 (full 0):
 garbage-first heap   total 97280K, used 72797K [0x0000000780000000, 0x0000000800000000)
  region size 1024K, 38 young (38912K), 4 survivors (4096K)
 Metaspace       used 48956K, committed 49472K, reserved 1114112K
  class space    used 6958K, committed 7168K, reserved 1048576K
}
Event: 8374.579 GC heap after
{Heap after GC invocations=12 (full 0):
 garbage-first heap   total 97280K, used 39184K [0x0000000780000000, 0x0000000800000000)
  region size 1024K, 2 young (2048K), 2 survivors (2048K)
 Metaspace       used 48956K, committed 49472K, reserved 1114112K
  class space    used 6958K, committed 7168K, reserved 1048576K
}
Event: 9655.502 GC heap before
{Heap before GC invocations=12 (full 0):
 garbage-first heap   total 97280K, used 74000K [0x0000000780000000, 0x0000000800000000)
  region size 1024K, 37 young (37888K), 2 survivors (2048K)
 Metaspace       used 48997K, committed 49600K, reserved 1114112K
  class space    used 6967K, committed 7232K, reserved 1048576K
}
Event: 9655.514 GC heap after
{Heap after GC invocations=13 (full 0):
 garbage-first heap   total 97280K, used 39024K [0x0000000780000000, 0x0000000800000000)
  region size 1024K, 2 young (2048K), 2 survivors (2048K)
 Metaspace       used 48997K, committed 49600K, reserved 1114112K
  class space    used 6967K, committed 7232K, reserved 1048576K
}
Event: 13879.761 GC heap before
{Heap before GC invocations=13 (full 0):
 garbage-first heap   total 97280K, used 75888K [0x0000000780000000, 0x0000000800000000)
  region size 1024K, 38 young (38912K), 2 survivors (2048K)
 Metaspace       used 49002K, committed 49600K, reserved 1114112K
  class space    used 6969K, committed 7232K, reserved 1048576K
}
Event: 13879.797 GC heap after
{Heap after GC invocations=14 (full 0):
 garbage-first heap   total 97280K, used 39135K [0x0000000780000000, 0x0000000800000000)
  region size 1024K, 2 young (2048K), 2 survivors (2048K)
 Metaspace       used 49002K, committed 49600K, reserved 1114112K
  class space    used 6969K, committed 7232K, reserved 1048576K
}

Dll operation events (10 events):
Event: 0.005 Loaded shared library /Users/a/Library/Java/JavaVirtualMachines/ms-17.0.17/Contents/Home/lib/libjava.dylib
Event: 0.046 Loaded shared library /Users/a/Library/Java/JavaVirtualMachines/ms-17.0.17/Contents/Home/lib/libzip.dylib
Event: 0.047 Loaded shared library /Users/a/Library/Java/JavaVirtualMachines/ms-17.0.17/Contents/Home/lib/libinstrument.dylib
Event: 0.051 Loaded shared library /Users/a/Library/Java/JavaVirtualMachines/ms-17.0.17/Contents/Home/lib/libnio.dylib
Event: 0.054 Loaded shared library /Users/a/Library/Java/JavaVirtualMachines/ms-17.0.17/Contents/Home/lib/libzip.dylib
Event: 0.104 Loaded shared library /Users/a/Library/Java/JavaVirtualMachines/ms-17.0.17/Contents/Home/lib/libnet.dylib
Event: 0.109 Loaded shared library /Users/a/Library/Java/JavaVirtualMachines/ms-17.0.17/Contents/Home/lib/libextnet.dylib
Event: 0.114 Loaded shared library /Users/a/Library/Java/JavaVirtualMachines/ms-17.0.17/Contents/Home/lib/libjimage.dylib
Event: 1.085 Loaded shared library /Users/a/Library/Java/JavaVirtualMachines/ms-17.0.17/Contents/Home/lib/libmanagement.dylib
Event: 1.086 Loaded shared library /Users/a/Library/Java/JavaVirtualMachines/ms-17.0.17/Contents/Home/lib/libmanagement_ext.dylib

Deoptimization events (20 events):
Event: 1.495 Thread 0x000000015c80b400 DEOPT PACKING pc=0x000000010a216104 sp=0x000000016fe53da0
Event: 1.495 Thread 0x000000015c80b400 DEOPT UNPACKING pc=0x000000010a0b777c sp=0x000000016fe53ad0 mode 3
Event: 1.512 Thread 0x000000015c80b400 DEOPT PACKING pc=0x000000010a7911c8 sp=0x000000016fe51fb0
Event: 1.512 Thread 0x000000015c80b400 DEOPT UNPACKING pc=0x000000010a0b777c sp=0x000000016fe51c70 mode 3
Event: 1.541 Thread 0x000000015c80b400 DEOPT PACKING pc=0x000000010a789be8 sp=0x000000016fe55cc0
Event: 1.541 Thread 0x000000015c80b400 DEOPT UNPACKING pc=0x000000010a0b777c sp=0x000000016fe559d0 mode 3
Event: 1.562 Thread 0x000000015c80b400 DEOPT PACKING pc=0x000000010a627cc8 sp=0x000000016fe55f00
Event: 1.562 Thread 0x000000015c80b400 DEOPT UNPACKING pc=0x000000010a0b777c sp=0x000000016fe55d10 mode 3
Event: 1.566 Thread 0x000000015c80b400 DEOPT PACKING pc=0x000000010a989f88 sp=0x000000016fe55f10
Event: 1.566 Thread 0x000000015c80b400 DEOPT UNPACKING pc=0x000000010a0b777c sp=0x000000016fe55c20 mode 3
Event: 1.582 Thread 0x000000015c80b400 DEOPT PACKING pc=0x000000010a9a5cfc sp=0x000000016fe55de0
Event: 1.582 Thread 0x000000015c80b400 DEOPT UNPACKING pc=0x000000010a0b777c sp=0x000000016fe55b40 mode 3
Event: 23.739 Thread 0x000000015aa17c00 DEOPT PACKING pc=0x000000010a5dd6f0 sp=0x0000000174501f70
Event: 23.739 Thread 0x000000015aa17c00 DEOPT UNPACKING pc=0x000000010a0b777c sp=0x0000000174501c60 mode 3
Event: 23.797 Thread 0x000000011a815400 DEOPT PACKING pc=0x000000010a294c54 sp=0x000000017202e100
Event: 23.797 Thread 0x000000011a815400 DEOPT UNPACKING pc=0x000000010a0b777c sp=0x000000017202df30 mode 3
Event: 23.806 Thread 0x000000015aa17c00 DEOPT PACKING pc=0x000000010a4d384c sp=0x0000000174502340
Event: 23.806 Thread 0x000000015aa17c00 DEOPT UNPACKING pc=0x000000010a0b777c sp=0x0000000174502040 mode 3
Event: 9121.001 Thread 0x000000011a809e00 DEOPT PACKING pc=0x000000010a1f6128 sp=0x0000000171e22820
Event: 9121.002 Thread 0x000000011a809e00 DEOPT UNPACKING pc=0x000000010a0b777c sp=0x0000000171e22570 mode 0

Classes loaded (20 events):
Event: 35.101 Loading class java/time/format/DateTimeFormatterBuilder$ReducedPrinterParser
Event: 35.101 Loading class java/time/format/DateTimeFormatterBuilder$ReducedPrinterParser done
Event: 35.122 Loading class org/w3c/dom/Node
Event: 35.122 Loading class org/w3c/dom/Node done
Event: 35.122 Loading class org/w3c/dom/Document
Event: 35.122 Loading class org/w3c/dom/Document done
Event: 35.142 Loading class sun/nio/cs/ISO_8859_1$Encoder
Event: 35.142 Loading class sun/nio/cs/ISO_8859_1$Encoder done
Event: 4365.175 Loading class java/util/AbstractMap$SimpleEntry
Event: 4365.175 Loading class java/util/AbstractMap$SimpleEntry done
Event: 6102.535 Loading class sun/security/ssl/Alert
Event: 6102.539 Loading class sun/security/ssl/Alert done
Event: 6102.540 Loading class sun/security/ssl/Alert$AlertConsumer
Event: 6102.540 Loading class sun/security/ssl/Alert$AlertConsumer done
Event: 6102.540 Loading class sun/security/ssl/Alert$Level
Event: 6102.540 Loading class sun/security/ssl/Alert$Level done
Event: 12713.750 Loading class javax/crypto/AEADBadTagException
Event: 12713.754 Loading class javax/crypto/BadPaddingException
Event: 12713.755 Loading class javax/crypto/BadPaddingException done
Event: 12713.755 Loading class javax/crypto/AEADBadTagException done

Classes unloaded (0 events):
No events

Classes redefined (0 events):
No events

Internal exceptions (20 events):
Event: 15294.236 Thread 0x000000015aa23800 Exception <a 'sun/nio/fs/UnixException'{0x0000000784d26cc0}> (0x0000000784d26cc0) 
thrown [src/hotspot/share/prims/jni.cpp, line 516]
Event: 15294.237 Thread 0x000000015aa23800 Exception <a 'sun/nio/fs/UnixException'{0x0000000784d275e8}> (0x0000000784d275e8) 
thrown [src/hotspot/share/prims/jni.cpp, line 516]
Event: 15294.238 Thread 0x000000015aa23800 Exception <a 'sun/nio/fs/UnixException'{0x0000000784d2d2e8}> (0x0000000784d2d2e8) 
thrown [src/hotspot/share/prims/jni.cpp, line 516]
Event: 15294.238 Thread 0x000000015aa23800 Exception <a 'sun/nio/fs/UnixException'{0x0000000784d2ea08}> (0x0000000784d2ea08) 
thrown [src/hotspot/share/prims/jni.cpp, line 516]
Event: 15294.241 Thread 0x000000015aa23800 Exception <a 'sun/nio/fs/UnixException'{0x0000000784d3aea0}> (0x0000000784d3aea0) 
thrown [src/hotspot/share/prims/jni.cpp, line 516]
Event: 15294.241 Thread 0x000000015aa23800 Exception <a 'sun/nio/fs/UnixException'{0x0000000784d3b7c8}> (0x0000000784d3b7c8) 
thrown [src/hotspot/share/prims/jni.cpp, line 516]
Event: 15294.241 Thread 0x000000015aa23800 Exception <a 'sun/nio/fs/UnixException'{0x0000000784d3c0f0}> (0x0000000784d3c0f0) 
thrown [src/hotspot/share/prims/jni.cpp, line 516]
Event: 15294.241 Thread 0x000000015aa23800 Exception <a 'sun/nio/fs/UnixException'{0x0000000784d3d838}> (0x0000000784d3d838) 
thrown [src/hotspot/share/prims/jni.cpp, line 516]
Event: 15294.241 Thread 0x000000015aa23800 Exception <a 'sun/nio/fs/UnixException'{0x0000000784d3e408}> (0x0000000784d3e408) 
thrown [src/hotspot/share/prims/jni.cpp, line 516]
Event: 15294.241 Thread 0x000000015aa23800 Exception <a 'sun/nio/fs/UnixException'{0x0000000784d3efd8}> (0x0000000784d3efd8) 
thrown [src/hotspot/share/prims/jni.cpp, line 516]
Event: 15294.241 Thread 0x000000015aa23800 Exception <a 'sun/nio/fs/UnixException'{0x0000000784d401c0}> (0x0000000784d401c0) 
thrown [src/hotspot/share/prims/jni.cpp, line 516]
Event: 15294.241 Thread 0x000000015aa23800 Exception <a 'sun/nio/fs/UnixException'{0x0000000784d41bc8}> (0x0000000784d41bc8) 
thrown [src/hotspot/share/prims/jni.cpp, line 516]
Event: 15294.241 Thread 0x000000015aa23800 Exception <a 'sun/nio/fs/UnixException'{0x0000000784d424f0}> (0x0000000784d424f0) 
thrown [src/hotspot/share/prims/jni.cpp, line 516]
Event: 15294.241 Thread 0x000000015aa23800 Exception <a 'sun/nio/fs/UnixException'{0x0000000784d42e18}> (0x0000000784d42e18) 
thrown [src/hotspot/share/prims/jni.cpp, line 516]
Event: 15294.241 Thread 0x000000015aa23800 Exception <a 'sun/nio/fs/UnixException'{0x0000000784d43ad8}> (0x0000000784d43ad8) 
thrown [src/hotspot/share/prims/jni.cpp, line 516]
Event: 15294.241 Thread 0x000000015aa23800 Exception <a 'sun/nio/fs/UnixException'{0x0000000784d446a8}> (0x0000000784d446a8) 
thrown [src/hotspot/share/prims/jni.cpp, line 516]
Event: 15294.241 Thread 0x000000015aa23800 Exception <a 'sun/nio/fs/UnixException'{0x0000000784d45278}> (0x0000000784d45278) 
thrown [src/hotspot/share/prims/jni.cpp, line 516]
Event: 15294.241 Thread 0x000000015aa23800 Exception <a 'sun/nio/fs/UnixException'{0x0000000784d46340}> (0x0000000784d46340) 
thrown [src/hotspot/share/prims/jni.cpp, line 516]
Event: 15294.241 Thread 0x000000015aa23800 Exception <a 'sun/nio/fs/UnixException'{0x0000000784d46c68}> (0x0000000784d46c68) 
thrown [src/hotspot/share/prims/jni.cpp, line 516]
Event: 15294.241 Thread 0x000000015aa23800 Exception <a 'sun/nio/fs/UnixException'{0x0000000784d47590}> (0x0000000784d47590) 
thrown [src/hotspot/share/prims/jni.cpp, line 516]

VM Operations (20 events):
Event: 14033.998 Executing VM operation: Cleanup
Event: 14033.999 Executing VM operation: Cleanup done
Event: 14035.000 Executing VM operation: Cleanup
Event: 14035.000 Executing VM operation: Cleanup done
Event: 14036.003 Executing VM operation: Cleanup
Event: 14036.003 Executing VM operation: Cleanup done
Event: 14076.125 Executing VM operation: Cleanup
Event: 14076.125 Executing VM operation: Cleanup done
Event: 14076.225 Executing VM operation: HandshakeAllThreads
Event: 14076.225 Executing VM operation: HandshakeAllThreads done
Event: 14078.233 Executing VM operation: Cleanup
Event: 14078.233 Executing VM operation: Cleanup done
Event: 14136.420 Executing VM operation: HandshakeAllThreads
Event: 14136.421 Executing VM operation: HandshakeAllThreads done
Event: 14181.544 Executing VM operation: Cleanup
Event: 14181.544 Executing VM operation: Cleanup done
Event: 14183.550 Executing VM operation: Cleanup
Event: 14183.550 Executing VM operation: Cleanup done
Event: 14196.603 Executing VM operation: HandshakeAllThreads
Event: 14196.603 Executing VM operation: HandshakeAllThreads done

Memory protections (20 events):
Event: 12783.443 Protecting memory [0x0000000171c20000,0x0000000171c2c000] with protection modes 0
Event: 12843.458 Protecting memory [0x0000000171c20000,0x0000000171c2c000] with protection modes 3
Event: 13248.325 Protecting memory [0x0000000171c20000,0x0000000171c2c000] with protection modes 0
Event: 13249.147 Protecting memory [0x0000000171c20000,0x0000000171c2c000] with protection modes 3
Event: 13249.152 Protecting memory [0x0000000171c20000,0x0000000171c2c000] with protection modes 0
Event: 13309.164 Protecting memory [0x0000000171c20000,0x0000000171c2c000] with protection modes 3
Event: 13880.018 Protecting memory [0x0000000171c20000,0x0000000171c2c000] with protection modes 0
Event: 13883.413 Protecting memory [0x0000000171c20000,0x0000000171c2c000] with protection modes 3
Event: 13883.418 Protecting memory [0x0000000171c20000,0x0000000171c2c000] with protection modes 0
Event: 13943.432 Protecting memory [0x0000000171c20000,0x0000000171c2c000] with protection modes 3
Event: 14035.003 Protecting memory [0x0000000171c20000,0x0000000171c2c000] with protection modes 0
Event: 14035.919 Protecting memory [0x0000000171c20000,0x0000000171c2c000] with protection modes 3
Event: 14035.926 Protecting memory [0x0000000171c20000,0x0000000171c2c000] with protection modes 0
Event: 14076.608 Protecting memory [0x0000000172244000,0x0000000172250000] with protection modes 0
Event: 14077.483 Protecting memory [0x0000000172244000,0x0000000172250000] with protection modes 3
Event: 14137.503 Protecting memory [0x0000000171c20000,0x0000000171c2c000] with protection modes 3
Event: 14182.542 Protecting memory [0x0000000171c20000,0x0000000171c2c000] with protection modes 0
Event: 14183.344 Protecting memory [0x0000000171c20000,0x0000000171c2c000] with protection modes 3
Event: 14183.351 Protecting memory [0x0000000171c20000,0x0000000171c2c000] with protection modes 0
Event: 14243.368 Protecting memory [0x0000000171c20000,0x0000000171c2c000] with protection modes 3

Nmethod flushes (0 events):
No events

Events (20 events):
Event: 12783.443 Thread 0x000000015aa21a00 Thread added: 0x000000015c388000
Event: 12843.459 Thread 0x000000015c388000 Thread exited: 0x000000015c388000
Event: 13248.325 Thread 0x000000015aa23800 Thread added: 0x000000013a827000
Event: 13249.147 Thread 0x000000013a827000 Thread exited: 0x000000013a827000
Event: 13249.152 Thread 0x000000015aa23800 Thread added: 0x000000015c388000
Event: 13309.165 Thread 0x000000015c388000 Thread exited: 0x000000015c388000
Event: 13880.018 Thread 0x000000015c1d7200 Thread added: 0x000000015c2ad600
Event: 13883.413 Thread 0x000000015c2ad600 Thread exited: 0x000000015c2ad600
Event: 13883.418 Thread 0x000000015c1d7200 Thread added: 0x000000015c386000
Event: 13943.433 Thread 0x000000015c386000 Thread exited: 0x000000015c386000
Event: 14035.003 Thread 0x000000015aa23e00 Thread added: 0x000000011b025c00
Event: 14035.919 Thread 0x000000011b025c00 Thread exited: 0x000000011b025c00
Event: 14035.926 Thread 0x000000015aa23e00 Thread added: 0x000000013a824000
Event: 14076.608 Thread 0x000000015aa17c00 Thread added: 0x000000013a824600
Event: 14077.483 Thread 0x000000013a824600 Thread exited: 0x000000013a824600
Event: 14137.503 Thread 0x000000013a824000 Thread exited: 0x000000013a824000
Event: 14182.542 Thread 0x000000015aa21a00 Thread added: 0x000000015c386000
Event: 14183.344 Thread 0x000000015c386000 Thread exited: 0x000000015c386000
Event: 14183.351 Thread 0x000000015aa21a00 Thread added: 0x000000013a824000
Event: 14243.368 Thread 0x000000013a824000 Thread exited: 0x000000013a824000


Dynamic libraries:
0x000000010027c000 	/Users/a/Library/Java/JavaVirtualMachines/ms-17.0.17/Contents/Home/lib/libjli.dylib
0x00000001b8bce000 	/System/Library/Frameworks/Cocoa.framework/Versions/A/Cocoa
0x00000001a0395000 	/System/Library/Frameworks/AppKit.framework/Versions/C/AppKit
0x00000001a3684000 	/System/Library/Frameworks/CoreData.framework/Versions/A/CoreData
0x000000019da1d000 	/System/Library/Frameworks/Foundation.framework/Versions/C/Foundation
0x00000001aa601000 	/usr/lib/libSystem.B.dylib
0x00000001a1827000 	/System/Library/PrivateFrameworks/UIFoundation.framework/Versions/A/UIFoundation
0x000000024a937000 	/System/Library/PrivateFrameworks/CollectionViewCore.framework/Versions/A/CollectionViewCore
0x00000001b1bf4000 	/System/Library/PrivateFrameworks/RemoteViewServices.framework/Versions/A/RemoteViewServices
0x00000001a8195000 	/System/Library/PrivateFrameworks/XCTTargetBootstrap.framework/Versions/A/XCTTargetBootstrap
0x00000001acdcb000 	/System/Library/PrivateFrameworks/InternationalSupport.framework/Versions/A/InternationalSupport
0x00000001ad122000 	/System/Library/PrivateFrameworks/UserActivity.framework/Versions/A/UserActivity
0x00000002793a7000 	/System/Library/PrivateFrameworks/UIIntelligenceSupport.framework/Versions/A/UIIntelligenceSupport
0x000000020331d000 	/System/Library/Frameworks/SwiftUICore.framework/Versions/A/SwiftUICore
0x000000027e420000 	/System/Library/PrivateFrameworks/WritingTools.framework/Versions/A/WritingTools
0x000000027d468000 	/System/Library/PrivateFrameworks/WindowManagement.framework/Versions/A/WindowManagement
0x000000019d681000 	/System/Library/Frameworks/SystemConfiguration.framework/Versions/A/SystemConfiguration
0x00000001ac22f000 	/usr/lib/libspindump.dylib
0x00000001a19d9000 	/System/Library/Frameworks/UniformTypeIdentifiers.framework/Versions/A/UniformTypeIdentifiers
0x00000001a99f3000 	/usr/lib/libbsm.0.dylib
0x00000001a5c18000 	/usr/lib/libapp_launch_measurement.dylib
0x00000001a4fc1000 	/System/Library/PrivateFrameworks/CoreAnalytics.framework/Versions/A/CoreAnalytics
0x00000001a5c1c000 	/System/Library/PrivateFrameworks/CoreAutoLayout.framework/Versions/A/CoreAutoLayout
0x00000001a77af000 	/System/Library/Frameworks/Metal.framework/Versions/A/Metal
0x00000001a89d3000 	/usr/lib/liblangid.dylib
0x00000001a819b000 	/System/Library/PrivateFrameworks/CoreSVG.framework/Versions/A/CoreSVG
0x00000001a23ff000 	/System/Library/PrivateFrameworks/SkyLight.framework/Versions/A/SkyLight
0x00000001a2925000 	/System/Library/Frameworks/CoreGraphics.framework/Versions/A/CoreGraphics
0x00000001b22d3000 	/System/Library/Frameworks/Accelerate.framework/Versions/A/Accelerate
0x00000001ac072000 	/System/Library/PrivateFrameworks/IconServices.framework/Versions/A/IconServices
0x00000001a778c000 	/System/Library/Frameworks/IOSurface.framework/Versions/A/IOSurface
0x00000001a4ff2000 	/usr/lib/libDiagnosticMessagesClient.dylib
0x00000001aa54b000 	/usr/lib/libz.1.dylib
0x00000001b61e6000 	/System/Library/Frameworks/ApplicationServices.framework/Versions/A/ApplicationServices
0x00000001a8180000 	/System/Library/PrivateFrameworks/DFRFoundation.framework/Versions/A/DFRFoundation
0x000000019fbfa000 	/usr/lib/libicucore.A.dylib
0x00000001ae1a9000 	/System/Library/Frameworks/AudioToolbox.framework/Versions/A/AudioToolbox
0x00000001ad0d3000 	/System/Library/PrivateFrameworks/DataDetectorsCore.framework/Versions/A/DataDetectorsCore
0x00000001c913d000 	/System/Library/PrivateFrameworks/TextInput.framework/Versions/A/TextInput
0x00000001a234a000 	/usr/lib/libMobileGestalt.dylib
0x00000001a7e79000 	/System/Library/Frameworks/Carbon.framework/Versions/A/Frameworks/HIToolbox.framework/Versions/A/HIToolbox
0x00000001a54f9000 	/System/Library/Frameworks/QuartzCore.framework/Versions/A/QuartzCore
0x000000019f7ef000 	/System/Library/Frameworks/Security.framework/Versions/A/Security
0x00000001b1c30000 	/System/Library/Frameworks/Carbon.framework/Versions/A/Frameworks/SpeechRecognition.framework/Versions/A/SpeechRecognition
0x00000001a591f000 	/System/Library/PrivateFrameworks/CoreUI.framework/Versions/A/CoreUI
0x000000019f0ba000 	/System/Library/Frameworks/CoreAudio.framework/Versions/A/CoreAudio
0x00000001a50e0000 	/System/Library/Frameworks/DiskArbitration.framework/Versions/A/DiskArbitration
0x00000001ac698000 	/System/Library/PrivateFrameworks/MultitouchSupport.framework/Versions/A/MultitouchSupport
0x00000001a2348000 	/usr/lib/libenergytrace.dylib
0x00000001bd4e3000 	/System/Library/PrivateFrameworks/RenderBox.framework/Versions/A/RenderBox
0x00000001a0245000 	/System/Library/Frameworks/IOKit.framework/Versions/A/IOKit
0x00000001b2027000 	/System/Library/Frameworks/CoreServices.framework/Versions/A/CoreServices
0x00000001a5ba9000 	/System/Library/PrivateFrameworks/PerformanceAnalysis.framework/Versions/A/PerformanceAnalysis
0x00000001fcced000 	/System/Library/Frameworks/OpenGL.framework/Versions/A/OpenGL
0x00000001a5c66000 	/usr/lib/libxml2.2.dylib
0x00000001a98d7000 	/System/Library/PrivateFrameworks/MobileKeyBag.framework/Versions/A/MobileKeyBag
0x000000019bfc4000 	/usr/lib/libobjc.A.dylib
0x000000019c2d1000 	/usr/lib/libc++.1.dylib
0x00000001b1fa8000 	/System/Library/Frameworks/Accessibility.framework/Versions/A/Accessibility
0x00000001a3055000 	/System/Library/Frameworks/ColorSync.framework/Versions/A/ColorSync
0x000000019c42d000 	/System/Library/Frameworks/CoreFoundation.framework/Versions/A/CoreFoundation
0x00000001a8555000 	/System/Library/Frameworks/CoreImage.framework/Versions/A/CoreImage
0x000000019ee9b000 	/System/Library/Frameworks/CoreText.framework/Versions/A/CoreText
0x00000001fe232000 	/System/Library/Frameworks/CoreTransferable.framework/Versions/A/CoreTransferable
0x00000001fe7b6000 	/System/Library/Frameworks/DataDetection.framework/Versions/A/DataDetection
0x00000001fe7b9000 	/System/Library/Frameworks/DeveloperToolsSupport.framework/Versions/A/DeveloperToolsSupport
0x00000001a81d6000 	/System/Library/Frameworks/ImageIO.framework/Versions/A/ImageIO
0x0000000203ee0000 	/System/Library/Frameworks/Symbols.framework/Versions/A/Symbols
0x00000001f04fc000 	/System/Library/PrivateFrameworks/FeatureFlags.framework/Versions/A/FeatureFlags
0x00000001aa606000 	/System/Library/PrivateFrameworks/SoftLinking.framework/Versions/A/SoftLinking
0x00000001dbe10000 	/usr/lib/swift/libswiftAccelerate.dylib
0x00000001adb3e000 	/usr/lib/swift/libswiftCore.dylib
0x00000001c57e6000 	/usr/lib/swift/libswiftCoreFoundation.dylib
0x00000001c5840000 	/usr/lib/swift/libswiftCoreImage.dylib
0x00000001c2bfa000 	/usr/lib/swift/libswiftDarwin.dylib
0x0000000285035000 	/usr/lib/swift/libswiftDataDetection.dylib
0x00000001b3b1f000 	/usr/lib/swift/libswiftDispatch.dylib
0x00000001c5841000 	/usr/lib/swift/libswiftIOKit.dylib
0x00000001d2397000 	/usr/lib/swift/libswiftMetal.dylib
0x00000001e136d000 	/usr/lib/swift/libswiftOSLog.dylib
0x00000001b678c000 	/usr/lib/swift/libswiftObjectiveC.dylib
0x0000000285062000 	/usr/lib/swift/libswiftObservation.dylib
0x00000001d77be000 	/usr/lib/swift/libswiftQuartzCore.dylib
0x00000001dbe01000 	/usr/lib/swift/libswiftUniformTypeIdentifiers.dylib
0x00000001c57f8000 	/usr/lib/swift/libswiftXPC.dylib
0x0000000285148000 	/usr/lib/swift/libswift_Builtin_float.dylib
0x000000028514b000 	/usr/lib/swift/libswift_Concurrency.dylib
0x00000002852aa000 	/usr/lib/swift/libswift_StringProcessing.dylib
0x000000028533d000 	/usr/lib/swift/libswift_errno.dylib
0x000000028533f000 	/usr/lib/swift/libswift_math.dylib
0x0000000285342000 	/usr/lib/swift/libswift_signal.dylib
0x0000000285343000 	/usr/lib/swift/libswift_stdio.dylib
0x0000000285344000 	/usr/lib/swift/libswift_time.dylib
0x00000001b6790000 	/usr/lib/swift/libswiftos.dylib
0x00000001c9094000 	/usr/lib/swift/libswiftsimd.dylib
0x0000000285345000 	/usr/lib/swift/libswiftsys_time.dylib
0x0000000285346000 	/usr/lib/swift/libswiftunistd.dylib
0x00000001aa82e000 	/usr/lib/libcompression.dylib
0x00000001acd2b000 	/System/Library/PrivateFrameworks/TextureIO.framework/Versions/A/TextureIO
0x00000001abd11000 	/usr/lib/libate.dylib
0x00000001aa5fb000 	/usr/lib/system/libcache.dylib
0x00000001aa5b6000 	/usr/lib/system/libcommonCrypto.dylib
0x00000001aa5e1000 	/usr/lib/system/libcompiler_rt.dylib
0x00000001aa5d6000 	/usr/lib/system/libcopyfile.dylib
0x000000019c11f000 	/usr/lib/system/libcorecrypto.dylib
0x000000019c205000 	/usr/lib/system/libdispatch.dylib
0x000000019c3c5000 	/usr/lib/system/libdyld.dylib
0x00000001aa5f1000 	/usr/lib/system/libkeymgr.dylib
0x00000001aa599000 	/usr/lib/system/libmacho.dylib
0x00000001a99cc000 	/usr/lib/system/libquarantine.dylib
0x00000001aa5ee000 	/usr/lib/system/libremovefile.dylib
0x00000001a23c4000 	/usr/lib/system/libsystem_asl.dylib
0x000000019c0b4000 	/usr/lib/system/libsystem_blocks.dylib
0x000000019c24f000 	/usr/lib/system/libsystem_c.dylib
0x00000001aa5e5000 	/usr/lib/system/libsystem_collections.dylib
0x00000001a89c0000 	/usr/lib/system/libsystem_configuration.dylib
0x00000001a775b000 	/usr/lib/system/libsystem_containermanager.dylib
0x00000001aa0dc000 	/usr/lib/system/libsystem_coreservices.dylib
0x000000019fec6000 	/usr/lib/system/libsystem_darwin.dylib
0x000000028547d000 	/usr/lib/system/libsystem_darwindirectory.dylib
0x00000001aa5f2000 	/usr/lib/system/libsystem_dnssd.dylib
0x0000000285481000 	/usr/lib/system/libsystem_eligibility.dylib
0x000000019c24c000 	/usr/lib/system/libsystem_featureflags.dylib
0x000000019c3fd000 	/usr/lib/system/libsystem_info.dylib
0x00000001aa55a000 	/usr/lib/system/libsystem_m.dylib
0x000000019c1be000 	/usr/lib/system/libsystem_malloc.dylib
0x00000001a232d000 	/usr/lib/system/libsystem_networkextension.dylib
0x00000001a0328000 	/usr/lib/system/libsystem_notify.dylib
0x00000001a89c5000 	/usr/lib/system/libsystem_sandbox.dylib
0x0000000285489000 	/usr/lib/system/libsystem_sanitizers.dylib
0x00000001aa5ea000 	/usr/lib/system/libsystem_secinit.dylib
0x000000019c37c000 	/usr/lib/system/libsystem_kernel.dylib
0x000000019c3f5000 	/usr/lib/system/libsystem_platform.dylib
0x000000019c3b8000 	/usr/lib/system/libsystem_pthread.dylib
0x00000001a3f1e000 	/usr/lib/system/libsystem_symptoms.dylib
0x000000019c103000 	/usr/lib/system/libsystem_trace.dylib
0x00000001aa5c4000 	/usr/lib/system/libunwind.dylib
0x000000019c0b8000 	/usr/lib/system/libxpc.dylib
0x000000019c35e000 	/usr/lib/libc++abi.dylib
0x0000000284055000 	/usr/lib/libRosetta.dylib
0x00000001a01c4000 	/System/Library/PrivateFrameworks/CoreServicesInternal.framework/Versions/A/CoreServicesInternal
0x00000001aa5ce000 	/usr/lib/liboah.dylib
0x00000001aa603000 	/usr/lib/libfakelink.dylib
0x00000001b5c99000 	/System/Library/PrivateFrameworks/DiskImages.framework/Versions/A/DiskImages
0x00000001c2723000 	/System/Library/Frameworks/NetFS.framework/Versions/A/NetFS
0x00000001a1f62000 	/System/Library/Frameworks/CFNetwork.framework/Versions/A/CFNetwork
0x00000001a5be0000 	/System/Library/Frameworks/CoreServices.framework/Versions/A/Frameworks/FSEvents.framework/Versions/A/FSEvents
0x000000019fed1000 	/System/Library/Frameworks/CoreServices.framework/Versions/A/Frameworks/CarbonCore.framework/Versions/A/CarbonCore
0x00000001a5055000 	/System/Library/Frameworks/CoreServices.framework/Versions/A/Frameworks/Metadata.framework/Versions/A/Metadata
0x00000001aa0e3000 	/System/Library/Frameworks/CoreServices.framework/Versions/A/Frameworks/OSServices.framework/Versions/A/OSServices
0x00000001aa750000 	/System/Library/Frameworks/CoreServices.framework/Versions/A/Frameworks/SearchKit.framework/Versions/A/SearchKit
0x00000001a3e99000 	/System/Library/Frameworks/CoreServices.framework/Versions/A/Frameworks/AE.framework/Versions/A/AE
0x000000019c96c000 	/System/Library/Frameworks/CoreServices.framework/Versions/A/Frameworks/LaunchServices.framework/Versions/A/LaunchServices
0x00000001abb66000 	/System/Library/Frameworks/CoreServices.framework/Versions/A/Frameworks/DictionaryServices.framework/Versions/A/DictionaryServices
0x00000001a5bee000 	/System/Library/Frameworks/CoreServices.framework/Versions/A/Frameworks/SharedFileList.framework/Versions/A/SharedFileList
0x00000001aa7e5000 	/usr/lib/libapple_nghttp2.dylib
0x00000001a3afa000 	/usr/lib/libsqlite3.dylib
0x00000001ae821000 	/System/Library/Frameworks/GSS.framework/Versions/A/GSS
0x00000001a3e30000 	/System/Library/PrivateFrameworks/RunningBoardServices.framework/Versions/A/RunningBoardServices
0x00000001a3f27000 	/System/Library/Frameworks/Network.framework/Versions/A/Network
0x00000001aa59d000 	/usr/lib/system/libkxld.dylib
0x00000002464f1000 	/System/Library/PrivateFrameworks/AppleKeyStore.framework/Versions/A/AppleKeyStore
0x0000000283ead000 	/usr/lib/libCoreEntitlements.dylib
0x000000026192d000 	/System/Library/PrivateFrameworks/MessageSecurity.framework/Versions/A/MessageSecurity
0x00000001a3adf000 	/System/Library/PrivateFrameworks/ProtocolBuffer.framework/Versions/A/ProtocolBuffer
0x00000001aa0c3000 	/System/Library/PrivateFrameworks/AppleFSCompression.framework/Versions/A/AppleFSCompression
0x00000001a99db000 	/usr/lib/libcoretls.dylib
0x00000001abbdc000 	/usr/lib/libcoretls_cfhelpers.dylib
0x00000001aa828000 	/usr/lib/libpam.2.dylib
0x00000001abc50000 	/usr/lib/libxar.1.dylib
0x00000001aa658000 	/usr/lib/libarchive.2.dylib
0x00000001aff23000 	/System/Library/Frameworks/Combine.framework/Versions/A/Combine
0x000000024a95b000 	/System/Library/PrivateFrameworks/CollectionsInternal.framework/Versions/A/CollectionsInternal
0x000000026a954000 	/System/Library/PrivateFrameworks/ReflectionInternal.framework/Versions/A/ReflectionInternal
0x000000026b626000 	/System/Library/PrivateFrameworks/RuntimeInternal.framework/Versions/A/RuntimeInternal
0x00000002850d9000 	/usr/lib/swift/libswiftSystem.dylib
0x00000001a89ce000 	/System/Library/PrivateFrameworks/AppleSystemInfo.framework/Versions/A/AppleSystemInfo
0x00000001c56d1000 	/System/Library/PrivateFrameworks/LoggingSupport.framework/Versions/A/LoggingSupport
0x00000001b2fe0000 	/System/Library/PrivateFrameworks/PowerLog.framework/Versions/A/PowerLog
0x00000002031e2000 	/System/Library/Frameworks/SwiftData.framework/Versions/A/SwiftData
0x00000001a5df1000 	/System/Library/PrivateFrameworks/UserManagement.framework/Versions/A/UserManagement
0x00000001a1e90000 	/usr/lib/libboringssl.dylib
0x00000001a3f0d000 	/usr/lib/libdns_services.dylib
0x00000001c4885000 	/usr/lib/libquic.dylib
0x00000001adacd000 	/usr/lib/libusrtcp.dylib
0x00000001e91d7000 	/System/Library/PrivateFrameworks/InternalSwiftProtobuf.framework/Versions/A/InternalSwiftProtobuf
0x0000000285036000 	/usr/lib/swift/libswiftDistributed.dylib
0x00000002850cf000 	/usr/lib/swift/libswiftSynchronization.dylib
0x00000001a1f61000 	/usr/lib/libnetwork.dylib
0x00000001d63fd000 	/System/Library/PrivateFrameworks/OSAnalytics.framework/Versions/A/OSAnalytics
0x00000001aa7c0000 	/System/Library/PrivateFrameworks/AppleSauce.framework/Versions/A/AppleSauce
0x00000001b42b5000 	/System/Library/PrivateFrameworks/CoreSymbolication.framework/Versions/A/CoreSymbolication
0x00000001e4ea3000 	/System/Library/PrivateFrameworks/Symbolication.framework/Versions/A/Symbolication
0x00000001b4291000 	/System/Library/PrivateFrameworks/DebugSymbols.framework/Versions/A/DebugSymbols
0x0000000283d78000 	/usr/lib/libAppleArchive.dylib
0x00000001aa0cf000 	/usr/lib/libbz2.1.0.dylib
0x00000001abbbd000 	/usr/lib/liblzma.5.dylib
0x00000001a96cb000 	/System/Library/PrivateFrameworks/IOMobileFramebuffer.framework/Versions/A/IOMobileFramebuffer
0x00000001c575a000 	/System/Library/PrivateFrameworks/MallocStackLogging.framework/Versions/A/MallocStackLogging
0x00000001abdab000 	/System/Library/PrivateFrameworks/CrashReporterSupport.framework/Versions/A/CrashReporterSupport
0x000000019d478000 	/System/Library/PrivateFrameworks/Lexicon.framework/Versions/A/Lexicon
0x0000000259c7d000 	/System/Library/PrivateFrameworks/IO80211.framework/Versions/A/IO80211
0x00000001b3db7000 	/System/Library/PrivateFrameworks/FrontBoardServices.framework/Versions/A/FrontBoardServices
0x00000001a9903000 	/System/Library/Frameworks/SecurityFoundation.framework/Versions/A/SecurityFoundation
0x00000001a9a65000 	/usr/lib/libgermantok.dylib
0x00000001a8af2000 	/System/Library/PrivateFrameworks/LinguisticData.framework/Versions/A/LinguisticData
0x00000001a3d4b000 	/System/Library/PrivateFrameworks/BaseBoard.framework/Versions/A/BaseBoard
0x00000001b3e84000 	/System/Library/PrivateFrameworks/BoardServices.framework/Versions/A/BoardServices
0x00000001a98f4000 	/System/Library/PrivateFrameworks/AssertionServices.framework/Versions/A/AssertionServices
0x00000001b5ad4000 	/System/Library/PrivateFrameworks/BackBoardServices.framework/Versions/A/BackBoardServices
0x00000001a7ba6000 	/System/Library/PrivateFrameworks/FontServices.framework/libFontParser.dylib
0x00000001a23dc000 	/System/Library/PrivateFrameworks/TCC.framework/Versions/A/TCC
0x00000001b966f000 	/System/Library/PrivateFrameworks/IOSurfaceAccelerator.framework/Versions/A/IOSurfaceAccelerator
0x00000001ac696000 	/System/Library/PrivateFrameworks/WatchdogClient.framework/Versions/A/WatchdogClient
0x000000019e9c2000 	/System/Library/Frameworks/CoreDisplay.framework/Versions/A/CoreDisplay
0x00000001a7a4a000 	/System/Library/Frameworks/CoreMedia.framework/Versions/A/CoreMedia
0x00000001a77a5000 	/System/Library/PrivateFrameworks/IOAccelerator.framework/Versions/A/IOAccelerator
0x00000001a5d50000 	/System/Library/Frameworks/CoreVideo.framework/Versions/A/CoreVideo
0x00000001aa826000 	/System/Library/Frameworks/MetalPerformanceShaders.framework/Versions/A/MetalPerformanceShaders
0x0000000269ca5000 	/System/Library/PrivateFrameworks/ProDisplayLibrary.framework/Versions/A/ProDisplayLibrary
0x00000001ac6de000 	/System/Library/Frameworks/VideoToolbox.framework/Versions/A/VideoToolbox
0x00000001a89cc000 	/System/Library/PrivateFrameworks/AggregateDictionary.framework/Versions/A/AggregateDictionary
0x00000001abbde000 	/System/Library/PrivateFrameworks/APFS.framework/Versions/A/APFS
0x00000001abc5f000 	/usr/lib/libutil.dylib
0x0000000274b64000 	/System/Library/PrivateFrameworks/SwiftASN1Internal.framework/Versions/A/SwiftASN1Internal
0x00000001a50e9000 	/System/Library/Frameworks/Accelerate.framework/Versions/A/Frameworks/vImage.framework/Versions/A/vImage
0x00000001b2002000 	/System/Library/Frameworks/Accelerate.framework/Versions/A/Frameworks/vecLib.framework/Versions/A/vecLib
0x00000001abc97000 	/System/Library/Frameworks/Accelerate.framework/Versions/A/Frameworks/vecLib.framework/Versions/A/libvMisc.dylib
0x000000019cde4000 	/System/Library/Frameworks/Accelerate.framework/Versions/A/Frameworks/vecLib.framework/Versions/A/libBLAS.dylib
0x00000001ae3f8000 	/System/Library/Frameworks/ApplicationServices.framework/Versions/A/Frameworks/ATS.framework/Versions/A/ATS
0x00000001a320b000 	/System/Library/Frameworks/ApplicationServices.framework/Versions/A/Frameworks/HIServices.framework/Versions/A/HIServices
0x00000001accb4000 	/System/Library/Frameworks/ApplicationServices.framework/Versions/A/Frameworks/PrintCore.framework/Versions/A/PrintCore
0x00000001ae7eb000 	/System/Library/Frameworks/ApplicationServices.framework/Versions/A/Frameworks/QD.framework/Versions/A/QD
0x00000001ae7e2000 	/System/Library/Frameworks/ApplicationServices.framework/Versions/A/Frameworks/ColorSyncLegacy.framework/Versions/A/ColorSyncLegacy
0x00000001ae3ca000 	/System/Library/Frameworks/ApplicationServices.framework/Versions/A/Frameworks/SpeechSynthesis.framework/Versions/A/SpeechSynthesis
0x00000001a9698000 	/System/Library/PrivateFrameworks/CoreEmoji.framework/Versions/A/CoreEmoji
0x0000000250d56000 	/System/Library/PrivateFrameworks/FontServices.framework/Versions/A/FontServices
0x00000001ac1e4000 	/System/Library/PrivateFrameworks/OTSVG.framework/Versions/A/OTSVG
0x00000001a58cd000 	/System/Library/Frameworks/ApplicationServices.framework/Versions/A/Frameworks/ATS.framework/Versions/A/Resources/libFontRegistry.dylib
0x0000000284439000 	/usr/lib/libhvf.dylib
0x0000000265bb3000 	/System/Library/PrivateFrameworks/ParsingInternal.framework/Versions/A/ParsingInternal
0x000000028507f000 	/usr/lib/swift/libswiftRegexBuilder.dylib
0x0000000285207000 	/usr/lib/swift/libswift_RegexParser.dylib
0x00000001ac55f000 	/System/Library/PrivateFrameworks/AppleJPEG.framework/Versions/A/AppleJPEG
0x00000001ac000000 	/usr/lib/libexpat.1.dylib
0x00000001acb8a000 	/System/Library/Frameworks/ImageIO.framework/Versions/A/Resources/libPng.dylib
0x00000001acbb5000 	/System/Library/Frameworks/ImageIO.framework/Versions/A/Resources/libTIFF.dylib
0x00000001acc9f000 	/System/Library/Frameworks/ImageIO.framework/Versions/A/Resources/libGIF.dylib
0x00000001ac5a5000 	/System/Library/Frameworks/ImageIO.framework/Versions/A/Resources/libJP2.dylib
0x00000001acc46000 	/System/Library/Frameworks/ImageIO.framework/Versions/A/Resources/libJPEG.dylib
0x00000001acc3d000 	/System/Library/Frameworks/ImageIO.framework/Versions/A/Resources/libRadiance.dylib
0x0000000255a24000 	/System/Library/PrivateFrameworks/GPUCompiler.framework/Versions/32023/Libraries/libllvm-flatbuffers.dylib
0x0000000250e21000 	/System/Library/PrivateFrameworks/FramePacing.framework/Versions/A/FramePacing
0x00000001fccdf000 	/System/Library/Frameworks/OpenGL.framework/Versions/A/Libraries/libCoreFSCache.dylib
0x0000000251996000 	/System/Library/PrivateFrameworks/GPUCompiler.framework/Versions/32023/Libraries/libGPUCompilerUtils.dylib
0x0000000250d57000 	/System/Library/PrivateFrameworks/FontServices.framework/libXTFontStaticRegistryData.dylib
0x00000001b78d5000 	/System/Library/PrivateFrameworks/ASEProcessing.framework/Versions/A/ASEProcessing
0x0000000268e14000 	/System/Library/PrivateFrameworks/PhotosensitivityProcessing.framework/Versions/A/PhotosensitivityProcessing
0x00000001ac1d8000 	/System/Library/PrivateFrameworks/GraphVisualizer.framework/Versions/A/GraphVisualizer
0x00000001fcd3d000 	/System/Library/Frameworks/OpenGL.framework/Versions/A/Libraries/libGLU.dylib
0x00000001fcd01000 	/System/Library/Frameworks/OpenGL.framework/Versions/A/Libraries/libGFXShared.dylib
0x00000001fcec9000 	/System/Library/Frameworks/OpenGL.framework/Versions/A/Libraries/libGL.dylib
0x00000001fcd0a000 	/System/Library/Frameworks/OpenGL.framework/Versions/A/Libraries/libGLImage.dylib
0x00000001fccfe000 	/System/Library/Frameworks/OpenGL.framework/Versions/A/Libraries/libCVMSPluginSupport.dylib
0x00000001fcce7000 	/System/Library/Frameworks/OpenGL.framework/Versions/A/Libraries/libCoreVMClient.dylib
0x00000001a8910000 	/System/Library/Frameworks/MetalPerformanceShaders.framework/Versions/A/Frameworks/MPSCore.framework/Versions/A/MPSCore
0x00000001aa02e000 	/System/Library/Frameworks/MetalPerformanceShaders.framework/Versions/A/Frameworks/MPSImage.framework/Versions/A/MPSImage
0x00000001a9a7d000 	/System/Library/Frameworks/MetalPerformanceShaders.framework/Versions/A/Frameworks/MPSNeuralNetwork.framework/Versions/A/MPSNeuralNetwork
0x00000001a9eb4000 	/System/Library/Frameworks/MetalPerformanceShaders.framework/Versions/A/Frameworks/MPSMatrix.framework/Versions/A/MPSMatrix
0x00000001a9cc9000 	/System/Library/Frameworks/MetalPerformanceShaders.framework/Versions/A/Frameworks/MPSRayIntersector.framework/Versions/A/MPSRayIntersector
0x00000001a9ee6000 	/System/Library/Frameworks/MetalPerformanceShaders.framework/Versions/A/Frameworks/MPSNDArray.framework/Versions/A/MPSNDArray
0x00000002005d4000 	/System/Library/Frameworks/MetalPerformanceShaders.framework/Versions/A/Frameworks/MPSFunctions.framework/Versions/A/MPSFunctions
0x00000002005b6000 	/System/Library/Frameworks/MetalPerformanceShaders.framework/Versions/A/Frameworks/MPSBenchmarkLoop.framework/Versions/A/MPSBenchmarkLoop
0x000000019cc5f000 	/System/Library/PrivateFrameworks/MetalTools.framework/Versions/A/MetalTools
0x00000001ca43a000 	/System/Library/PrivateFrameworks/IOAccelMemoryInfo.framework/Versions/A/IOAccelMemoryInfo
0x00000001d7bb3000 	/System/Library/PrivateFrameworks/kperf.framework/Versions/A/kperf
0x00000001c57c1000 	/System/Library/PrivateFrameworks/GPURawCounter.framework/Versions/A/GPURawCounter
0x00000001acc71000 	/System/Library/Frameworks/ApplicationServices.framework/Versions/A/Frameworks/ATSUI.framework/Versions/A/ATSUI
0x00000001ae776000 	/usr/lib/libcups.2.dylib
0x00000001ae810000 	/System/Library/Frameworks/Kerberos.framework/Versions/A/Kerberos
0x00000001ae476000 	/usr/lib/libresolv.9.dylib
0x00000001aa63d000 	/usr/lib/libiconv.2.dylib
0x00000001ac236000 	/System/Library/PrivateFrameworks/Heimdal.framework/Versions/A/Heimdal
0x00000001b66e3000 	/System/Library/Frameworks/Kerberos.framework/Versions/A/Libraries/libHeimdalProxy.dylib
0x00000001ac01b000 	/usr/lib/libheimdal-asn1.dylib
0x00000001a5bb3000 	/System/Library/Frameworks/OpenDirectory.framework/Versions/A/OpenDirectory
0x00000001ae873000 	/System/Library/PrivateFrameworks/CommonAuth.framework/Versions/A/CommonAuth
0x00000001a5bc1000 	/System/Library/Frameworks/OpenDirectory.framework/Versions/A/Frameworks/CFOpenDirectory.framework/Versions/A/CFOpenDirectory
0x00000001aa598000 	/usr/lib/libcharset.1.dylib
0x00000001fd265000 	/System/Library/Frameworks/AVFAudio.framework/Versions/A/AVFAudio
0x00000001beea9000 	/System/Library/PrivateFrameworks/AXCoreUtilities.framework/Versions/A/AXCoreUtilities
0x000000025d5ac000 	/System/Library/PrivateFrameworks/IsolatedCoreAudioClient.framework/Versions/A/IsolatedCoreAudioClient
0x00000001ae3b1000 	/usr/lib/libAudioStatistics.dylib
0x00000001a7a22000 	/System/Library/PrivateFrameworks/caulk.framework/Versions/A/caulk
0x000000019eae3000 	/System/Library/PrivateFrameworks/AudioToolboxCore.framework/Versions/A/AudioToolboxCore
0x00000001b89fb000 	/System/Library/Frameworks/CoreMIDI.framework/Versions/A/CoreMIDI
0x00000001ae354000 	/System/Library/PrivateFrameworks/AudioSession.framework/Versions/A/AudioSession
0x00000001afc8b000 	/System/Library/Frameworks/IOBluetooth.framework/Versions/A/IOBluetooth
0x00000001ac105000 	/System/Library/PrivateFrameworks/MediaExperience.framework/Versions/A/MediaExperience
0x000000027761f000 	/System/Library/PrivateFrameworks/Tightbeam.framework/Versions/A/Tightbeam
0x000000024b418000 	/System/Library/PrivateFrameworks/CoreAudioOrchestration.framework/Versions/A/CoreAudioOrchestration
0x00000001dc4d3000 	/System/Library/PrivateFrameworks/AFKUser.framework/Versions/A/AFKUser
0x00000001c57c5000 	/usr/lib/swift/libswiftCoreAudio.dylib
0x00000001ac225000 	/System/Library/PrivateFrameworks/AppServerSupport.framework/Versions/A/AppServerSupport
0x00000001ae7f4000 	/System/Library/PrivateFrameworks/perfdata.framework/Versions/A/perfdata
0x00000001c497e000 	/System/Library/PrivateFrameworks/SystemPolicy.framework/Versions/A/SystemPolicy
0x00000001ae695000 	/usr/lib/libSMC.dylib
0x00000001acb54000 	/usr/lib/libAudioToolboxUtility.dylib
0x00000001ae802000 	/usr/lib/libperfcheck.dylib
0x00000002472ae000 	/System/Library/PrivateFrameworks/AudioAnalytics.framework/Versions/A/AudioAnalytics
0x00000001e8f9e000 	/System/Library/Frameworks/OSLog.framework/Versions/A/OSLog
0x00000001c578c000 	/usr/lib/libmis.dylib
0x00000001ae162000 	/System/Library/PrivateFrameworks/AudioSession.framework/libSessionUtility.dylib
0x00000001acca5000 	/System/Library/PrivateFrameworks/CMCaptureCore.framework/Versions/A/CMCaptureCore
0x00000001fe906000 	/System/Library/Frameworks/ExtensionFoundation.framework/Versions/A/ExtensionFoundation
0x00000001b43c2000 	/System/Library/PrivateFrameworks/CoreTime.framework/Versions/A/CoreTime
0x00000001abeff000 	/System/Library/PrivateFrameworks/PlugInKit.framework/Versions/A/PlugInKit
0x00000001b2ee9000 	/System/Library/Frameworks/CoreBluetooth.framework/Versions/A/CoreBluetooth
0x00000001b66e4000 	/System/Library/Frameworks/AudioUnit.framework/Versions/A/AudioUnit
0x00000001a975c000 	/System/Library/PrivateFrameworks/CoreUtils.framework/Versions/A/CoreUtils
0x000000024e3bc000 	/System/Library/PrivateFrameworks/CoreUtilsExtras.framework/Versions/A/CoreUtilsExtras
0x00000001b2323000 	/System/Library/Frameworks/MediaAccessibility.framework/Versions/A/MediaAccessibility
0x00000001cddd6000 	/System/Library/PrivateFrameworks/AttributeGraph.framework/Versions/A/AttributeGraph
0x0000000283cf6000 	/usr/lib/libAXSafeCategoryBundle.dylib
0x00000001bef65000 	/usr/lib/libAccessibility.dylib
0x00000001a95a6000 	/System/Library/Frameworks/Accelerate.framework/Versions/A/Frameworks/vecLib.framework/Versions/A/libvDSP.dylib
0x00000001aa904000 	/System/Library/Frameworks/Accelerate.framework/Versions/A/Frameworks/vecLib.framework/Versions/A/libLAPACK.dylib
0x00000001a9a68000 	/System/Library/Frameworks/Accelerate.framework/Versions/A/Frameworks/vecLib.framework/Versions/A/libLinearAlgebra.dylib
0x00000001aa7ff000 	/System/Library/Frameworks/Accelerate.framework/Versions/A/Frameworks/vecLib.framework/Versions/A/libSparseBLAS.dylib
0x00000001aa8ff000 	/System/Library/Frameworks/Accelerate.framework/Versions/A/Frameworks/vecLib.framework/Versions/A/libQuadrature.dylib
0x00000001a8af9000 	/System/Library/Frameworks/Accelerate.framework/Versions/A/Frameworks/vecLib.framework/Versions/A/libBNNS.dylib
0x000000019d585000 	/System/Library/Frameworks/Accelerate.framework/Versions/A/Frameworks/vecLib.framework/Versions/A/libSparse.dylib
0x000000025ed1d000 	/System/Library/PrivateFrameworks/MIL.framework/Versions/A/MIL
0x00000001acc38000 	/System/Library/PrivateFrameworks/GPUWrangler.framework/Versions/A/GPUWrangler
0x00000001acc18000 	/System/Library/PrivateFrameworks/IOPresentment.framework/Versions/A/IOPresentment
0x00000001acc40000 	/System/Library/PrivateFrameworks/DSExternalDisplay.framework/Versions/A/DSExternalDisplay
0x00000001e93a5000 	/System/Library/PrivateFrameworks/HIDDisplay.framework/Versions/A/HIDDisplay
0x00000001be184000 	/System/Library/PrivateFrameworks/HID.framework/Versions/A/HID
0x000000027ae5b000 	/System/Library/PrivateFrameworks/VideoToolboxParavirtualizationSupport.framework/Versions/A/VideoToolboxParavirtualizationSupport
0x00000001abfb7000 	/System/Library/PrivateFrameworks/AppleVA.framework/Versions/A/AppleVA
0x00000001b3f31000 	/System/Library/PrivateFrameworks/GraphicsServices.framework/Versions/A/GraphicsServices
0x00000001ae9e6000 	/System/Library/PrivateFrameworks/CorePhoneNumbers.framework/Versions/A/CorePhoneNumbers
0x00000001b30d1000 	/System/Library/PrivateFrameworks/MediaKit.framework/Versions/A/MediaKit
0x00000001b301c000 	/System/Library/Frameworks/DiscRecording.framework/Versions/A/DiscRecording
0x00000001ae7d5000 	/System/Library/PrivateFrameworks/NetAuth.framework/Versions/A/NetAuth
0x00000001a5db1000 	/System/Library/PrivateFrameworks/login.framework/Versions/A/Frameworks/loginsupport.framework/Versions/A/loginsupport
0x00000001ac025000 	/System/Library/PrivateFrameworks/IconFoundation.framework/Versions/A/IconFoundation
0x00000001abda2000 	/usr/lib/libIOReport.dylib
0x0000000246ebe000 	/System/Library/PrivateFrameworks/AppleMobileFileIntegrity.framework/Versions/A/AppleMobileFileIntegrity
0x00000002840b8000 	/usr/lib/libTLE.dylib
0x00000001f9d3b000 	/System/Library/PrivateFrameworks/ConfigProfileHelper.framework/Versions/A/ConfigProfileHelper
0x00000001a9a05000 	/usr/lib/libmecab.dylib
0x000000019d715000 	/usr/lib/libCRFSuite.dylib
0x00000001a89d5000 	/System/Library/PrivateFrameworks/CoreNLP.framework/Versions/A/CoreNLP
0x00000001aa7b8000 	/usr/lib/libThaiTokenizer.dylib
0x00000001a99cf000 	/usr/lib/libCheckFix.dylib
0x00000001a4ff4000 	/System/Library/PrivateFrameworks/MetadataUtilities.framework/Versions/A/MetadataUtilities
0x000000025a55f000 	/System/Library/PrivateFrameworks/InstalledContentLibrary.framework/Versions/A/InstalledContentLibrary
0x00000001a0204000 	/System/Library/PrivateFrameworks/CoreServicesStore.framework/Versions/A/CoreServicesStore
0x00000001d7cbd000 	/System/Library/PrivateFrameworks/MobileSystemServices.framework/Versions/A/MobileSystemServices
0x00000001abc63000 	/usr/lib/libxslt.1.dylib
0x00000001a9992000 	/System/Library/PrivateFrameworks/BackgroundTaskManagement.framework/Versions/A/BackgroundTaskManagement
0x00000001b5e57000 	/usr/lib/libcurl.4.dylib
0x00000002842ec000 	/usr/lib/libcrypto.46.dylib
0x0000000284e14000 	/usr/lib/libssl.48.dylib
0x00000001b5b30000 	/System/Library/Frameworks/LDAP.framework/Versions/A/LDAP
0x00000001b5b6c000 	/System/Library/PrivateFrameworks/TrustEvaluationAgent.framework/Versions/A/TrustEvaluationAgent
0x00000001ae493000 	/usr/lib/libsasl2.2.dylib
0x00000001c2bf9000 	/usr/lib/swift/libswiftCoreGraphics.dylib
0x00000001b2951000 	/usr/lib/swift/libswiftFoundation.dylib
0x00000001f97c5000 	/usr/lib/swift/libswiftSwiftOnoneSupport.dylib
0x00000001e5657000 	/System/Library/PrivateFrameworks/CoreMaterial.framework/Versions/A/CoreMaterial
0x000000026b71d000 	/System/Library/PrivateFrameworks/SFSymbols.framework/Versions/A/SFSymbols
0x00000001b1c1d000 	/System/Library/PrivateFrameworks/SpeechRecognitionCore.framework/Versions/A/SpeechRecognitionCore
0x0000000101524000 	/Users/a/Library/Java/JavaVirtualMachines/ms-17.0.17/Contents/Home/lib/server/libjvm.dylib
0x00000001002e8000 	/Users/a/Library/Java/JavaVirtualMachines/ms-17.0.17/Contents/Home/lib/libjimage.dylib
0x0000000100320000 	/Users/a/Library/Java/JavaVirtualMachines/ms-17.0.17/Contents/Home/lib/libinstrument.dylib
0x0000000100378000 	/Users/a/Library/Java/JavaVirtualMachines/ms-17.0.17/Contents/Home/lib/libjava.dylib
0x0000000100450000 	/Users/a/Library/Java/JavaVirtualMachines/ms-17.0.17/Contents/Home/lib/libzip.dylib
0x000000010047c000 	/Users/a/Library/Java/JavaVirtualMachines/ms-17.0.17/Contents/Home/lib/libnio.dylib
0x000000010116c000 	/Users/a/Library/Java/JavaVirtualMachines/ms-17.0.17/Contents/Home/lib/libnet.dylib
0x0000000100358000 	/Users/a/Library/Java/JavaVirtualMachines/ms-17.0.17/Contents/Home/lib/libextnet.dylib
0x0000000101194000 	/Users/a/Library/Java/JavaVirtualMachines/ms-17.0.17/Contents/Home/lib/libmanagement.dylib
0x00000001011ac000 	/Users/a/Library/Java/JavaVirtualMachines/ms-17.0.17/Contents/Home/lib/libmanagement_ext.dylib


VM Arguments:
jvm_args: -XX:TieredStopAtLevel=1 -Dspring.output.ansi.enabled=always -javaagent:/Applications/IntelliJ IDEA.app/Contents/lib/idea_rt.jar=59675 -Dfile.encoding=UTF-8 
java_command: com.example.configserver.ConfigServerApplication
java_class_path (initial): /Users/a/Downloads/musicband-service/config-server/target/classes:/Users/a/.m2/repository/org/springframework/boot/spring-boot-starter-actuator/4.0.1/spring-boot-starter-actuator-4.0.1.jar:/Users/a/.m2/repository/org/springframework/boot/spring-boot-starter/4.0.1/spring-boot-starter-4.0.1.jar:/Users/a/.m2/repository/org/springframework/boot/spring-boot-starter-logging/4.0.1/spring-boot-starter-logging-4.0.1.jar:/Users/a/.m2/repository/ch/qos/logback/logback-classic/1.5.22/logback-classic-1.5.22.jar:/Users/a/.m2/repository/ch/qos/logback/logback-core/1.5.22/logback-core-1.5.22.jar:/Users/a/.m2/repository/org/apache/logging/log4j/log4j-to-slf4j/2.25.3/log4j-to-slf4j-2.25.3.jar:/Users/a/.m2/repository/org/apache/logging/log4j/log4j-api/2.25.3/log4j-api-2.25.3.jar:/Users/a/.m2/repository/org/slf4j/jul-to-slf4j/2.0.17/jul-to-slf4j-2.0.17.jar:/Users/a/.m2/repository/org/springframework/boot/spring-boot-autoconfigure/4.0.1/spring-boot-autoconfigure-4.0.1.jar:/Users/a/.m2/repository/jakarta/annotation/jakarta.annotation-api/3.0.0/jakarta.annotation-api-3.0.0.jar:/Users/a/.m2/repository/org/springframework/boot/spring-boot-starter-micrometer-metrics/4.0.1/spring-boot-starter-micrometer-metrics-4.0.1.jar:/Users/a/.m2/repository/org/springframework/boot/spring-boot-micrometer-metrics/4.0.1/spring-boot-micrometer-metrics-4.0.1.jar:/Users/a/.m2/repository/org/springframework/boot/spring-boot-micrometer-observation/4.0.1/spring-boot-micrometer-observation-4.0.1.jar:/Users/a/.m2/repository/org/springframework/boot/spring-boot-actuator-autoconfigure/4.0.1/spring-boot-actuator-autoconfigure-4.0.1.jar:/Users/a/.m2/repository/org/springframework/boot/spring-boot-actuator/4.0.1/spring-boot-actuator-4.0.1.jar:/Users/a/.m2/repository/org/springframework/boot/spring-boot-health/4.0.1/spring-boot-health-4.0.1.jar:/Users/a/.m2/repository/org/springframework/boot/spring-boot/4.0.1/spring-boot-4.0.1.jar:/Users/a/.m2/repository/org/springframework/spring-context/7.
Launcher Type: SUN_STANDARD

[Global flags]
     intx CICompilerCount                          = 4                                         {product} {ergonomic}
     uint ConcGCThreads                            = 2                                         {product} {ergonomic}
     uint G1ConcRefinementThreads                  = 8                                         {product} {ergonomic}
   size_t G1HeapRegionSize                         = 1048576                                   {product} {ergonomic}
    uintx GCDrainStackTargetSize                   = 64                                        {product} {ergonomic}
   size_t InitialHeapSize                          = 134217728                                 {product} {ergonomic}
   size_t MarkStackSize                            = 4194304                                   {product} {ergonomic}
   size_t MaxHeapSize                              = 2147483648                                {product} {ergonomic}
   size_t MaxNewSize                               = 1287651328                                {product} {ergonomic}
   size_t MinHeapDeltaBytes                        = 1048576                                   {product} {ergonomic}
   size_t MinHeapSize                              = 8388608                                   {product} {ergonomic}
    uintx NonProfiledCodeHeapSize                  = 0                                      {pd product} {ergonomic}
     bool ProfileInterpreter                       = false                                  {pd product} {command line}
    uintx ProfiledCodeHeapSize                     = 0                                      {pd product} {ergonomic}
   size_t SoftMaxHeapSize                          = 2147483648                             {manageable} {ergonomic}
     intx TieredStopAtLevel                        = 1                                         {product} {command line}
     bool UseCompressedClassPointers               = true                           {product lp64_product} {ergonomic}
     bool UseCompressedOops                        = true                           {product lp64_product} {ergonomic}
     bool UseG1GC                                  = true                                      {product} {ergonomic}
     bool UseNUMA                                  = false                                     {product} {ergonomic}
     bool UseNUMAInterleaving                      = false                                     {product} {ergonomic}

Logging:
Log output configuration:
 #0: stdout all=warning uptime,level,tags
 #1: stderr all=off uptime,level,tags

Environment Variables:
PATH=/opt/homebrew/bin:/opt/homebrew/sbin:/usr/local/bin:/System/Cryptexes/App/usr/bin:/usr/bin:/bin:/usr/sbin:/sbin:/var/run/com.apple.security.cryptexd/codex.system/bootstrap/usr/local/bin:/var/run/com.apple.security.cryptexd/codex.system/bootstrap/usr/bin:/var/run/com.apple.security.cryptexd/codex.system/bootstrap/usr/appleinternal/bin
SHELL=/bin/zsh
LC_CTYPE=ru_RU.UTF-8
TMPDIR=/var/folders/61/x6cf550d4199vygmt8zws6pm0000gn/T/

Active Locale:
LC_ALL=C/ru_RU.UTF-8/C/C/C/C
LC_COLLATE=C
LC_CTYPE=ru_RU.UTF-8
LC_MESSAGES=C
LC_MONETARY=C
LC_NUMERIC=C
LC_TIME=C

Signal Handlers:
   SIGSEGV: crash_handler in libjvm.dylib, mask=11100110000111110111111111111111, flags=SA_RESTART|SA_SIGINFO, unblocked
    SIGBUS: crash_handler in libjvm.dylib, mask=11100110000111110111111111111111, flags=SA_RESTART|SA_SIGINFO, unblocked
    SIGFPE: crash_handler in libjvm.dylib, mask=11100110000111110111111111111111, flags=SA_RESTART|SA_SIGINFO, unblocked
   SIGPIPE: javaSignalHandler in libjvm.dylib, mask=11100110000111110111111111111111, flags=SA_RESTART|SA_SIGINFO, blocked
   SIGXFSZ: javaSignalHandler in libjvm.dylib, mask=11100110000111110111111111111111, flags=SA_RESTART|SA_SIGINFO, blocked
    SIGILL: crash_handler in libjvm.dylib, mask=11100110000111110111111111111111, flags=SA_RESTART|SA_SIGINFO, unblocked
   SIGUSR2: SR_handler in libjvm.dylib, mask=00000000000000000000000000000000, flags=SA_RESTART|SA_SIGINFO, blocked
    SIGHUP: UserHandler in libjvm.dylib, mask=11100110000111110111111111111111, flags=SA_RESTART|SA_SIGINFO, blocked
    SIGINT: UserHandler in libjvm.dylib, mask=11100110000111110111111111111111, flags=SA_RESTART|SA_SIGINFO, blocked
   SIGTERM: UserHandler in libjvm.dylib, mask=11100110000111110111111111111111, flags=SA_RESTART|SA_SIGINFO, blocked
   SIGQUIT: UserHandler in libjvm.dylib, mask=11100110000111110111111111111111, flags=SA_RESTART|SA_SIGINFO, blocked
   SIGTRAP: crash_handler in libjvm.dylib, mask=11100110000111110111111111111111, flags=SA_RESTART|SA_SIGINFO, unblocked


Periodic native trim disabled


---------------  S Y S T E M  ---------------

OS:
uname: Darwin 24.5.0 Darwin Kernel Version 24.5.0: Tue Apr 22 19:48:46 PDT 2025; root:xnu-11417.121.6~2/RELEASE_ARM64_T8103 arm64
OS uptime: 1 days 2:20 hours
rlimit (soft/hard): STACK 8176k/65520k , CORE 0k/infinity , NPROC 1333/2000 , NOFILE 1048576/infinity , AS infinity/infinity , CPU infinity/infinity , DATA infinity/infinity , FSIZE infinity/infinity , MEMLOCK infinity/infinity , RSS infinity/infinity
load average: 3.61 4.58 4.23

CPU: total 8 (initial active 8) 0x61:0x0:0x1b588bb3:0, fp, simd, crc, lse
machdep.cpu.brand_string:Apple M1
hw.cachelinesize:128
hw.l1icachesize:131072
hw.l1dcachesize:65536
hw.l2cachesize:4194304

Memory: 16k page, physical 8388608k(87984k free), swap 5242880k(1024320k free)

vm_info: OpenJDK 64-Bit Server VM (17.0.17+10-LTS) for bsd-aarch64 JRE (17.0.17+10-LTS), built on Oct 13 2025 22:02:27 by "MicrosoftCorporation" with clang Apple LLVM 15.0.0 (clang-1500.1.0.2.5)

END.
