#
# A fatal error has been detected by the Java Runtime Environment:
#
#  SIGBUS (0xa) at pc=0x000000010235d7d0, pid=22836, tid=29187
#
# JRE version: OpenJDK Runtime Environment Microsoft-12574438 (17.0.17+10) (build 17.0.17+10-LTS)
# Java VM: OpenJDK 64-Bit Server VM Microsoft-12574438 (17.0.17+10-LTS, mixed mode, emulated-client, sharing, tiered, compressed oops, compressed class ptrs, g1 gc, bsd-aarch64)
# Problematic frame:
# V  [libjvm.dylib+0x9617d0]  SymbolTable::do_lookup(char const*, int, unsigned long)+0xf4
#
# No core dump will be written. Core dumps have been disabled. To enable core dumping, try "ulimit -c unlimited" before starting Java again
#
# If you would like to submit a bug report, please visit:
#   https://github.com/microsoft/openjdk/issues
#

---------------  S U M M A R Y ------------

Command Line: -XX:TieredStopAtLevel=1 -Dspring.output.ansi.enabled=always -javaagent:/Applications/IntelliJ IDEA.app/Contents/lib/idea_rt.jar=58974 -Dfile.encoding=UTF-8 example.GrammyApplication

Host: "MacBookAir10,1" arm64, 8 cores, 8G, Darwin 24.5.0, macOS 15.5 (24F74)
Time: Mon Jan 19 23:19:49 2026 MSK elapsed time: 556.336586 seconds (0d 0h 9m 16s)

---------------  T H R E A D  ---------------

Current thread (0x00000001330a0000):  JavaThread "C1 CompilerThread0" daemon [_thread_in_vm, id=29187, stack(0x00000001710d4000,0x00000001712d7000)]


Current CompileTask:
C1:556336 7912       1       org.apache.commons.logging.LogAdapter$Slf4jLocationAwareLog::debug (47 bytes)

Stack: [0x00000001710d4000,0x00000001712d7000],  sp=0x00000001712d5d40,  free space=2055k
Native frames: (J=compiled Java code, j=interpreted, Vv=VM code, C=native code)
V  [libjvm.dylib+0x9617d0]  SymbolTable::do_lookup(char const*, int, unsigned long)+0xf4
V  [libjvm.dylib+0x961cf8]  SymbolTable::new_symbol(char const*, int)+0x150
V  [libjvm.dylib+0x1fef60]  ciEnv::get_klass_by_name_impl(ciKlass*, constantPoolHandle const&, ciSymbol*, bool)+0x80
V  [libjvm.dylib+0x1ff6e4]  ciEnv::get_klass_by_index_impl(constantPoolHandle const&, int, bool&, ciInstanceKlass*)+0xec
V  [libjvm.dylib+0x202388]  ciField::ciField(ciInstanceKlass*, int)+0x148
V  [libjvm.dylib+0x2000ec]  ciEnv::get_field_by_index_impl(ciInstanceKlass*, int)+0xb4
V  [libjvm.dylib+0x2001e0]  ciEnv::get_field_by_index(ciInstanceKlass*, int)+0xcc
V  [libjvm.dylib+0x21a4b4]  ciBytecodeStream::get_field(bool&)+0x60
V  [libjvm.dylib+0x15ea08]  GraphBuilder::access_field(Bytecodes::Code)+0x38
V  [libjvm.dylib+0x164dd0]  GraphBuilder::iterate_bytecodes_for_block(int)+0x3e8
V  [libjvm.dylib+0x167068]  GraphBuilder::iterate_all_blocks(bool)+0x90
V  [libjvm.dylib+0x168924]  GraphBuilder::GraphBuilder(Compilation*, IRScope*)+0x4a8
V  [libjvm.dylib+0x16f2c8]  IRScope::IRScope(Compilation*, IRScope*, int, ciMethod*, int, bool)+0x15c
V  [libjvm.dylib+0x16f9c8]  IR::IR(Compilation*, ciMethod*, int)+0xb8
V  [libjvm.dylib+0x150784]  Compilation::build_hir()+0x174
V  [libjvm.dylib+0x1519d8]  Compilation::compile_java_method()+0x10c
V  [libjvm.dylib+0x151e3c]  Compilation::compile_method()+0x124
V  [libjvm.dylib+0x1521ac]  Compilation::Compilation(AbstractCompiler*, ciEnv*, ciMethod*, int, BufferBlob*, bool, DirectiveSet*)+0x18c
V  [libjvm.dylib+0x1532ac]  Compiler::compile_method(ciEnv*, ciMethod*, int, bool, DirectiveSet*)+0x5c
V  [libjvm.dylib+0x27ec78]  CompileBroker::invoke_compiler_on_method(CompileTask*)+0x514
V  [libjvm.dylib+0x27e5dc]  CompileBroker::compiler_thread_loop()+0x3c8
V  [libjvm.dylib+0x9ab078]  JavaThread::thread_main_inner()+0x148
V  [libjvm.dylib+0x9a9714]  Thread::call_run()+0xcc
V  [libjvm.dylib+0x7aec44]  thread_native_entry(Thread*)+0x158
C  [libsystem_pthread.dylib+0x6c0c]  _pthread_start+0x88


siginfo: si_signo: 10 (SIGBUS), si_code: 1 (BUS_ADRALN), si_addr: 0x0000600003ee6ac4

Registers:
 x0=0x00006000000a0038  x1=0x0000000000000010  x2=0x00000000762f7de7  x3=0x0000000133b0b7c0
 x4=0x0000000000000000  x5=0x000000013324ed50  x6=0x000000013324eb50  x7=0x000000013324f6f0
 x8=0x000000007d240002  x9=0x000060000a695440 x10=0x00000001330a0000 x11=0x0000000000000b6c
x12=0x0000000000000000 x13=0x0000000000000002 x14=0x00000001026c4f58 x15=0x000000a0004540c8
x16=0x0000000000000038 x17=0x00006000000a0000 x18=0x0000000000000000 x19=0x0000000000000010
x20=0x0000600002488a27 x21=0x0000000000000010 x22=0x0000600003ee6ac0 x23=0x0000000000000000
x24=0x00006000067b08f8 x25=0x00006000016b0000 x26=0x0000000000000003 x27=0x00006000067b08f0
x28=0x0000000000000000  fp=0x00000001712d5da0  lr=0x000000010235d714  sp=0x00000001712d5d40
pc=0x000000010235d7d0 cpsr=0x0000000000001000

Register to memory mapping:

 x0=0x00006000000a0038 points into unknown readable memory: 0x00000001330a0000 | 00 00 0a 33 01 00 00 00
 x1=0x0000000000000010 is an unknown value
 x2=0x00000000762f7de7 is an unknown value
 x3=0x0000000133b0b7c0 points into unknown readable memory: 0x00000001025ddd60 | 60 dd 5d 02 01 00 00 00
 x4=0x0 is NULL
 x5=0x000000013324ed50 points into unknown readable memory: 0x00000001025d6a40 | 40 6a 5d 02 01 00 00 00
 x6=0x000000013324eb50 points into unknown readable memory: 0x00000001025d6a40 | 40 6a 5d 02 01 00 00 00
 x7=0x000000013324f6f0 points into unknown readable memory: 0x000000013324e530 | 30 e5 24 33 01 00 00 00
 x8=0x000000007d240002 is an unknown value
 x9=0x000060000a695440 points into unknown readable memory: 0x000060000a6a6150 | 50 61 6a 0a 00 60 00 00
x10=0x00000001330a0000 is a thread
x11=0x0000000000000b6c is an unknown value
x12=0x0 is NULL
x13=0x0000000000000002 is an unknown value
x14=0x00000001026c4f58: _ZL15vm_symbol_index+0 in /Users/a/Library/Java/JavaVirtualMachines/ms-17.0.17/Contents/Home/lib/server/libjvm.dylib at 0x00000001019fc000
x15=0x000000a0004540c8 is pointing into metadata
x16=0x0000000000000038 is an unknown value
x17=0x00006000000a0000 points into unknown readable memory: 0xfffffffffffffffe | fe ff ff ff ff ff ff ff
x18=0x0 is NULL
x19=0x0000000000000010 is an unknown value
x20=0x0000600002488a27 points into unknown readable memory: 6f
x21=0x0000000000000010 is an unknown value
x22=0x0000600003ee6ac0 points into unknown readable memory: 0x0000000000000000 | 00 00 00 00 00 00 00 00
x23=0x0 is NULL
x24=0x00006000067b08f8 points into unknown readable memory: 0x0000600003ee6ac0 | c0 6a ee 03 00 60 00 00
x25=0x00006000016b0000 points into unknown readable memory: 0x0000000000000000 | 00 00 00 00 00 00 00 00
x26=0x0000000000000003 is an unknown value
x27=0x00006000067b08f0 points into unknown readable memory: 0x00006000067a8ab0 | b0 8a 7a 06 00 60 00 00
x28=0x0 is NULL


Top of Stack: (sp=0x00000001712d5d40)
0x00000001712d5d40:   0000000102624800 00000001330a0000
0x00000001712d5d50:   00000001712d60c8 00000000000000b4
0x00000001712d5d60:   00006000000a0038 00000001330a0000
0x00000001712d5d70:   0000000133b0b7c0 0000600002488a20
0x00000001712d5d80:   00006000000a0030 00000000762f7de7
0x00000001712d5d90:   0000000000000010 0000600002488a27
0x00000001712d5da0:   00000001712d5df0 000000010235dcf8
0x00000001712d5db0:   0000000133b0abb0 0000000133af0c20
0x00000001712d5dc0:   00006000004cb520 0000000133b09e20
0x00000001712d5dd0:   00000001712d6af0 00000001712d6af0
0x00000001712d5de0:   0000000133b09d70 0000000000000000
0x00000001712d5df0:   00000001712d5e90 0000000101bfaf60
0x00000001712d5e00:   0000000133b0aaff 00000001712d5f00
0x00000001712d5e10:   0000000133b0ab30 0000000000000001
0x00000001712d5e20:   00006000000a0038 000000000000002f
0x00000001712d5e30:   0000000133b0b7c0 0000000133b0b7c0
0x00000001712d5e40:   00000001712d60c8 00000000000000b4
0x00000001712d5e50:   00000000000000b4 0000000000000050
0x00000001712d5e60:   0000600002488a20 00000001712d5f00
0x00000001712d5e70:   00000001712d6af0 0000000000000050
0x00000001712d5e80:   0000000133b09d70 00000001712d5ee0
0x00000001712d5e90:   00000001712d5ed0 0000000101bfb6e4
0x00000001712d5ea0:   0000600002488a20 000000a0005439f0
0x00000001712d5eb0:   0000000000000003 0000000133b09d70
0x00000001712d5ec0:   00000001330a0000 0000000133b0b730
0x00000001712d5ed0:   00000001712d5f50 0000000101bfe388
0x00000001712d5ee0:   0000000000000001 0000000000000016
0x00000001712d5ef0:   00000001712d6af8 0000000133b0b690
0x00000001712d5f00:   000000014048d7b0 00000001330a0000
0x00000001712d5f10:   00000000000000b4 0000000000000000
0x00000001712d5f20:   00000000000000b0 00000001712d6af0
0x00000001712d5f30:   0000000133b0b690 0000000133b0b730 

Instructions: (pc=0x000000010235d7d0)
0x000000010235d6d0:   e2 03 02 2a fd 7b c1 a8 01 00 00 14 ff c3 01 d1
0x000000010235d6e0:   fc 6f 01 a9 fa 67 02 a9 f8 5f 03 a9 f6 57 04 a9
0x000000010235d6f0:   f4 4f 05 a9 fd 7b 06 a9 fd 83 01 91 f3 03 01 aa
0x000000010235d700:   f4 03 00 aa 40 17 00 d0 00 40 37 91 08 00 40 f9
0x000000010235d710:   00 01 3f d6 0a 00 40 f9 28 1b 00 90 19 71 46 f9
0x000000010235d720:   57 7d 40 f9 e8 03 17 aa b7 00 00 37 c8 17 00 d0
0x000000010235d730:   08 01 08 91 08 21 40 f9 08 01 40 b2 49 e1 03 91
0x000000010235d740:   28 fd 9f c8 bf 3b 03 d5 28 23 01 91 09 c1 bf f8
0x000000010235d750:   69 00 00 b4 1f fd 9f c8 bf 3b 03 d5 28 23 00 91
0x000000010235d760:   08 c1 bf f8 09 0d 40 f9 29 01 02 8a 08 01 40 f9
0x000000010235d770:   08 0d 09 8b 09 c1 bf f8 e9 00 08 36 28 43 00 91
0x000000010235d780:   08 c1 bf f8 09 0d 40 f9 29 01 02 8a 08 01 40 f9
0x000000010235d790:   08 0d 09 8b 08 c1 bf f8 1b f5 7e f2 40 05 00 54
0x000000010235d7a0:   ea 07 00 f9 1c 00 80 52 1a 00 80 d2 75 7e 40 93
0x000000010235d7b0:   05 00 00 14 9f 1f 00 72 40 02 00 54 7b c3 bf f8
0x000000010235d7c0:   db 02 00 b4 5a 07 00 91 f8 03 1b aa 16 8f 40 f8
0x000000010235d7d0:   c8 0a 40 79 1f 01 13 6b e1 fe ff 54 c0 1a 00 91
0x000000010235d7e0:   e1 03 14 aa e2 03 15 aa da a2 04 94 40 fe ff 35
0x000000010235d7f0:   e0 03 16 aa b7 fb ff 97 e0 fd 07 36 1d 00 00 14
0x000000010235d800:   08 03 40 f9 08 01 40 b9 1f 3d 00 72 fc 17 9f 1a
0x000000010235d810:   7b c3 bf f8 9b fd ff b5 00 00 80 d2 28 17 40 f9
0x000000010235d820:   e9 07 40 f9 29 e1 03 91 37 fd 9f c8 5f 03 08 eb
0x000000010235d830:   09 01 00 54 28 00 80 52 49 18 00 b0 28 75 3a 39
0x000000010235d840:   04 00 00 14 00 00 80 d2 48 e1 03 91 17 fd 9f c8
0x000000010235d850:   fd 7b 46 a9 f4 4f 45 a9 f6 57 44 a9 f8 5f 43 a9
0x000000010235d860:   fa 67 42 a9 fc 6f 41 a9 ff c3 01 91 c0 03 5f d6
0x000000010235d870:   28 17 40 f9 78 00 00 b4 00 03 40 f9 e9 ff ff 17
0x000000010235d880:   00 00 80 d2 e7 ff ff 17 fa 67 bb a9 f8 5f 01 a9
0x000000010235d890:   f6 57 02 a9 f4 4f 03 a9 fd 7b 04 a9 fd 03 01 91
0x000000010235d8a0:   28 1b 00 90 08 1d 4d b9 28 11 00 34 f5 03 02 aa
0x000000010235d8b0:   f4 03 01 aa f3 03 00 aa 28 1b 00 90 08 45 73 39
0x000000010235d8c0:   e8 01 00 34 9f 06 00 71 8b 01 00 54 15 00 80 52 


Stack slot to memory mapping:
stack at sp + 0 slots: 0x0000000102624800: type2char_tab+0x8 in /Users/a/Library/Java/JavaVirtualMachines/ms-17.0.17/Contents/Home/lib/server/libjvm.dylib at 0x00000001019fc000
stack at sp + 1 slots: 0x00000001330a0000 is a thread
stack at sp + 2 slots: 0x00000001712d60c8 is pointing into the stack for thread: 0x00000001330a0000
stack at sp + 3 slots: 0x00000000000000b4 is an unknown value
stack at sp + 4 slots: 0x00006000000a0038 points into unknown readable memory: 0x00000001330a0000 | 00 00 0a 33 01 00 00 00
stack at sp + 5 slots: 0x00000001330a0000 is a thread
stack at sp + 6 slots: 0x0000000133b0b7c0 points into unknown readable memory: 0x00000001025ddd60 | 60 dd 5d 02 01 00 00 00
stack at sp + 7 slots: 0x0000600002488a20 points into unknown readable memory: 0x6f4c0012a9ab0047 | 47 00 ab a9 12 00 4c 6f


---------------  P R O C E S S  ---------------

Threads class SMR info:
_java_thread_list=0x000060000243c1a0, length=39, elements={
0x0000000133015600, 0x000000013180fa00, 0x000000013382ce00, 0x000000013382f600,
0x000000013382fc00, 0x00000001330a0000, 0x00000001330a2800, 0x0000000131827800,
0x000000013382f000, 0x00000001339fd200, 0x00000001332b5200, 0x00000001332bfe00,
0x00000001323d3400, 0x00000001332b2a00, 0x0000000115033c00, 0x000000011403d800,
0x0000000131ac2e00, 0x0000000133170400, 0x0000000133be1400, 0x0000000133a5fc00,
0x0000000132047a00, 0x0000000133a5f600, 0x000000013183da00, 0x0000000133a5ee00,
0x000000013316e000, 0x000000013316c200, 0x000000013316c800, 0x000000013316ce00,
0x0000000133243400, 0x0000000133243a00, 0x0000000133be1a00, 0x0000000133a2c400,
0x0000000133a2ca00, 0x000000013324a600, 0x0000000133245400, 0x0000000133a2d000,
0x0000000130008a00, 0x000000011403de00, 0x000000011500a000
}

Java Threads: ( => current thread )
  0x0000000133015600 JavaThread "Reference Handler" daemon [_thread_blocked, id=30979, stack(0x0000000170580000,0x0000000170783000)]
  0x000000013180fa00 JavaThread "Finalizer" daemon [_thread_blocked, id=30467, stack(0x000000017078c000,0x000000017098f000)]
  0x000000013382ce00 JavaThread "Signal Dispatcher" daemon [_thread_blocked, id=24835, stack(0x0000000170ab0000,0x0000000170cb3000)]
  0x000000013382f600 JavaThread "Service Thread" daemon [_thread_blocked, id=25347, stack(0x0000000170cbc000,0x0000000170ebf000)]
  0x000000013382fc00 JavaThread "Monitor Deflation Thread" daemon [_thread_blocked, id=25859, stack(0x0000000170ec8000,0x00000001710cb000)]
=>0x00000001330a0000 JavaThread "C1 CompilerThread0" daemon [_thread_in_vm, id=29187, stack(0x00000001710d4000,0x00000001712d7000)]
  0x00000001330a2800 JavaThread "Sweeper thread" daemon [_thread_blocked, id=26627, stack(0x00000001712e0000,0x00000001714e3000)]
  0x0000000131827800 JavaThread "Common-Cleaner" daemon [_thread_blocked, id=28675, stack(0x00000001714ec000,0x00000001716ef000)]
  0x000000013382f000 JavaThread "Monitor Ctrl-Break" daemon [_thread_in_native, id=28163, stack(0x00000001716f8000,0x00000001718fb000)]
  0x00000001339fd200 JavaThread "Notification Thread" daemon [_thread_blocked, id=27139, stack(0x0000000171904000,0x0000000171b07000)]
  0x00000001332b5200 JavaThread "spring.cloud.inetutils" daemon [_thread_blocked, id=35587, stack(0x0000000173194000,0x0000000173397000)]
  0x00000001332bfe00 JavaThread "Catalina-utility-1" [_thread_blocked, id=40963, stack(0x00000001733a0000,0x00000001735a3000)]
  0x00000001323d3400 JavaThread "Catalina-utility-2" [_thread_blocked, id=36355, stack(0x00000001735ac000,0x00000001737af000)]
  0x00000001332b2a00 JavaThread "container-0" [_thread_blocked, id=36867, stack(0x00000001737b8000,0x00000001739bb000)]
  0x0000000115033c00 JavaThread "PostgreSQL-JDBC-Cleaner" daemon [_thread_blocked, id=37379, stack(0x00000001739c4000,0x0000000173bc7000)]
  0x000000011403d800 JavaThread "HikariPool-1 housekeeper" daemon [_thread_blocked, id=40451, stack(0x0000000173bd0000,0x0000000173dd3000)]
  0x0000000131ac2e00 JavaThread "Apache-HttpClient-Conn-Cleaner2" daemon [_thread_blocked, id=64259, stack(0x0000000174c30000,0x0000000174e33000)]
  0x0000000133170400 JavaThread "AsyncResolver-bootstrap-0" daemon [_thread_blocked, id=64003, stack(0x0000000174e3c000,0x000000017503f000)]
  0x0000000133be1400 JavaThread "DiscoveryClient-0" daemon [_thread_blocked, id=63491, stack(0x0000000175048000,0x000000017524b000)]
  0x0000000133a5fc00 JavaThread "DiscoveryClient-1" daemon [_thread_blocked, id=45315, stack(0x0000000175254000,0x0000000175457000)]
  0x0000000132047a00 JavaThread "DiscoveryClient-InstanceInfoReplicator-0" daemon [_thread_blocked, id=45827, stack(0x0000000175460000,0x0000000175663000)]
  0x0000000133a5f600 JavaThread "catalogWatchTaskScheduler-1" [_thread_in_native, id=46339, stack(0x000000017566c000,0x000000017586f000)]
  0x000000013183da00 JavaThread "http-nio-8444-BlockPoller" daemon [_thread_in_native, id=46851, stack(0x0000000175878000,0x0000000175a7b000)]
  0x0000000133a5ee00 JavaThread "http-nio-8444-exec-1" daemon [_thread_blocked, id=62723, stack(0x0000000175a84000,0x0000000175c87000)]
  0x000000013316e000 JavaThread "http-nio-8444-exec-2" daemon [_thread_blocked, id=47107, stack(0x0000000175c90000,0x0000000175e93000)]
  0x000000013316c200 JavaThread "http-nio-8444-exec-3" daemon [_thread_blocked, id=62211, stack(0x0000000175e9c000,0x000000017609f000)]
  0x000000013316c800 JavaThread "http-nio-8444-exec-4" daemon [_thread_blocked, id=61955, stack(0x00000001760a8000,0x00000001762ab000)]
  0x000000013316ce00 JavaThread "http-nio-8444-exec-5" daemon [_thread_blocked, id=61699, stack(0x00000001762b4000,0x00000001764b7000)]
  0x0000000133243400 JavaThread "http-nio-8444-exec-6" daemon [_thread_blocked, id=61443, stack(0x00000001764c0000,0x00000001766c3000)]
  0x0000000133243a00 JavaThread "http-nio-8444-exec-7" daemon [_thread_blocked, id=61187, stack(0x00000001766cc000,0x00000001768cf000)]
  0x0000000133be1a00 JavaThread "http-nio-8444-exec-8" daemon [_thread_blocked, id=48643, stack(0x00000001768d8000,0x0000000176adb000)]
  0x0000000133a2c400 JavaThread "http-nio-8444-exec-9" daemon [_thread_blocked, id=60419, stack(0x0000000176ae4000,0x0000000176ce7000)]
  0x0000000133a2ca00 JavaThread "http-nio-8444-exec-10" daemon [_thread_blocked, id=60163, stack(0x0000000176cf0000,0x0000000176ef3000)]
  0x000000013324a600 JavaThread "http-nio-8444-ClientPoller" daemon [_thread_in_native, id=49411, stack(0x0000000176efc000,0x00000001770ff000)]
  0x0000000133245400 JavaThread "http-nio-8444-Acceptor" daemon [_thread_in_native, id=59907, stack(0x0000000177108000,0x000000017730b000)]
  0x0000000133a2d000 JavaThread "DestroyJavaVM" [_thread_blocked, id=6403, stack(0x000000016f72c000,0x000000016f92f000)]
  0x0000000130008a00 JavaThread "DiscoveryClient-HeartbeatExecutor-0" daemon [_thread_blocked, id=39943, stack(0x0000000173ddc000,0x0000000173fdf000)]
  0x000000011403de00 JavaThread "DiscoveryClient-CacheRefreshExecutor-0" daemon [_thread_blocked, id=50179, stack(0x0000000177314000,0x0000000177517000)]
  0x000000011500a000 JavaThread "AsyncResolver-bootstrap-executor-0" daemon [_thread_blocked, id=59663, stack(0x0000000172340000,0x0000000172543000)]

Other Threads:
  0x0000000131605e50 VMThread "VM Thread" [stack: 0x0000000170374000,0x0000000170577000] [id=18179]
  0x000000013291ef50 WatcherThread [stack: 0x0000000171b10000,0x0000000171d13000] [id=27907]
  0x0000000132905970 GCTaskThread "GC Thread#0" [stack: 0x000000016f938000,0x000000016fb3b000] [id=13059]
  0x0000000132929fc0 GCTaskThread "GC Thread#1" [stack: 0x0000000171d1c000,0x0000000171f1f000] [id=32771]
  0x0000000113804cc0 GCTaskThread "GC Thread#2" [stack: 0x0000000171f28000,0x000000017212b000] [id=33027]
  0x0000000132932d30 GCTaskThread "GC Thread#3" [stack: 0x000000017254c000,0x000000017274f000] [id=34055]
  0x0000000111621c10 GCTaskThread "GC Thread#4" [stack: 0x0000000172758000,0x000000017295b000] [id=34563]
  0x000000013171b140 GCTaskThread "GC Thread#5" [stack: 0x0000000172964000,0x0000000172b67000] [id=42499]
  0x0000000111631930 GCTaskThread "GC Thread#6" [stack: 0x0000000172b70000,0x0000000172d73000] [id=42247]
  0x0000000111631bf0 GCTaskThread "GC Thread#7" [stack: 0x0000000172d7c000,0x0000000172f7f000] [id=41731]
  0x00000001116056f0 ConcurrentGCThread "G1 Main Marker" [stack: 0x000000016fb44000,0x000000016fd47000] [id=14595]
  0x0000000111605f80 ConcurrentGCThread "G1 Conc#0" [stack: 0x000000016fd50000,0x000000016ff53000] [id=13571]
  0x0000000111631060 ConcurrentGCThread "G1 Conc#1" [stack: 0x0000000172f88000,0x000000017318b000] [id=35331]
  0x0000000111607f30 ConcurrentGCThread "G1 Refine#0" [stack: 0x000000016ff5c000,0x000000017015f000] [id=16643]
  0x00000001116142e0 ConcurrentGCThread "G1 Refine#1" [stack: 0x0000000172134000,0x0000000172337000] [id=33539]
  0x0000000131733b00 ConcurrentGCThread "G1 Refine#2" [stack: 0x0000000173fe8000,0x00000001741eb000] [id=39427]
  0x000000013161cba0 ConcurrentGCThread "G1 Refine#3" [stack: 0x00000001741f4000,0x00000001743f7000] [id=38659]
  0x0000000113707e80 ConcurrentGCThread "G1 Refine#4" [stack: 0x0000000174400000,0x0000000174603000] [id=38147]
  0x00000001328080e0 ConcurrentGCThread "G1 Refine#5" [stack: 0x000000017460c000,0x000000017480f000] [id=44035]
  0x0000000113807df0 ConcurrentGCThread "G1 Refine#6" [stack: 0x0000000174818000,0x0000000174a1b000] [id=44547]
  0x00000001139055a0 ConcurrentGCThread "G1 Refine#7" [stack: 0x0000000174a24000,0x0000000174c27000] [id=64771]
  0x00000001116087e0 ConcurrentGCThread "G1 Service" [stack: 0x0000000170168000,0x000000017036b000] [id=16899]

Threads with active compile tasks:
C1 CompilerThread0  556347 7912       1       org.apache.commons.logging.LogAdapter$Slf4jLocationAwareLog::debug (47 bytes)

VM state: not at safepoint (normal execution)

VM Mutex/Monitor currently owned by a thread: None

Heap address: 0x0000000780000000, size: 2048 MB, Compressed Oops mode: Zero based, Oop shift amount: 3

CDS archive(s) mapped at: [0x000000a000000000-0x000000a000bc0000-0x000000a000bc0000), size 12320768, SharedBaseAddress: 0x000000a000000000, ArchiveRelocationMode: 1.
Compressed class space mapped at: 0x000000a001000000-0x000000a041000000, reserved size: 1073741824
Narrow klass base: 0x000000a000000000, Narrow klass shift: 0, Narrow klass range: 0x100000000

GC Precious Log:
 CPUs: 8 total, 8 available
 Memory: 8192M
 Large Page Support: Disabled
 NUMA Support: Disabled
 Compressed Oops: Enabled (Zero based)
 Heap Region Size: 1M
 Heap Min Capacity: 8M
 Heap Initial Capacity: 128M
 Heap Max Capacity: 2G
 Pre-touch: Disabled
 Parallel Workers: 8
 Concurrent Workers: 2
 Concurrent Refinement Workers: 8
 Periodic GC: Disabled

Heap:
 garbage-first heap   total 225280K, used 133482K [0x0000000780000000, 0x0000000800000000)
  region size 1024K, 66 young (67584K), 9 survivors (9216K)
 Metaspace       used 70496K, committed 70912K, reserved 1114112K
  class space    used 10224K, committed 10432K, reserved 1048576K

Heap Regions: E=young(eden), S=young(survivor), O=old, HS=humongous(starts), HC=humongous(continues), CS=collection set, F=free, OA=open archive, CA=closed archive, TAMS=top-at-mark-start (previous, next)
|   0|0x0000000780000000, 0x0000000780100000, 0x0000000780100000|100%|HS|  |TAMS 0x0000000780100000, 0x0000000780000000| Complete 
|   1|0x0000000780100000, 0x0000000780200000, 0x0000000780200000|100%| O|  |TAMS 0x0000000780200000, 0x0000000780100000| Untracked 
|   2|0x0000000780200000, 0x0000000780300000, 0x0000000780300000|100%| O|  |TAMS 0x0000000780300000, 0x0000000780200000| Untracked 
|   3|0x0000000780300000, 0x0000000780400000, 0x0000000780400000|100%| O|  |TAMS 0x0000000780400000, 0x0000000780300000| Untracked 
|   4|0x0000000780400000, 0x0000000780500000, 0x0000000780500000|100%| O|  |TAMS 0x0000000780500000, 0x0000000780400000| Untracked 
|   5|0x0000000780500000, 0x0000000780600000, 0x0000000780600000|100%| O|  |TAMS 0x0000000780600000, 0x0000000780500000| Untracked 
|   6|0x0000000780600000, 0x0000000780700000, 0x0000000780700000|100%| O|  |TAMS 0x0000000780700000, 0x0000000780600000| Untracked 
|   7|0x0000000780700000, 0x0000000780800000, 0x0000000780800000|100%| O|  |TAMS 0x0000000780800000, 0x0000000780700000| Untracked 
|   8|0x0000000780800000, 0x0000000780900000, 0x0000000780900000|100%| O|  |TAMS 0x0000000780900000, 0x0000000780800000| Untracked 
|   9|0x0000000780900000, 0x0000000780a00000, 0x0000000780a00000|100%| O|  |TAMS 0x0000000780900000, 0x0000000780900000| Untracked 
|  10|0x0000000780a00000, 0x0000000780b00000, 0x0000000780b00000|100%| O|  |TAMS 0x0000000780b00000, 0x0000000780a00000| Untracked 
|  11|0x0000000780b00000, 0x0000000780c00000, 0x0000000780c00000|100%| O|  |TAMS 0x0000000780c00000, 0x0000000780b00000| Untracked 
|  12|0x0000000780c00000, 0x0000000780d00000, 0x0000000780d00000|100%| O|  |TAMS 0x0000000780d00000, 0x0000000780c00000| Untracked 
|  13|0x0000000780d00000, 0x0000000780e00000, 0x0000000780e00000|100%| O|  |TAMS 0x0000000780e00000, 0x0000000780d00000| Untracked 
|  14|0x0000000780e00000, 0x0000000780f00000, 0x0000000780f00000|100%| O|  |TAMS 0x0000000780f00000, 0x0000000780e00000| Untracked 
|  15|0x0000000780f00000, 0x0000000781000000, 0x0000000781000000|100%| O|  |TAMS 0x0000000781000000, 0x0000000780f00000| Untracked 
|  16|0x0000000781000000, 0x0000000781100000, 0x0000000781100000|100%| O|  |TAMS 0x0000000781100000, 0x0000000781000000| Untracked 
|  17|0x0000000781100000, 0x0000000781200000, 0x0000000781200000|100%| O|  |TAMS 0x0000000781200000, 0x0000000781100000| Untracked 
|  18|0x0000000781200000, 0x0000000781300000, 0x0000000781300000|100%| O|  |TAMS 0x0000000781300000, 0x0000000781200000| Untracked 
|  19|0x0000000781300000, 0x0000000781400000, 0x0000000781400000|100%| O|  |TAMS 0x0000000781400000, 0x0000000781300000| Untracked 
|  20|0x0000000781400000, 0x0000000781500000, 0x0000000781500000|100%| O|  |TAMS 0x0000000781500000, 0x0000000781400000| Untracked 
|  21|0x0000000781500000, 0x0000000781600000, 0x0000000781600000|100%| O|  |TAMS 0x0000000781600000, 0x0000000781500000| Untracked 
|  22|0x0000000781600000, 0x0000000781700000, 0x0000000781700000|100%| O|  |TAMS 0x0000000781700000, 0x0000000781600000| Untracked 
|  23|0x0000000781700000, 0x0000000781800000, 0x0000000781800000|100%| O|  |TAMS 0x0000000781800000, 0x0000000781700000| Untracked 
|  24|0x0000000781800000, 0x0000000781900000, 0x0000000781900000|100%| O|  |TAMS 0x0000000781900000, 0x0000000781800000| Untracked 
|  25|0x0000000781900000, 0x0000000781a00000, 0x0000000781a00000|100%| O|  |TAMS 0x0000000781a00000, 0x0000000781900000| Untracked 
|  26|0x0000000781a00000, 0x0000000781b00000, 0x0000000781b00000|100%| O|  |TAMS 0x0000000781b00000, 0x0000000781a00000| Untracked 
|  27|0x0000000781b00000, 0x0000000781c00000, 0x0000000781c00000|100%| O|  |TAMS 0x0000000781c00000, 0x0000000781b00000| Untracked 
|  28|0x0000000781c00000, 0x0000000781d00000, 0x0000000781d00000|100%| O|  |TAMS 0x0000000781d00000, 0x0000000781c00000| Untracked 
|  29|0x0000000781d00000, 0x0000000781d72800, 0x0000000781e00000| 44%| O|  |TAMS 0x0000000781d00000, 0x0000000781d00000| Untracked 
|  30|0x0000000781e00000, 0x0000000781f00000, 0x0000000781f00000|100%| O|  |TAMS 0x0000000781e00000, 0x0000000781e00000| Untracked 
|  31|0x0000000781f00000, 0x0000000782000000, 0x0000000782000000|100%| O|  |TAMS 0x0000000781f00000, 0x0000000781f00000| Untracked 
|  32|0x0000000782000000, 0x0000000782100000, 0x0000000782100000|100%| O|  |TAMS 0x0000000782000000, 0x0000000782000000| Untracked 
|  33|0x0000000782100000, 0x0000000782200000, 0x0000000782200000|100%| O|  |TAMS 0x0000000782200000, 0x0000000782100000| Untracked 
|  34|0x0000000782200000, 0x0000000782300000, 0x0000000782300000|100%| O|  |TAMS 0x0000000782300000, 0x0000000782200000| Untracked 
|  35|0x0000000782300000, 0x0000000782400000, 0x0000000782400000|100%| O|  |TAMS 0x0000000782400000, 0x0000000782300000| Untracked 
|  36|0x0000000782400000, 0x0000000782500000, 0x0000000782500000|100%| O|  |TAMS 0x0000000782500000, 0x0000000782400000| Untracked 
|  37|0x0000000782500000, 0x0000000782600000, 0x0000000782600000|100%| O|  |TAMS 0x0000000782600000, 0x0000000782500000| Untracked 
|  38|0x0000000782600000, 0x0000000782700000, 0x0000000782700000|100%| O|  |TAMS 0x0000000782700000, 0x0000000782600000| Untracked 
|  39|0x0000000782700000, 0x0000000782800000, 0x0000000782800000|100%| O|  |TAMS 0x0000000782800000, 0x0000000782700000| Untracked 
|  40|0x0000000782800000, 0x0000000782900000, 0x0000000782900000|100%| O|  |TAMS 0x0000000782900000, 0x0000000782800000| Untracked 
|  41|0x0000000782900000, 0x0000000782a00000, 0x0000000782a00000|100%| O|  |TAMS 0x0000000782a00000, 0x0000000782900000| Untracked 
|  42|0x0000000782a00000, 0x0000000782b00000, 0x0000000782b00000|100%| O|  |TAMS 0x0000000782b00000, 0x0000000782a00000| Untracked 
|  43|0x0000000782b00000, 0x0000000782c00000, 0x0000000782c00000|100%| O|  |TAMS 0x0000000782c00000, 0x0000000782b00000| Untracked 
|  44|0x0000000782c00000, 0x0000000782d00000, 0x0000000782d00000|100%| O|  |TAMS 0x0000000782c00000, 0x0000000782c00000| Untracked 
|  45|0x0000000782d00000, 0x0000000782e00000, 0x0000000782e00000|100%| O|  |TAMS 0x0000000782d00000, 0x0000000782d00000| Untracked 
|  46|0x0000000782e00000, 0x0000000782f00000, 0x0000000782f00000|100%| O|  |TAMS 0x0000000782e00000, 0x0000000782e00000| Untracked 
|  47|0x0000000782f00000, 0x0000000783000000, 0x0000000783000000|100%| O|  |TAMS 0x0000000782f00000, 0x0000000782f00000| Untracked 
|  48|0x0000000783000000, 0x0000000783100000, 0x0000000783100000|100%| O|  |TAMS 0x0000000783000000, 0x0000000783000000| Untracked 
|  49|0x0000000783100000, 0x0000000783100000, 0x0000000783200000|  0%| F|  |TAMS 0x0000000783100000, 0x0000000783100000| Untracked 
|  50|0x0000000783200000, 0x0000000783200000, 0x0000000783300000|  0%| F|  |TAMS 0x0000000783200000, 0x0000000783200000| Untracked 
|  51|0x0000000783300000, 0x0000000783400000, 0x0000000783400000|100%| O|  |TAMS 0x0000000783300000, 0x0000000783300000| Untracked 
|  52|0x0000000783400000, 0x0000000783500000, 0x0000000783500000|100%| O|  |TAMS 0x0000000783400000, 0x0000000783400000| Untracked 
|  53|0x0000000783500000, 0x0000000783600000, 0x0000000783600000|100%| O|  |TAMS 0x0000000783500000, 0x0000000783500000| Untracked 
|  54|0x0000000783600000, 0x0000000783700000, 0x0000000783700000|100%| O|  |TAMS 0x0000000783600000, 0x0000000783600000| Untracked 
|  55|0x0000000783700000, 0x0000000783800000, 0x0000000783800000|100%| O|  |TAMS 0x0000000783700000, 0x0000000783700000| Untracked 
|  56|0x0000000783800000, 0x0000000783900000, 0x0000000783900000|100%| O|  |TAMS 0x0000000783895400, 0x0000000783800000| Untracked 
|  57|0x0000000783900000, 0x0000000783a00000, 0x0000000783a00000|100%| O|  |TAMS 0x0000000783900000, 0x0000000783900000| Untracked 
|  58|0x0000000783a00000, 0x0000000783b00000, 0x0000000783b00000|100%| O|  |TAMS 0x0000000783a00000, 0x0000000783a00000| Untracked 
|  59|0x0000000783b00000, 0x0000000783c00000, 0x0000000783c00000|100%| O|  |TAMS 0x0000000783b00000, 0x0000000783b00000| Untracked 
|  60|0x0000000783c00000, 0x0000000783d00000, 0x0000000783d00000|100%| O|  |TAMS 0x0000000783c00000, 0x0000000783c00000| Untracked 
|  61|0x0000000783d00000, 0x0000000783e00000, 0x0000000783e00000|100%| O|  |TAMS 0x0000000783d00000, 0x0000000783d00000| Untracked 
|  62|0x0000000783e00000, 0x0000000783f00000, 0x0000000783f00000|100%| O|  |TAMS 0x0000000783e00000, 0x0000000783e00000| Untracked 
|  63|0x0000000783f00000, 0x0000000784000000, 0x0000000784000000|100%| O|  |TAMS 0x0000000783f00000, 0x0000000783f00000| Untracked 
|  64|0x0000000784000000, 0x0000000784100000, 0x0000000784100000|100%| O|  |TAMS 0x0000000784000000, 0x0000000784000000| Untracked 
|  65|0x0000000784100000, 0x0000000784100000, 0x0000000784200000|  0%| F|  |TAMS 0x0000000784100000, 0x0000000784100000| Untracked 
|  66|0x0000000784200000, 0x0000000784200000, 0x0000000784300000|  0%| F|  |TAMS 0x0000000784200000, 0x0000000784200000| Untracked 
|  67|0x0000000784300000, 0x0000000784300000, 0x0000000784400000|  0%| F|  |TAMS 0x0000000784300000, 0x0000000784300000| Untracked 
|  68|0x0000000784400000, 0x0000000784400000, 0x0000000784500000|  0%| F|  |TAMS 0x0000000784400000, 0x0000000784400000| Untracked 
|  69|0x0000000784500000, 0x0000000784500000, 0x0000000784600000|  0%| F|  |TAMS 0x0000000784500000, 0x0000000784500000| Untracked 
|  70|0x0000000784600000, 0x0000000784600000, 0x0000000784700000|  0%| F|  |TAMS 0x0000000784600000, 0x0000000784600000| Untracked 
|  71|0x0000000784700000, 0x0000000784700000, 0x0000000784800000|  0%| F|  |TAMS 0x0000000784700000, 0x0000000784700000| Untracked 
|  72|0x0000000784800000, 0x0000000784800000, 0x0000000784900000|  0%| F|  |TAMS 0x0000000784800000, 0x0000000784800000| Untracked 
|  73|0x0000000784900000, 0x0000000784900000, 0x0000000784a00000|  0%| F|  |TAMS 0x0000000784900000, 0x0000000784900000| Untracked 
|  74|0x0000000784a00000, 0x0000000784a00000, 0x0000000784b00000|  0%| F|  |TAMS 0x0000000784a00000, 0x0000000784a00000| Untracked 
|  75|0x0000000784b00000, 0x0000000784b00000, 0x0000000784c00000|  0%| F|  |TAMS 0x0000000784b00000, 0x0000000784b00000| Untracked 
|  76|0x0000000784c00000, 0x0000000784c00000, 0x0000000784d00000|  0%| F|  |TAMS 0x0000000784c00000, 0x0000000784c00000| Untracked 
|  77|0x0000000784d00000, 0x0000000784d00000, 0x0000000784e00000|  0%| F|  |TAMS 0x0000000784d00000, 0x0000000784d00000| Untracked 
|  78|0x0000000784e00000, 0x0000000784e00000, 0x0000000784f00000|  0%| F|  |TAMS 0x0000000784e00000, 0x0000000784e00000| Untracked 
|  79|0x0000000784f00000, 0x0000000784f00000, 0x0000000785000000|  0%| F|  |TAMS 0x0000000784f00000, 0x0000000784f00000| Untracked 
|  80|0x0000000785000000, 0x0000000785000000, 0x0000000785100000|  0%| F|  |TAMS 0x0000000785000000, 0x0000000785000000| Untracked 
|  81|0x0000000785100000, 0x0000000785100000, 0x0000000785200000|  0%| F|  |TAMS 0x0000000785100000, 0x0000000785100000| Untracked 
|  82|0x0000000785200000, 0x0000000785200000, 0x0000000785300000|  0%| F|  |TAMS 0x0000000785200000, 0x0000000785200000| Untracked 
|  83|0x0000000785300000, 0x0000000785300000, 0x0000000785400000|  0%| F|  |TAMS 0x0000000785300000, 0x0000000785300000| Untracked 
|  84|0x0000000785400000, 0x0000000785400000, 0x0000000785500000|  0%| F|  |TAMS 0x0000000785400000, 0x0000000785400000| Untracked 
|  85|0x0000000785500000, 0x0000000785500000, 0x0000000785600000|  0%| F|  |TAMS 0x0000000785500000, 0x0000000785500000| Untracked 
|  86|0x0000000785600000, 0x0000000785600000, 0x0000000785700000|  0%| F|  |TAMS 0x0000000785600000, 0x0000000785600000| Untracked 
|  87|0x0000000785700000, 0x0000000785700000, 0x0000000785800000|  0%| F|  |TAMS 0x0000000785700000, 0x0000000785700000| Untracked 
|  88|0x0000000785800000, 0x0000000785800000, 0x0000000785900000|  0%| F|  |TAMS 0x0000000785800000, 0x0000000785800000| Untracked 
|  89|0x0000000785900000, 0x0000000785900000, 0x0000000785a00000|  0%| F|  |TAMS 0x0000000785900000, 0x0000000785900000| Untracked 
|  90|0x0000000785a00000, 0x0000000785a00000, 0x0000000785b00000|  0%| F|  |TAMS 0x0000000785a00000, 0x0000000785a00000| Untracked 
|  91|0x0000000785b00000, 0x0000000785b00000, 0x0000000785c00000|  0%| F|  |TAMS 0x0000000785b00000, 0x0000000785b00000| Untracked 
|  92|0x0000000785c00000, 0x0000000785c00000, 0x0000000785d00000|  0%| F|  |TAMS 0x0000000785c00000, 0x0000000785c00000| Untracked 
|  93|0x0000000785d00000, 0x0000000785d00000, 0x0000000785e00000|  0%| F|  |TAMS 0x0000000785d00000, 0x0000000785d00000| Untracked 
|  94|0x0000000785e00000, 0x0000000785e00000, 0x0000000785f00000|  0%| F|  |TAMS 0x0000000785e00000, 0x0000000785e00000| Untracked 
|  95|0x0000000785f00000, 0x0000000785f00000, 0x0000000786000000|  0%| F|  |TAMS 0x0000000785f00000, 0x0000000785f00000| Untracked 
|  96|0x0000000786000000, 0x0000000786000000, 0x0000000786100000|  0%| F|  |TAMS 0x0000000786000000, 0x0000000786000000| Untracked 
|  97|0x0000000786100000, 0x0000000786100000, 0x0000000786200000|  0%| F|  |TAMS 0x0000000786100000, 0x0000000786100000| Untracked 
|  98|0x0000000786200000, 0x0000000786200000, 0x0000000786300000|  0%| F|  |TAMS 0x0000000786200000, 0x0000000786200000| Untracked 
|  99|0x0000000786300000, 0x0000000786300000, 0x0000000786400000|  0%| F|  |TAMS 0x0000000786300000, 0x0000000786300000| Untracked 
| 100|0x0000000786400000, 0x0000000786400000, 0x0000000786500000|  0%| F|  |TAMS 0x0000000786400000, 0x0000000786400000| Untracked 
| 101|0x0000000786500000, 0x0000000786500000, 0x0000000786600000|  0%| F|  |TAMS 0x0000000786500000, 0x0000000786500000| Untracked 
| 102|0x0000000786600000, 0x0000000786600000, 0x0000000786700000|  0%| F|  |TAMS 0x0000000786600000, 0x0000000786600000| Untracked 
| 103|0x0000000786700000, 0x0000000786700000, 0x0000000786800000|  0%| F|  |TAMS 0x0000000786700000, 0x0000000786700000| Untracked 
| 104|0x0000000786800000, 0x0000000786800000, 0x0000000786900000|  0%| F|  |TAMS 0x0000000786800000, 0x0000000786800000| Untracked 
| 105|0x0000000786900000, 0x0000000786900000, 0x0000000786a00000|  0%| F|  |TAMS 0x0000000786900000, 0x0000000786900000| Untracked 
| 106|0x0000000786a00000, 0x0000000786a00000, 0x0000000786b00000|  0%| F|  |TAMS 0x0000000786a00000, 0x0000000786a00000| Untracked 
| 107|0x0000000786b00000, 0x0000000786b00000, 0x0000000786c00000|  0%| F|  |TAMS 0x0000000786b00000, 0x0000000786b00000| Untracked 
| 108|0x0000000786c00000, 0x0000000786c00000, 0x0000000786d00000|  0%| F|  |TAMS 0x0000000786c00000, 0x0000000786c00000| Untracked 
| 109|0x0000000786d00000, 0x0000000786d00000, 0x0000000786e00000|  0%| F|  |TAMS 0x0000000786d00000, 0x0000000786d00000| Untracked 
| 110|0x0000000786e00000, 0x0000000786e00000, 0x0000000786f00000|  0%| F|  |TAMS 0x0000000786e00000, 0x0000000786e00000| Untracked 
| 111|0x0000000786f00000, 0x0000000786f00000, 0x0000000787000000|  0%| F|  |TAMS 0x0000000786f00000, 0x0000000786f00000| Untracked 
| 112|0x0000000787000000, 0x0000000787000000, 0x0000000787100000|  0%| F|  |TAMS 0x0000000787000000, 0x0000000787000000| Untracked 
| 113|0x0000000787100000, 0x0000000787100000, 0x0000000787200000|  0%| F|  |TAMS 0x0000000787100000, 0x0000000787100000| Untracked 
| 114|0x0000000787200000, 0x0000000787200000, 0x0000000787300000|  0%| F|  |TAMS 0x0000000787200000, 0x0000000787200000| Untracked 
| 115|0x0000000787300000, 0x0000000787300000, 0x0000000787400000|  0%| F|  |TAMS 0x0000000787300000, 0x0000000787300000| Untracked 
| 116|0x0000000787400000, 0x0000000787400000, 0x0000000787500000|  0%| F|  |TAMS 0x0000000787400000, 0x0000000787400000| Untracked 
| 117|0x0000000787500000, 0x0000000787500000, 0x0000000787600000|  0%| F|  |TAMS 0x0000000787500000, 0x0000000787500000| Untracked 
| 118|0x0000000787600000, 0x0000000787600000, 0x0000000787700000|  0%| F|  |TAMS 0x0000000787600000, 0x0000000787600000| Untracked 
| 119|0x0000000787700000, 0x0000000787700000, 0x0000000787800000|  0%| F|  |TAMS 0x0000000787700000, 0x0000000787700000| Untracked 
| 120|0x0000000787800000, 0x0000000787800000, 0x0000000787900000|  0%| F|  |TAMS 0x0000000787800000, 0x0000000787800000| Untracked 
| 121|0x0000000787900000, 0x0000000787900000, 0x0000000787a00000|  0%| F|  |TAMS 0x0000000787900000, 0x0000000787900000| Untracked 
| 122|0x0000000787a00000, 0x0000000787a00000, 0x0000000787b00000|  0%| F|  |TAMS 0x0000000787a00000, 0x0000000787a00000| Untracked 
| 123|0x0000000787b00000, 0x0000000787b00000, 0x0000000787c00000|  0%| F|  |TAMS 0x0000000787b00000, 0x0000000787b00000| Untracked 
| 124|0x0000000787c00000, 0x0000000787c00000, 0x0000000787d00000|  0%| F|  |TAMS 0x0000000787c00000, 0x0000000787c00000| Untracked 
| 125|0x0000000787d00000, 0x0000000787d00000, 0x0000000787e00000|  0%| F|  |TAMS 0x0000000787d00000, 0x0000000787d00000| Untracked 
| 126|0x0000000787e00000, 0x0000000787e00000, 0x0000000787f00000|  0%| F|  |TAMS 0x0000000787e00000, 0x0000000787e00000| Untracked 
| 127|0x0000000787f00000, 0x0000000787f00000, 0x0000000788000000|  0%| F|  |TAMS 0x0000000787f00000, 0x0000000787f00000| Untracked 
| 128|0x0000000788000000, 0x0000000788000000, 0x0000000788100000|  0%| F|  |TAMS 0x0000000788000000, 0x0000000788000000| Untracked 
| 129|0x0000000788100000, 0x0000000788100000, 0x0000000788200000|  0%| F|  |TAMS 0x0000000788100000, 0x0000000788100000| Untracked 
| 130|0x0000000788200000, 0x0000000788200000, 0x0000000788300000|  0%| F|  |TAMS 0x0000000788200000, 0x0000000788200000| Untracked 
| 131|0x0000000788300000, 0x0000000788300000, 0x0000000788400000|  0%| F|  |TAMS 0x0000000788300000, 0x0000000788300000| Untracked 
| 132|0x0000000788400000, 0x0000000788400000, 0x0000000788500000|  0%| F|  |TAMS 0x0000000788400000, 0x0000000788400000| Untracked 
| 133|0x0000000788500000, 0x0000000788500000, 0x0000000788600000|  0%| F|  |TAMS 0x0000000788500000, 0x0000000788500000| Untracked 
| 134|0x0000000788600000, 0x0000000788600000, 0x0000000788700000|  0%| F|  |TAMS 0x0000000788600000, 0x0000000788600000| Untracked 
| 135|0x0000000788700000, 0x0000000788700000, 0x0000000788800000|  0%| F|  |TAMS 0x0000000788700000, 0x0000000788700000| Untracked 
| 136|0x0000000788800000, 0x0000000788800000, 0x0000000788900000|  0%| F|  |TAMS 0x0000000788800000, 0x0000000788800000| Untracked 
| 137|0x0000000788900000, 0x0000000788900000, 0x0000000788a00000|  0%| F|  |TAMS 0x0000000788900000, 0x0000000788900000| Untracked 
| 138|0x0000000788a00000, 0x0000000788a00000, 0x0000000788b00000|  0%| F|  |TAMS 0x0000000788a00000, 0x0000000788a00000| Untracked 
| 139|0x0000000788b00000, 0x0000000788b00000, 0x0000000788c00000|  0%| F|  |TAMS 0x0000000788b00000, 0x0000000788b00000| Untracked 
| 140|0x0000000788c00000, 0x0000000788c00000, 0x0000000788d00000|  0%| F|  |TAMS 0x0000000788c00000, 0x0000000788c00000| Untracked 
| 141|0x0000000788d00000, 0x0000000788d00000, 0x0000000788e00000|  0%| F|  |TAMS 0x0000000788d00000, 0x0000000788d00000| Untracked 
| 142|0x0000000788e00000, 0x0000000788f00000, 0x0000000788f00000|100%| S|CS|TAMS 0x0000000788e00000, 0x0000000788e00000| Complete 
| 143|0x0000000788f00000, 0x0000000789000000, 0x0000000789000000|100%| S|CS|TAMS 0x0000000788f00000, 0x0000000788f00000| Complete 
| 144|0x0000000789000000, 0x0000000789100000, 0x0000000789100000|100%| S|CS|TAMS 0x0000000789000000, 0x0000000789000000| Complete 
| 145|0x0000000789100000, 0x0000000789200000, 0x0000000789200000|100%| S|CS|TAMS 0x0000000789100000, 0x0000000789100000| Complete 
| 146|0x0000000789200000, 0x0000000789300000, 0x0000000789300000|100%| S|CS|TAMS 0x0000000789200000, 0x0000000789200000| Complete 
| 147|0x0000000789300000, 0x0000000789400000, 0x0000000789400000|100%| S|CS|TAMS 0x0000000789300000, 0x0000000789300000| Complete 
| 148|0x0000000789400000, 0x0000000789500000, 0x0000000789500000|100%| S|CS|TAMS 0x0000000789400000, 0x0000000789400000| Complete 
| 149|0x0000000789500000, 0x0000000789600000, 0x0000000789600000|100%| S|CS|TAMS 0x0000000789500000, 0x0000000789500000| Complete 
| 150|0x0000000789600000, 0x0000000789700000, 0x0000000789700000|100%| S|CS|TAMS 0x0000000789600000, 0x0000000789600000| Complete 
| 151|0x0000000789700000, 0x0000000789700000, 0x0000000789800000|  0%| F|  |TAMS 0x0000000789700000, 0x0000000789700000| Untracked 
| 152|0x0000000789800000, 0x0000000789800000, 0x0000000789900000|  0%| F|  |TAMS 0x0000000789800000, 0x0000000789800000| Untracked 
| 153|0x0000000789900000, 0x0000000789900000, 0x0000000789a00000|  0%| F|  |TAMS 0x0000000789900000, 0x0000000789900000| Untracked 
| 154|0x0000000789a00000, 0x0000000789a00000, 0x0000000789b00000|  0%| F|  |TAMS 0x0000000789a00000, 0x0000000789a00000| Untracked 
| 155|0x0000000789b00000, 0x0000000789b00000, 0x0000000789c00000|  0%| F|  |TAMS 0x0000000789b00000, 0x0000000789b00000| Untracked 
| 156|0x0000000789c00000, 0x0000000789c00000, 0x0000000789d00000|  0%| F|  |TAMS 0x0000000789c00000, 0x0000000789c00000| Untracked 
| 157|0x0000000789d00000, 0x0000000789d00000, 0x0000000789e00000|  0%| F|  |TAMS 0x0000000789d00000, 0x0000000789d00000| Untracked 
| 158|0x0000000789e00000, 0x0000000789e00000, 0x0000000789f00000|  0%| F|  |TAMS 0x0000000789e00000, 0x0000000789e00000| Untracked 
| 159|0x0000000789f00000, 0x0000000789f72498, 0x000000078a000000| 44%| E|  |TAMS 0x0000000789f00000, 0x0000000789f00000| Complete 
| 160|0x000000078a000000, 0x000000078a100000, 0x000000078a100000|100%| E|CS|TAMS 0x000000078a000000, 0x000000078a000000| Complete 
| 161|0x000000078a100000, 0x000000078a200000, 0x000000078a200000|100%| E|CS|TAMS 0x000000078a100000, 0x000000078a100000| Complete 
| 162|0x000000078a200000, 0x000000078a300000, 0x000000078a300000|100%| E|CS|TAMS 0x000000078a200000, 0x000000078a200000| Complete 
| 163|0x000000078a300000, 0x000000078a400000, 0x000000078a400000|100%| E|CS|TAMS 0x000000078a300000, 0x000000078a300000| Complete 
| 164|0x000000078a400000, 0x000000078a500000, 0x000000078a500000|100%| E|CS|TAMS 0x000000078a400000, 0x000000078a400000| Complete 
| 165|0x000000078a500000, 0x000000078a600000, 0x000000078a600000|100%| E|CS|TAMS 0x000000078a500000, 0x000000078a500000| Complete 
| 166|0x000000078a600000, 0x000000078a700000, 0x000000078a700000|100%| E|CS|TAMS 0x000000078a600000, 0x000000078a600000| Complete 
| 167|0x000000078a700000, 0x000000078a800000, 0x000000078a800000|100%| E|CS|TAMS 0x000000078a700000, 0x000000078a700000| Complete 
| 168|0x000000078a800000, 0x000000078a900000, 0x000000078a900000|100%| E|CS|TAMS 0x000000078a800000, 0x000000078a800000| Complete 
| 169|0x000000078a900000, 0x000000078aa00000, 0x000000078aa00000|100%| E|CS|TAMS 0x000000078a900000, 0x000000078a900000| Complete 
| 170|0x000000078aa00000, 0x000000078ab00000, 0x000000078ab00000|100%| E|CS|TAMS 0x000000078aa00000, 0x000000078aa00000| Complete 
| 171|0x000000078ab00000, 0x000000078ac00000, 0x000000078ac00000|100%| E|CS|TAMS 0x000000078ab00000, 0x000000078ab00000| Complete 
| 172|0x000000078ac00000, 0x000000078ad00000, 0x000000078ad00000|100%| E|CS|TAMS 0x000000078ac00000, 0x000000078ac00000| Complete 
| 173|0x000000078ad00000, 0x000000078ae00000, 0x000000078ae00000|100%| E|CS|TAMS 0x000000078ad00000, 0x000000078ad00000| Complete 
| 174|0x000000078ae00000, 0x000000078af00000, 0x000000078af00000|100%| E|CS|TAMS 0x000000078ae00000, 0x000000078ae00000| Complete 
| 175|0x000000078af00000, 0x000000078b000000, 0x000000078b000000|100%| E|CS|TAMS 0x000000078af00000, 0x000000078af00000| Complete 
| 176|0x000000078b000000, 0x000000078b100000, 0x000000078b100000|100%| E|CS|TAMS 0x000000078b000000, 0x000000078b000000| Complete 
| 177|0x000000078b100000, 0x000000078b200000, 0x000000078b200000|100%| E|CS|TAMS 0x000000078b100000, 0x000000078b100000| Complete 
| 178|0x000000078b200000, 0x000000078b300000, 0x000000078b300000|100%| E|CS|TAMS 0x000000078b200000, 0x000000078b200000| Complete 
| 179|0x000000078b300000, 0x000000078b400000, 0x000000078b400000|100%| E|CS|TAMS 0x000000078b300000, 0x000000078b300000| Complete 
| 180|0x000000078b400000, 0x000000078b500000, 0x000000078b500000|100%| E|CS|TAMS 0x000000078b400000, 0x000000078b400000| Complete 
| 181|0x000000078b500000, 0x000000078b600000, 0x000000078b600000|100%| E|CS|TAMS 0x000000078b500000, 0x000000078b500000| Complete 
| 182|0x000000078b600000, 0x000000078b700000, 0x000000078b700000|100%| E|CS|TAMS 0x000000078b600000, 0x000000078b600000| Complete 
| 183|0x000000078b700000, 0x000000078b800000, 0x000000078b800000|100%| E|CS|TAMS 0x000000078b700000, 0x000000078b700000| Complete 
| 184|0x000000078b800000, 0x000000078b900000, 0x000000078b900000|100%| E|CS|TAMS 0x000000078b800000, 0x000000078b800000| Complete 
| 185|0x000000078b900000, 0x000000078ba00000, 0x000000078ba00000|100%| E|CS|TAMS 0x000000078b900000, 0x000000078b900000| Complete 
| 186|0x000000078ba00000, 0x000000078bb00000, 0x000000078bb00000|100%| E|CS|TAMS 0x000000078ba00000, 0x000000078ba00000| Complete 
| 187|0x000000078bb00000, 0x000000078bc00000, 0x000000078bc00000|100%| E|CS|TAMS 0x000000078bb00000, 0x000000078bb00000| Complete 
| 188|0x000000078bc00000, 0x000000078bd00000, 0x000000078bd00000|100%| E|CS|TAMS 0x000000078bc00000, 0x000000078bc00000| Complete 
| 189|0x000000078bd00000, 0x000000078be00000, 0x000000078be00000|100%| E|CS|TAMS 0x000000078bd00000, 0x000000078bd00000| Complete 
| 190|0x000000078be00000, 0x000000078bf00000, 0x000000078bf00000|100%| E|CS|TAMS 0x000000078be00000, 0x000000078be00000| Complete 
| 191|0x000000078bf00000, 0x000000078c000000, 0x000000078c000000|100%| E|CS|TAMS 0x000000078bf00000, 0x000000078bf00000| Complete 
| 192|0x000000078c000000, 0x000000078c100000, 0x000000078c100000|100%| E|CS|TAMS 0x000000078c000000, 0x000000078c000000| Complete 
| 193|0x000000078c100000, 0x000000078c200000, 0x000000078c200000|100%| E|CS|TAMS 0x000000078c100000, 0x000000078c100000| Complete 
| 194|0x000000078c200000, 0x000000078c300000, 0x000000078c300000|100%| E|CS|TAMS 0x000000078c200000, 0x000000078c200000| Complete 
| 195|0x000000078c300000, 0x000000078c400000, 0x000000078c400000|100%| E|CS|TAMS 0x000000078c300000, 0x000000078c300000| Complete 
| 196|0x000000078c400000, 0x000000078c500000, 0x000000078c500000|100%| E|CS|TAMS 0x000000078c400000, 0x000000078c400000| Complete 
| 197|0x000000078c500000, 0x000000078c600000, 0x000000078c600000|100%| E|CS|TAMS 0x000000078c500000, 0x000000078c500000| Complete 
| 198|0x000000078c600000, 0x000000078c700000, 0x000000078c700000|100%| E|CS|TAMS 0x000000078c600000, 0x000000078c600000| Complete 
| 199|0x000000078c700000, 0x000000078c800000, 0x000000078c800000|100%| E|CS|TAMS 0x000000078c700000, 0x000000078c700000| Complete 
| 200|0x000000078c800000, 0x000000078c900000, 0x000000078c900000|100%| E|CS|TAMS 0x000000078c800000, 0x000000078c800000| Complete 
| 201|0x000000078c900000, 0x000000078ca00000, 0x000000078ca00000|100%| E|CS|TAMS 0x000000078c900000, 0x000000078c900000| Complete 
| 202|0x000000078ca00000, 0x000000078cb00000, 0x000000078cb00000|100%| E|CS|TAMS 0x000000078ca00000, 0x000000078ca00000| Complete 
| 203|0x000000078cb00000, 0x000000078cc00000, 0x000000078cc00000|100%| E|CS|TAMS 0x000000078cb00000, 0x000000078cb00000| Complete 
| 204|0x000000078cc00000, 0x000000078cd00000, 0x000000078cd00000|100%| E|CS|TAMS 0x000000078cc00000, 0x000000078cc00000| Complete 
| 205|0x000000078cd00000, 0x000000078ce00000, 0x000000078ce00000|100%| E|CS|TAMS 0x000000078cd00000, 0x000000078cd00000| Complete 
| 206|0x000000078ce00000, 0x000000078cf00000, 0x000000078cf00000|100%| E|CS|TAMS 0x000000078ce00000, 0x000000078ce00000| Complete 
| 207|0x000000078cf00000, 0x000000078d000000, 0x000000078d000000|100%| E|CS|TAMS 0x000000078cf00000, 0x000000078cf00000| Complete 
| 208|0x000000078d000000, 0x000000078d100000, 0x000000078d100000|100%| E|CS|TAMS 0x000000078d000000, 0x000000078d000000| Complete 
| 209|0x000000078d100000, 0x000000078d200000, 0x000000078d200000|100%| E|CS|TAMS 0x000000078d100000, 0x000000078d100000| Complete 
| 210|0x000000078d200000, 0x000000078d300000, 0x000000078d300000|100%| E|CS|TAMS 0x000000078d200000, 0x000000078d200000| Complete 
| 211|0x000000078d300000, 0x000000078d400000, 0x000000078d400000|100%| E|CS|TAMS 0x000000078d300000, 0x000000078d300000| Complete 
| 212|0x000000078d400000, 0x000000078d500000, 0x000000078d500000|100%| E|CS|TAMS 0x000000078d400000, 0x000000078d400000| Complete 
| 213|0x000000078d500000, 0x000000078d600000, 0x000000078d600000|100%| E|CS|TAMS 0x000000078d500000, 0x000000078d500000| Complete 
| 214|0x000000078d600000, 0x000000078d700000, 0x000000078d700000|100%| E|CS|TAMS 0x000000078d600000, 0x000000078d600000| Complete 
| 215|0x000000078d700000, 0x000000078d800000, 0x000000078d800000|100%| E|CS|TAMS 0x000000078d700000, 0x000000078d700000| Complete 
|2044|0x00000007ffc00000, 0x00000007ffd00000, 0x00000007ffd00000|100%| O|  |TAMS 0x00000007ffd00000, 0x00000007ffc00000| Untracked 
|2045|0x00000007ffd00000, 0x00000007ffe00000, 0x00000007ffe00000|100%| O|  |TAMS 0x00000007ffe00000, 0x00000007ffd00000| Untracked 
|2046|0x00000007ffe00000, 0x00000007ffe74000, 0x00000007fff00000| 45%|OA|  |TAMS 0x00000007ffe74000, 0x00000007ffe00000| Untracked 
|2047|0x00000007fff00000, 0x00000007fff74000, 0x0000000800000000| 45%|CA|  |TAMS 0x00000007fff74000, 0x00000007fff00000| Untracked 

Card table byte_map: [0x0000000100ddc000,0x00000001011dc000] _byte_map_base: 0x00000000fd1dc000

Marking Bits (Prev, Next): (CMBitMap*) 0x0000000133014850, (CMBitMap*) 0x0000000133014810
 Prev Bits: [0x000000010f548000, 0x0000000111548000)
 Next Bits: [0x000000010d548000, 0x000000010f548000)

Polling page: 0x00000001007f8000

Metaspace:

Usage:
  Non-class:     58.86 MB used.
      Class:      9.98 MB used.
       Both:     68.84 MB used.

Virtual space:
  Non-class space:       64.00 MB reserved,      59.06 MB ( 92%) committed,  1 nodes.
      Class space:        1.00 GB reserved,      10.19 MB ( <1%) committed,  1 nodes.
             Both:        1.06 GB reserved,      69.25 MB (  6%) committed. 

Chunk freelists:
   Non-Class:  4.50 MB
       Class:  5.73 MB
        Both:  10.23 MB

MaxMetaspaceSize: unlimited
CompressedClassSpaceSize: 1.00 GB
Initial GC threshold: 21.00 MB
Current GC threshold: 77.44 MB
CDS: on
MetaspaceReclaimPolicy: balanced
 - commit_granule_bytes: 65536.
 - commit_granule_words: 8192.
 - virtual_space_node_default_size: 8388608.
 - enlarge_chunks_in_place: 1.
 - new_chunks_are_fully_committed: 0.
 - uncommit_free_chunks: 1.
 - use_allocation_guard: 0.
 - handle_deallocations: 1.


Internal statistics:

num_allocs_failed_limit: 6.
num_arena_births: 584.
num_arena_deaths: 0.
num_vsnodes_births: 2.
num_vsnodes_deaths: 0.
num_space_committed: 1108.
num_space_uncommitted: 0.
num_chunks_returned_to_freelist: 6.
num_chunks_taken_from_freelist: 3111.
num_chunk_merges: 6.
num_chunk_splits: 2208.
num_chunks_enlarged: 1732.
num_inconsistent_stats: 0.

CodeCache: size=49152Kb used=13010Kb max_used=13010Kb free=36141Kb
 bounds [0x000000010a548000, 0x000000010b208000, 0x000000010d548000]
 total_blobs=8086 nmethods=7412 adapters=604
 compilation: enabled
              stopped_count=0, restarted_count=0
 full_count=0

Compilation events (20 events):
Event: 529.693 Thread 0x00000001330a0000 nmethod 7902 0x000000010b1f6990 code [0x000000010b1f6c80, 0x000000010b1f7878]
Event: 529.693 Thread 0x00000001330a0000 7903   !   1       org.apache.catalina.core.ContainerBase::backgroundProcess (168 bytes)
Event: 529.696 Thread 0x00000001330a0000 nmethod 7903 0x000000010b1f8290 code [0x000000010b1f8540, 0x000000010b1f8e98]
Event: 529.696 Thread 0x00000001330a0000 7904       1       org.apache.catalina.mapper.MapperListener::lifecycleEvent (178 bytes)
Event: 529.697 Thread 0x00000001330a0000 nmethod 7904 0x000000010b1f9510 code [0x000000010b1f97c0, 0x000000010b1f9fd8]
Event: 546.108 Thread 0x00000001330a0000 7905       1       sun.nio.cs.UTF_8::newDecoder (9 bytes)
Event: 546.109 Thread 0x00000001330a0000 nmethod 7905 0x000000010b1fa390 code [0x000000010b1fa540, 0x000000010b1fa6b8]
Event: 546.109 Thread 0x00000001330a0000 7906       1       sun.nio.cs.UTF_8$Decoder::<init> (8 bytes)
Event: 546.109 Thread 0x00000001330a0000 nmethod 7906 0x000000010b1fa790 code [0x000000010b1fa940, 0x000000010b1faa38]
Event: 552.279 Thread 0x00000001330a0000 7907       1       org.apache.http.conn.EofSensorInputStream::<init> (27 bytes)
Event: 552.281 Thread 0x00000001330a0000 nmethod 7907 0x000000010b1fab10 code [0x000000010b1fad00, 0x000000010b1faff8]
Event: 554.626 Thread 0x00000001330a0000 7908       1       java.util.Collections$UnmodifiableMap$UnmodifiableEntrySet$1::<init> (26 bytes)
Event: 554.626 Thread 0x00000001330a0000 nmethod 7908 0x000000010b1fb190 code [0x000000010b1fb340, 0x000000010b1fb4f8]
Event: 554.641 Thread 0x00000001330a0000 7910       1       org.apache.http.impl.io.AbstractSessionInputBuffer::readLine (198 bytes)
Event: 554.642 Thread 0x00000001330a0000 nmethod 7910 0x000000010b1fb590 code [0x000000010b1fb7c0, 0x000000010b1fbd78]
Event: 554.642 Thread 0x00000001330a0000 7909       1       org.apache.http.impl.io.AbstractSessionInputBuffer::lineFromReadBuffer (90 bytes)
Event: 554.642 Thread 0x00000001330a0000 nmethod 7909 0x000000010b1fc190 code [0x000000010b1fc340, 0x000000010b1fc538]
Event: 554.645 Thread 0x00000001330a0000 7911       1       java.lang.Double::isNaN (12 bytes)
Event: 554.645 Thread 0x00000001330a0000 nmethod 7911 0x000000010b1fc690 code [0x000000010b1fc800, 0x000000010b1fc898]
Event: 556.331 Thread 0x00000001330a0000 7912       1       org.apache.commons.logging.LogAdapter$Slf4jLocationAwareLog::debug (47 bytes)

GC Heap History (20 events):
Event: 11.310 GC heap before
{Heap before GC invocations=9 (full 0):
 garbage-first heap   total 90112K, used 66618K [0x0000000780000000, 0x0000000800000000)
  region size 1024K, 43 young (44032K), 4 survivors (4096K)
 Metaspace       used 46902K, committed 47168K, reserved 1114112K
  class space    used 6719K, committed 6848K, reserved 1048576K
}
Event: 11.317 GC heap after
{Heap after GC invocations=10 (full 0):
 garbage-first heap   total 90112K, used 30798K [0x0000000780000000, 0x0000000800000000)
  region size 1024K, 4 young (4096K), 4 survivors (4096K)
 Metaspace       used 46902K, committed 47168K, reserved 1114112K
  class space    used 6719K, committed 6848K, reserved 1048576K
}
Event: 11.897 GC heap before
{Heap before GC invocations=10 (full 0):
 garbage-first heap   total 90112K, used 66638K [0x0000000780000000, 0x0000000800000000)
  region size 1024K, 39 young (39936K), 4 survivors (4096K)
 Metaspace       used 47136K, committed 47424K, reserved 1114112K
  class space    used 6740K, committed 6848K, reserved 1048576K
}
Event: 11.902 GC heap after
{Heap after GC invocations=11 (full 0):
 garbage-first heap   total 90112K, used 41984K [0x0000000780000000, 0x0000000800000000)
  region size 1024K, 5 young (5120K), 5 survivors (5120K)
 Metaspace       used 47136K, committed 47424K, reserved 1114112K
  class space    used 6740K, committed 6848K, reserved 1048576K
}
Event: 12.907 GC heap before
{Heap before GC invocations=11 (full 0):
 garbage-first heap   total 90112K, used 61440K [0x0000000780000000, 0x0000000800000000)
  region size 1024K, 25 young (25600K), 5 survivors (5120K)
 Metaspace       used 47197K, committed 47552K, reserved 1114112K
  class space    used 6751K, committed 6912K, reserved 1048576K
}
Event: 12.916 GC heap after
{Heap after GC invocations=12 (full 0):
 garbage-first heap   total 90112K, used 59349K [0x0000000780000000, 0x0000000800000000)
  region size 1024K, 4 young (4096K), 4 survivors (4096K)
 Metaspace       used 47197K, committed 47552K, reserved 1114112K
  class space    used 6751K, committed 6912K, reserved 1048576K
}
Event: 12.930 GC heap before
{Heap before GC invocations=12 (full 0):
 garbage-first heap   total 90112K, used 66517K [0x0000000780000000, 0x0000000800000000)
  region size 1024K, 11 young (11264K), 4 survivors (4096K)
 Metaspace       used 47197K, committed 47552K, reserved 1114112K
  class space    used 6751K, committed 6912K, reserved 1048576K
}
Event: 12.933 GC heap after
{Heap after GC invocations=13 (full 0):
 garbage-first heap   total 90112K, used 61589K [0x0000000780000000, 0x0000000800000000)
  region size 1024K, 1 young (1024K), 1 survivors (1024K)
 Metaspace       used 47197K, committed 47552K, reserved 1114112K
  class space    used 6751K, committed 6912K, reserved 1048576K
}
Event: 12.945 GC heap before
{Heap before GC invocations=13 (full 0):
 garbage-first heap   total 90112K, used 68757K [0x0000000780000000, 0x0000000800000000)
  region size 1024K, 8 young (8192K), 1 survivors (1024K)
 Metaspace       used 47197K, committed 47552K, reserved 1114112K
  class space    used 6751K, committed 6912K, reserved 1048576K
}
Event: 12.946 GC heap after
{Heap after GC invocations=14 (full 0):
 garbage-first heap   total 90112K, used 65058K [0x0000000780000000, 0x0000000800000000)
  region size 1024K, 1 young (1024K), 1 survivors (1024K)
 Metaspace       used 47197K, committed 47552K, reserved 1114112K
  class space    used 6751K, committed 6912K, reserved 1048576K
}
Event: 12.960 GC heap before
{Heap before GC invocations=14 (full 0):
 garbage-first heap   total 102400K, used 61986K [0x0000000780000000, 0x0000000800000000)
  region size 1024K, 6 young (6144K), 1 survivors (1024K)
 Metaspace       used 47197K, committed 47552K, reserved 1114112K
  class space    used 6751K, committed 6912K, reserved 1048576K
}
Event: 12.961 GC heap after
{Heap after GC invocations=15 (full 0):
 garbage-first heap   total 102400K, used 59867K [0x0000000780000000, 0x0000000800000000)
  region size 1024K, 1 young (1024K), 1 survivors (1024K)
 Metaspace       used 47197K, committed 47552K, reserved 1114112K
  class space    used 6751K, committed 6912K, reserved 1048576K
}
Event: 13.018 GC heap before
{Heap before GC invocations=16 (full 0):
 garbage-first heap   total 102400K, used 73179K [0x0000000780000000, 0x0000000800000000)
  region size 1024K, 14 young (14336K), 1 survivors (1024K)
 Metaspace       used 48573K, committed 48960K, reserved 1114112K
  class space    used 6964K, committed 7168K, reserved 1048576K
}
Event: 13.021 GC heap after
{Heap after GC invocations=17 (full 0):
 garbage-first heap   total 102400K, used 67448K [0x0000000780000000, 0x0000000800000000)
  region size 1024K, 2 young (2048K), 2 survivors (2048K)
 Metaspace       used 48573K, committed 48960K, reserved 1114112K
  class space    used 6964K, committed 7168K, reserved 1048576K
}
Event: 13.046 GC heap before
{Heap before GC invocations=17 (full 0):
 garbage-first heap   total 102400K, used 69496K [0x0000000780000000, 0x0000000800000000)
  region size 1024K, 5 young (5120K), 2 survivors (2048K)
 Metaspace       used 49423K, committed 49792K, reserved 1114112K
  class space    used 7083K, committed 7296K, reserved 1048576K
}
Event: 13.048 GC heap after
{Heap after GC invocations=18 (full 0):
 garbage-first heap   total 225280K, used 65559K [0x0000000780000000, 0x0000000800000000)
  region size 1024K, 1 young (1024K), 1 survivors (1024K)
 Metaspace       used 49423K, committed 49792K, reserved 1114112K
  class space    used 7083K, committed 7296K, reserved 1048576K
}
Event: 13.916 GC heap before
{Heap before GC invocations=18 (full 0):
 garbage-first heap   total 225280K, used 121879K [0x0000000780000000, 0x0000000800000000)
  region size 1024K, 56 young (57344K), 1 survivors (1024K)
 Metaspace       used 58639K, committed 59008K, reserved 1114112K
  class space    used 8554K, committed 8704K, reserved 1048576K
}
Event: 13.919 GC heap after
{Heap after GC invocations=19 (full 0):
 garbage-first heap   total 225280K, used 69831K [0x0000000780000000, 0x0000000800000000)
  region size 1024K, 5 young (5120K), 5 survivors (5120K)
 Metaspace       used 58639K, committed 59008K, reserved 1114112K
  class space    used 8554K, committed 8704K, reserved 1048576K
}
Event: 15.663 GC heap before
{Heap before GC invocations=19 (full 0):
 garbage-first heap   total 225280K, used 130247K [0x0000000780000000, 0x0000000800000000)
  region size 1024K, 65 young (66560K), 5 survivors (5120K)
 Metaspace       used 65677K, committed 66048K, reserved 1114112K
  class space    used 9499K, committed 9664K, reserved 1048576K
}
Event: 15.667 GC heap after
{Heap after GC invocations=20 (full 0):
 garbage-first heap   total 225280K, used 76138K [0x0000000780000000, 0x0000000800000000)
  region size 1024K, 9 young (9216K), 9 survivors (9216K)
 Metaspace       used 65677K, committed 66048K, reserved 1114112K
  class space    used 9499K, committed 9664K, reserved 1048576K
}

Dll operation events (20 events):
Event: 9.025 Loading shared library /System/Library/Java/Extensions/libtcnative-1.dylib failed, dlopen(/System/Library/Java/Extensions/libtcnative-1.dylib, 0x0001): tried: '/System/Library/Java/Extensions/libtcnative-1.dylib' (no such file), '/System/Volumes/Preboot/C
Event: 9.025 Loading shared library /System/Library/Java/Extensions/libtcnative-1.jnilib failed, dlopen(/System/Library/Java/Extensions/libtcnative-1.jnilib, 0x0001): tried: '/System/Library/Java/Extensions/libtcnative-1.jnilib' (no such file), '/System/Volumes/Preboo
Event: 9.025 Loading shared library /usr/lib/java/libtcnative-1.dylib failed, dlopen(/usr/lib/java/libtcnative-1.dylib, 0x0001): tried: '/usr/lib/java/libtcnative-1.dylib' (no such file), '/System/Volumes/Preboot/Cryptexes/OS/usr/lib/java/libtcnative-1.dylib' (no such
Event: 9.025 Loading shared library /usr/lib/java/libtcnative-1.jnilib failed, dlopen(/usr/lib/java/libtcnative-1.jnilib, 0x0001): tried: '/usr/lib/java/libtcnative-1.jnilib' (no such file), '/System/Volumes/Preboot/Cryptexes/OS/usr/lib/java/libtcnative-1.jnilib' (no 
Event: 9.025 Loading shared library /Users/a/Downloads/musicband-service/libtcnative-1.dylib failed, dlopen(/Users/a/Downloads/musicband-service/libtcnative-1.dylib, 0x0001): tried: '/Users/a/Downloads/musicband-service/libtcnative-1.dylib' (no such file), '/System/Vo
Event: 9.025 Loading shared library /Users/a/Downloads/musicband-service/libtcnative-1.jnilib failed, dlopen(/Users/a/Downloads/musicband-service/libtcnative-1.jnilib, 0x0001): tried: '/Users/a/Downloads/musicband-service/libtcnative-1.jnilib' (no such file), '/System
Event: 9.025 Loading shared library /Users/a/Library/Java/JavaVirtualMachines/ms-17.0.17/Contents/Home/lib/liblibtcnative-1.dylib failed, dlopen(/Users/a/Library/Java/JavaVirtualMachines/ms-17.0.17/Contents/Home/lib/liblibtcnative-1.dylib, 0x0001): tried: '/Users/a/Li
Event: 9.025 Loading shared library /Users/a/Library/Java/JavaVirtualMachines/ms-17.0.17/Contents/Home/lib/liblibtcnative-1.jnilib failed, dlopen(/Users/a/Library/Java/JavaVirtualMachines/ms-17.0.17/Contents/Home/lib/liblibtcnative-1.jnilib, 0x0001): tried: '/Users/a/
Event: 9.025 Loading shared library /Users/a/Library/Java/Extensions/liblibtcnative-1.dylib failed, dlopen(/Users/a/Library/Java/Extensions/liblibtcnative-1.dylib, 0x0001): tried: '/Users/a/Library/Java/Extensions/liblibtcnative-1.dylib' (no such file), '/System/Volum
Event: 9.025 Loading shared library /Users/a/Library/Java/Extensions/liblibtcnative-1.jnilib failed, dlopen(/Users/a/Library/Java/Extensions/liblibtcnative-1.jnilib, 0x0001): tried: '/Users/a/Library/Java/Extensions/liblibtcnative-1.jnilib' (no such file), '/System/Vo
Event: 9.025 Loading shared library /Library/Java/Extensions/liblibtcnative-1.dylib failed, dlopen(/Library/Java/Extensions/liblibtcnative-1.dylib, 0x0001): tried: '/Library/Java/Extensions/liblibtcnative-1.dylib' (no such file), '/System/Volumes/Preboot/Cryptexes/OS/
Event: 9.025 Loading shared library /Library/Java/Extensions/liblibtcnative-1.jnilib failed, dlopen(/Library/Java/Extensions/liblibtcnative-1.jnilib, 0x0001): tried: '/Library/Java/Extensions/liblibtcnative-1.jnilib' (no such file), '/System/Volumes/Preboot/Cryptexes/
Event: 9.026 Loading shared library /Network/Library/Java/Extensions/liblibtcnative-1.dylib failed, dlopen(/Network/Library/Java/Extensions/liblibtcnative-1.dylib, 0x0001): tried: '/Network/Library/Java/Extensions/liblibtcnative-1.dylib' (no such file), '/System/Volum
Event: 9.026 Loading shared library /Network/Library/Java/Extensions/liblibtcnative-1.jnilib failed, dlopen(/Network/Library/Java/Extensions/liblibtcnative-1.jnilib, 0x0001): tried: '/Network/Library/Java/Extensions/liblibtcnative-1.jnilib' (no such file), '/System/Vo
Event: 9.026 Loading shared library /System/Library/Java/Extensions/liblibtcnative-1.dylib failed, dlopen(/System/Library/Java/Extensions/liblibtcnative-1.dylib, 0x0001): tried: '/System/Library/Java/Extensions/liblibtcnative-1.dylib' (no such file), '/System/Volumes/
Event: 9.026 Loading shared library /System/Library/Java/Extensions/liblibtcnative-1.jnilib failed, dlopen(/System/Library/Java/Extensions/liblibtcnative-1.jnilib, 0x0001): tried: '/System/Library/Java/Extensions/liblibtcnative-1.jnilib' (no such file), '/System/Volum
Event: 9.026 Loading shared library /usr/lib/java/liblibtcnative-1.dylib failed, dlopen(/usr/lib/java/liblibtcnative-1.dylib, 0x0001): tried: '/usr/lib/java/liblibtcnative-1.dylib' (no such file), '/System/Volumes/Preboot/Cryptexes/OS/usr/lib/java/liblibtcnative-1.dyl
Event: 9.026 Loading shared library /usr/lib/java/liblibtcnative-1.jnilib failed, dlopen(/usr/lib/java/liblibtcnative-1.jnilib, 0x0001): tried: '/usr/lib/java/liblibtcnative-1.jnilib' (no such file), '/System/Volumes/Preboot/Cryptexes/OS/usr/lib/java/liblibtcnative-1.
Event: 9.026 Loading shared library /Users/a/Downloads/musicband-service/liblibtcnative-1.dylib failed, dlopen(/Users/a/Downloads/musicband-service/liblibtcnative-1.dylib, 0x0001): tried: '/Users/a/Downloads/musicband-service/liblibtcnative-1.dylib' (no such file), '/
Event: 9.026 Loading shared library /Users/a/Downloads/musicband-service/liblibtcnative-1.jnilib failed, dlopen(/Users/a/Downloads/musicband-service/liblibtcnative-1.jnilib, 0x0001): tried: '/Users/a/Downloads/musicband-service/liblibtcnative-1.jnilib' (no such file),

Deoptimization events (20 events):
Event: 13.768 Thread 0x000000013300d400 DEOPT PACKING pc=0x000000010ac79ca0 sp=0x000000016f92cd70
Event: 13.768 Thread 0x000000013300d400 DEOPT UNPACKING pc=0x000000010a58f77c sp=0x000000016f92cb50 mode 3
Event: 13.876 Thread 0x000000013300d400 DEOPT PACKING pc=0x000000010aa45900 sp=0x000000016f92de80
Event: 13.876 Thread 0x000000013300d400 DEOPT UNPACKING pc=0x000000010a58f77c sp=0x000000016f92dd20 mode 3
Event: 13.985 Thread 0x000000013300d400 DEOPT PACKING pc=0x000000010ad494f0 sp=0x000000016f929bf0
Event: 13.985 Thread 0x000000013300d400 DEOPT UNPACKING pc=0x000000010a58f77c sp=0x000000016f9298e0 mode 3
Event: 13.986 Thread 0x000000013300d400 DEOPT PACKING pc=0x000000010a73a6b4 sp=0x000000016f929ff0
Event: 13.986 Thread 0x000000013300d400 DEOPT UNPACKING pc=0x000000010a58f77c sp=0x000000016f929cc0 mode 3
Event: 13.987 Thread 0x000000013300d400 DEOPT PACKING pc=0x000000010a72cb78 sp=0x000000016f929ff0
Event: 13.987 Thread 0x000000013300d400 DEOPT UNPACKING pc=0x000000010a58f77c sp=0x000000016f929cb0 mode 3
Event: 13.987 Thread 0x000000013300d400 DEOPT PACKING pc=0x000000010a729b78 sp=0x000000016f929e10
Event: 13.987 Thread 0x000000013300d400 DEOPT UNPACKING pc=0x000000010a58f77c sp=0x000000016f929ac0 mode 3
Event: 14.133 Thread 0x000000013300d400 DEOPT PACKING pc=0x000000010af2c7cc sp=0x000000016f92d040
Event: 14.133 Thread 0x000000013300d400 DEOPT UNPACKING pc=0x000000010a58f77c sp=0x000000016f92ce00 mode 0
Event: 14.163 Thread 0x000000013300d400 DEOPT PACKING pc=0x000000010af711fc sp=0x000000016f92e0f0
Event: 14.163 Thread 0x000000013300d400 DEOPT UNPACKING pc=0x000000010a58f77c sp=0x000000016f92de40 mode 3
Event: 15.789 Thread 0x0000000133a5ee00 DEOPT PACKING pc=0x000000010b0d2f6c sp=0x0000000175c85540
Event: 15.789 Thread 0x0000000133a5ee00 DEOPT UNPACKING pc=0x000000010a58f77c sp=0x0000000175c85230 mode 3
Event: 134.242 Thread 0x0000000130008a00 DEOPT PACKING pc=0x000000010b02dbc0 sp=0x0000000173fdd460
Event: 134.242 Thread 0x0000000130008a00 DEOPT UNPACKING pc=0x000000010a58f77c sp=0x0000000173fdd140 mode 3

Classes loaded (20 events):
Event: 15.795 Loading class sun/nio/cs/ISO_8859_1$Decoder
Event: 15.795 Loading class sun/nio/cs/ISO_8859_1$Decoder done
Event: 15.804 Loading class java/text/FieldPosition$Delegate
Event: 15.804 Loading class java/text/FieldPosition$Delegate done
Event: 15.806 Loading class java/util/concurrent/ConcurrentLinkedQueue$Itr
Event: 15.806 Loading class java/util/concurrent/ConcurrentLinkedQueue$Itr done
Event: 15.808 Loading class sun/nio/cs/ISO_8859_1$Encoder
Event: 15.808 Loading class sun/nio/cs/ISO_8859_1$Encoder done
Event: 134.238 Loading class java/util/concurrent/locks/ReentrantReadWriteLock$Sync$HoldCounter
Event: 134.242 Loading class java/util/concurrent/locks/ReentrantReadWriteLock$Sync$HoldCounter done
Event: 205.830 Loading class sun/security/ssl/Alert
Event: 205.839 Loading class sun/security/ssl/Alert done
Event: 205.840 Loading class sun/security/ssl/Alert$AlertConsumer
Event: 205.842 Loading class sun/security/ssl/Alert$AlertConsumer done
Event: 205.842 Loading class sun/security/ssl/Alert$Level
Event: 205.842 Loading class sun/security/ssl/Alert$Level done
Event: 205.842 Loading class sun/net/ConnectionResetException
Event: 205.843 Loading class sun/net/ConnectionResetException done
Event: 205.853 Loading class java/util/ResourceBundle$Control$1
Event: 205.854 Loading class java/util/ResourceBundle$Control$1 done

Classes unloaded (0 events):
No events

Classes redefined (0 events):
No events

Internal exceptions (20 events):
Event: 305.268 Thread 0x0000000133243400 Exception <a 'java/io/IOException'{0x000000078b47f5d8}> (0x000000078b47f5d8) 
thrown [src/hotspot/share/prims/jni.cpp, line 516]
Event: 305.276 Thread 0x0000000133243400 Exception <a 'java/io/IOException'{0x000000078b48b220}> (0x000000078b48b220) 
thrown [src/hotspot/share/prims/jni.cpp, line 516]
Event: 305.276 Thread 0x0000000133243400 Exception <a 'java/io/IOException'{0x000000078b496a68}> (0x000000078b496a68) 
thrown [src/hotspot/share/prims/jni.cpp, line 516]
Event: 305.277 Thread 0x0000000133243400 Exception <a 'java/io/IOException'{0x000000078b4a22b8}> (0x000000078b4a22b8) 
thrown [src/hotspot/share/prims/jni.cpp, line 516]
Event: 305.278 Thread 0x0000000133243400 Exception <a 'java/io/IOException'{0x000000078a925de0}> (0x000000078a925de0) 
thrown [src/hotspot/share/prims/jni.cpp, line 516]
Event: 305.279 Thread 0x0000000133243400 Exception <a 'java/io/IOException'{0x000000078a931620}> (0x000000078a931620) 
thrown [src/hotspot/share/prims/jni.cpp, line 516]
Event: 305.279 Thread 0x0000000133243400 Exception <a 'java/io/IOException'{0x000000078a93cbe8}> (0x000000078a93cbe8) 
thrown [src/hotspot/share/prims/jni.cpp, line 516]
Event: 305.280 Thread 0x0000000133243400 Exception <a 'java/io/IOException'{0x000000078a948428}> (0x000000078a948428) 
thrown [src/hotspot/share/prims/jni.cpp, line 516]
Event: 305.280 Thread 0x0000000133243400 Exception <a 'java/io/IOException'{0x000000078a953c88}> (0x000000078a953c88) 
thrown [src/hotspot/share/prims/jni.cpp, line 516]
Event: 305.281 Thread 0x0000000133243400 Exception <a 'java/io/IOException'{0x000000078a95f248}> (0x000000078a95f248) 
thrown [src/hotspot/share/prims/jni.cpp, line 516]
Event: 305.613 Thread 0x00000001323a2c00 Exception <a 'java/io/FileNotFoundException'{0x000000078a9be2f0}> (0x000000078a9be2f0) 
thrown [src/hotspot/share/prims/jni.cpp, line 516]
Event: 306.484 Thread 0x00000001323a2c00 Exception <a 'java/io/FileNotFoundException'{0x000000078a85ee38}> (0x000000078a85ee38) 
thrown [src/hotspot/share/prims/jni.cpp, line 516]
Event: 307.326 Thread 0x00000001323a2c00 Exception <a 'java/io/FileNotFoundException'{0x000000078a700178}> (0x000000078a700178) 
thrown [src/hotspot/share/prims/jni.cpp, line 516]
Event: 308.219 Thread 0x00000001323a2c00 Exception <a 'java/io/FileNotFoundException'{0x000000078a7a0c88}> (0x000000078a7a0c88) 
thrown [src/hotspot/share/prims/jni.cpp, line 516]
Event: 309.133 Thread 0x00000001323a2c00 Exception <a 'java/io/FileNotFoundException'{0x000000078a6416f8}> (0x000000078a6416f8) 
thrown [src/hotspot/share/prims/jni.cpp, line 516]
Event: 310.029 Thread 0x00000001323a2c00 Exception <a 'java/io/FileNotFoundException'{0x000000078a6e2e40}> (0x000000078a6e2e40) 
thrown [src/hotspot/share/prims/jni.cpp, line 516]
Event: 310.888 Thread 0x00000001323a2c00 Exception <a 'java/io/FileNotFoundException'{0x000000078a584e38}> (0x000000078a584e38) 
thrown [src/hotspot/share/prims/jni.cpp, line 516]
Event: 311.789 Thread 0x00000001323a2c00 Exception <a 'java/io/FileNotFoundException'{0x000000078a426d88}> (0x000000078a426d88) 
thrown [src/hotspot/share/prims/jni.cpp, line 516]
Event: 312.709 Thread 0x00000001323a2c00 Exception <a 'java/io/FileNotFoundException'{0x000000078a4c7808}> (0x000000078a4c7808) 
thrown [src/hotspot/share/prims/jni.cpp, line 516]
Event: 313.578 Thread 0x00000001323a2c00 Exception <a 'java/io/FileNotFoundException'{0x000000078a368208}> (0x000000078a368208) 
thrown [src/hotspot/share/prims/jni.cpp, line 516]

VM Operations (20 events):
Event: 430.074 Executing VM operation: Cleanup
Event: 430.074 Executing VM operation: Cleanup done
Event: 431.077 Executing VM operation: Cleanup
Event: 431.078 Executing VM operation: Cleanup done
Event: 445.129 Executing VM operation: Cleanup
Event: 445.130 Executing VM operation: Cleanup done
Event: 446.135 Executing VM operation: Cleanup
Event: 446.135 Executing VM operation: Cleanup done
Event: 465.195 Executing VM operation: Cleanup
Event: 465.195 Executing VM operation: Cleanup done
Event: 481.106 Executing VM operation: HandshakeAllThreads
Event: 481.106 Executing VM operation: HandshakeAllThreads done
Event: 482.110 Executing VM operation: Cleanup
Event: 482.110 Executing VM operation: Cleanup done
Event: 488.118 Executing VM operation: Cleanup
Event: 488.119 Executing VM operation: Cleanup done
Event: 540.310 Executing VM operation: Cleanup
Event: 540.311 Executing VM operation: Cleanup done
Event: 541.113 Executing VM operation: HandshakeAllThreads
Event: 541.113 Executing VM operation: HandshakeAllThreads done

Memory protections (20 events):
Event: 14.145 Protecting memory [0x0000000176cf0000,0x0000000176cfc000] with protection modes 0
Event: 14.146 Protecting memory [0x0000000176efc000,0x0000000176f08000] with protection modes 0
Event: 14.146 Protecting memory [0x0000000177108000,0x0000000177114000] with protection modes 0
Event: 14.166 Protecting memory [0x000000016f72c000,0x000000016f738000] with protection modes 3
Event: 14.166 Protecting memory [0x000000016f72c000,0x000000016f738000] with protection modes 0
Event: 24.322 Protecting memory [0x0000000173ddc000,0x0000000173de8000] with protection modes 3
Event: 44.139 Protecting memory [0x0000000173ddc000,0x0000000173de8000] with protection modes 0
Event: 44.139 Protecting memory [0x0000000177314000,0x0000000177320000] with protection modes 0
Event: 68.524 Protecting memory [0x0000000172340000,0x000000017234c000] with protection modes 3
Event: 205.865 Protecting memory [0x0000000172340000,0x000000017234c000] with protection modes 0
Event: 205.866 Protecting memory [0x0000000177520000,0x000000017752c000] with protection modes 0
Event: 210.877 Protecting memory [0x0000000172340000,0x000000017234c000] with protection modes 3
Event: 219.651 Protecting memory [0x0000000177520000,0x000000017752c000] with protection modes 3
Event: 284.941 Protecting memory [0x0000000172340000,0x000000017234c000] with protection modes 0
Event: 289.579 Protecting memory [0x0000000172340000,0x000000017234c000] with protection modes 3
Event: 305.275 Protecting memory [0x0000000172340000,0x000000017234c000] with protection modes 0
Event: 305.275 Protecting memory [0x0000000177520000,0x000000017752c000] with protection modes 0
Event: 310.286 Protecting memory [0x0000000172340000,0x000000017234c000] with protection modes 3
Event: 314.089 Protecting memory [0x0000000172340000,0x000000017234c000] with protection modes 0
Event: 319.116 Protecting memory [0x0000000177520000,0x000000017752c000] with protection modes 3

Nmethod flushes (20 events):
Event: 134.263 Thread 0x00000001330a2800 flushing  nmethod 0x000000010ad1df90
Event: 134.264 Thread 0x00000001330a2800 flushing  nmethod 0x000000010ad48c10
Event: 134.266 Thread 0x00000001330a2800 flushing  nmethod 0x000000010adb1990
Event: 134.266 Thread 0x00000001330a2800 flushing  nmethod 0x000000010adb3b90
Event: 134.267 Thread 0x00000001330a2800 flushing osr nmethod 0x000000010ae06510
Event: 134.267 Thread 0x00000001330a2800 flushing  nmethod 0x000000010ae0f490
Event: 134.267 Thread 0x00000001330a2800 flushing  nmethod 0x000000010ae22d90
Event: 134.267 Thread 0x00000001330a2800 flushing osr nmethod 0x000000010ae4fa10
Event: 134.267 Thread 0x00000001330a2800 flushing  nmethod 0x000000010ae51290
Event: 134.267 Thread 0x00000001330a2800 flushing  nmethod 0x000000010ae64c10
Event: 134.268 Thread 0x00000001330a2800 flushing  nmethod 0x000000010aed2c90
Event: 134.268 Thread 0x00000001330a2800 flushing  nmethod 0x000000010aefe090
Event: 134.268 Thread 0x00000001330a2800 flushing  nmethod 0x000000010af19b90
Event: 134.268 Thread 0x00000001330a2800 flushing  nmethod 0x000000010af1d210
Event: 134.268 Thread 0x00000001330a2800 flushing  nmethod 0x000000010af2c190
Event: 134.268 Thread 0x00000001330a2800 flushing  nmethod 0x000000010af70390
Event: 134.268 Thread 0x00000001330a2800 flushing  nmethod 0x000000010af7ee90
Event: 134.269 Thread 0x00000001330a2800 flushing  nmethod 0x000000010b00ba90
Event: 134.269 Thread 0x00000001330a2800 flushing  nmethod 0x000000010b01a910
Event: 134.270 Thread 0x00000001330a2800 flushing  nmethod 0x000000010b0d2b10

Events (20 events):
Event: 14.145 Thread 0x000000013300d400 Thread added: 0x0000000133a2ca00
Event: 14.146 Thread 0x000000013300d400 Thread added: 0x000000013324a600
Event: 14.146 Thread 0x000000013300d400 Thread added: 0x0000000133245400
Event: 14.166 Thread 0x000000013300d400 Thread exited: 0x000000013300d400
Event: 14.166 Thread 0x0000000133a2d000 Thread added: 0x0000000133a2d000
Event: 24.323 Thread 0x000000011500d200 Thread exited: 0x000000011500d200
Event: 44.138 Thread 0x0000000133a5fc00 Thread added: 0x0000000130008a00
Event: 44.139 Thread 0x0000000133be1400 Thread added: 0x000000011403de00
Event: 68.524 Thread 0x000000011501b600 Thread exited: 0x000000011501b600
Event: 205.865 Thread 0x0000000133a5ee00 Thread added: 0x0000000131ac3400
Event: 205.866 Thread 0x0000000131ac3400 Thread added: 0x0000000131adb200
Event: 210.877 Thread 0x0000000131ac3400 Thread exited: 0x0000000131ac3400
Event: 219.652 Thread 0x0000000131adb200 Thread exited: 0x0000000131adb200
Event: 284.940 Thread 0x00000001330a0000 Thread added: 0x000000011500a000
Event: 289.580 Thread 0x000000011500a000 Thread exited: 0x000000011500a000
Event: 305.275 Thread 0x0000000133243400 Thread added: 0x0000000133abd000
Event: 305.275 Thread 0x0000000133abd000 Thread added: 0x00000001323a2c00
Event: 310.286 Thread 0x0000000133abd000 Thread exited: 0x0000000133abd000
Event: 314.089 Thread 0x0000000133170400 Thread added: 0x000000011500a000
Event: 319.117 Thread 0x00000001323a2c00 Thread exited: 0x00000001323a2c00


Dynamic libraries:
0x00000001007a4000 	/Users/a/Library/Java/JavaVirtualMachines/ms-17.0.17/Contents/Home/lib/libjli.dylib
0x00000001b8bce000 	/System/Library/Frameworks/Cocoa.framework/Versions/A/Cocoa
0x00000001a0395000 	/System/Library/Frameworks/AppKit.framework/Versions/C/AppKit
0x00000001a3684000 	/System/Library/Frameworks/CoreData.framework/Versions/A/CoreData
0x000000019da1d000 	/System/Library/Frameworks/Foundation.framework/Versions/C/Foundation
0x00000001aa601000 	/usr/lib/libSystem.B.dylib
0x00000001a1827000 	/System/Library/PrivateFrameworks/UIFoundation.framework/Versions/A/UIFoundation
0x000000024a937000 	/System/Library/PrivateFrameworks/CollectionViewCore.framework/Versions/A/CollectionViewCore
0x00000001b1bf4000 	/System/Library/PrivateFrameworks/RemoteViewServices.framework/Versions/A/RemoteViewServices
0x00000001a8195000 	/System/Library/PrivateFrameworks/XCTTargetBootstrap.framework/Versions/A/XCTTargetBootstrap
0x00000001acdcb000 	/System/Library/PrivateFrameworks/InternationalSupport.framework/Versions/A/InternationalSupport
0x00000001ad122000 	/System/Library/PrivateFrameworks/UserActivity.framework/Versions/A/UserActivity
0x00000002793a7000 	/System/Library/PrivateFrameworks/UIIntelligenceSupport.framework/Versions/A/UIIntelligenceSupport
0x000000020331d000 	/System/Library/Frameworks/SwiftUICore.framework/Versions/A/SwiftUICore
0x000000027e420000 	/System/Library/PrivateFrameworks/WritingTools.framework/Versions/A/WritingTools
0x000000027d468000 	/System/Library/PrivateFrameworks/WindowManagement.framework/Versions/A/WindowManagement
0x000000019d681000 	/System/Library/Frameworks/SystemConfiguration.framework/Versions/A/SystemConfiguration
0x00000001ac22f000 	/usr/lib/libspindump.dylib
0x00000001a19d9000 	/System/Library/Frameworks/UniformTypeIdentifiers.framework/Versions/A/UniformTypeIdentifiers
0x00000001a99f3000 	/usr/lib/libbsm.0.dylib
0x00000001a5c18000 	/usr/lib/libapp_launch_measurement.dylib
0x00000001a4fc1000 	/System/Library/PrivateFrameworks/CoreAnalytics.framework/Versions/A/CoreAnalytics
0x00000001a5c1c000 	/System/Library/PrivateFrameworks/CoreAutoLayout.framework/Versions/A/CoreAutoLayout
0x00000001a77af000 	/System/Library/Frameworks/Metal.framework/Versions/A/Metal
0x00000001a89d3000 	/usr/lib/liblangid.dylib
0x00000001a819b000 	/System/Library/PrivateFrameworks/CoreSVG.framework/Versions/A/CoreSVG
0x00000001a23ff000 	/System/Library/PrivateFrameworks/SkyLight.framework/Versions/A/SkyLight
0x00000001a2925000 	/System/Library/Frameworks/CoreGraphics.framework/Versions/A/CoreGraphics
0x00000001b22d3000 	/System/Library/Frameworks/Accelerate.framework/Versions/A/Accelerate
0x00000001ac072000 	/System/Library/PrivateFrameworks/IconServices.framework/Versions/A/IconServices
0x00000001a778c000 	/System/Library/Frameworks/IOSurface.framework/Versions/A/IOSurface
0x00000001a4ff2000 	/usr/lib/libDiagnosticMessagesClient.dylib
0x00000001aa54b000 	/usr/lib/libz.1.dylib
0x00000001b61e6000 	/System/Library/Frameworks/ApplicationServices.framework/Versions/A/ApplicationServices
0x00000001a8180000 	/System/Library/PrivateFrameworks/DFRFoundation.framework/Versions/A/DFRFoundation
0x000000019fbfa000 	/usr/lib/libicucore.A.dylib
0x00000001ae1a9000 	/System/Library/Frameworks/AudioToolbox.framework/Versions/A/AudioToolbox
0x00000001ad0d3000 	/System/Library/PrivateFrameworks/DataDetectorsCore.framework/Versions/A/DataDetectorsCore
0x00000001c913d000 	/System/Library/PrivateFrameworks/TextInput.framework/Versions/A/TextInput
0x00000001a234a000 	/usr/lib/libMobileGestalt.dylib
0x00000001a7e79000 	/System/Library/Frameworks/Carbon.framework/Versions/A/Frameworks/HIToolbox.framework/Versions/A/HIToolbox
0x00000001a54f9000 	/System/Library/Frameworks/QuartzCore.framework/Versions/A/QuartzCore
0x000000019f7ef000 	/System/Library/Frameworks/Security.framework/Versions/A/Security
0x00000001b1c30000 	/System/Library/Frameworks/Carbon.framework/Versions/A/Frameworks/SpeechRecognition.framework/Versions/A/SpeechRecognition
0x00000001a591f000 	/System/Library/PrivateFrameworks/CoreUI.framework/Versions/A/CoreUI
0x000000019f0ba000 	/System/Library/Frameworks/CoreAudio.framework/Versions/A/CoreAudio
0x00000001a50e0000 	/System/Library/Frameworks/DiskArbitration.framework/Versions/A/DiskArbitration
0x00000001ac698000 	/System/Library/PrivateFrameworks/MultitouchSupport.framework/Versions/A/MultitouchSupport
0x00000001a2348000 	/usr/lib/libenergytrace.dylib
0x00000001bd4e3000 	/System/Library/PrivateFrameworks/RenderBox.framework/Versions/A/RenderBox
0x00000001a0245000 	/System/Library/Frameworks/IOKit.framework/Versions/A/IOKit
0x00000001b2027000 	/System/Library/Frameworks/CoreServices.framework/Versions/A/CoreServices
0x00000001a5ba9000 	/System/Library/PrivateFrameworks/PerformanceAnalysis.framework/Versions/A/PerformanceAnalysis
0x00000001fcced000 	/System/Library/Frameworks/OpenGL.framework/Versions/A/OpenGL
0x00000001a5c66000 	/usr/lib/libxml2.2.dylib
0x00000001a98d7000 	/System/Library/PrivateFrameworks/MobileKeyBag.framework/Versions/A/MobileKeyBag
0x000000019bfc4000 	/usr/lib/libobjc.A.dylib
0x000000019c2d1000 	/usr/lib/libc++.1.dylib
0x00000001b1fa8000 	/System/Library/Frameworks/Accessibility.framework/Versions/A/Accessibility
0x00000001a3055000 	/System/Library/Frameworks/ColorSync.framework/Versions/A/ColorSync
0x000000019c42d000 	/System/Library/Frameworks/CoreFoundation.framework/Versions/A/CoreFoundation
0x00000001a8555000 	/System/Library/Frameworks/CoreImage.framework/Versions/A/CoreImage
0x000000019ee9b000 	/System/Library/Frameworks/CoreText.framework/Versions/A/CoreText
0x00000001fe232000 	/System/Library/Frameworks/CoreTransferable.framework/Versions/A/CoreTransferable
0x00000001fe7b6000 	/System/Library/Frameworks/DataDetection.framework/Versions/A/DataDetection
0x00000001fe7b9000 	/System/Library/Frameworks/DeveloperToolsSupport.framework/Versions/A/DeveloperToolsSupport
0x00000001a81d6000 	/System/Library/Frameworks/ImageIO.framework/Versions/A/ImageIO
0x0000000203ee0000 	/System/Library/Frameworks/Symbols.framework/Versions/A/Symbols
0x00000001f04fc000 	/System/Library/PrivateFrameworks/FeatureFlags.framework/Versions/A/FeatureFlags
0x00000001aa606000 	/System/Library/PrivateFrameworks/SoftLinking.framework/Versions/A/SoftLinking
0x00000001dbe10000 	/usr/lib/swift/libswiftAccelerate.dylib
0x00000001adb3e000 	/usr/lib/swift/libswiftCore.dylib
0x00000001c57e6000 	/usr/lib/swift/libswiftCoreFoundation.dylib
0x00000001c5840000 	/usr/lib/swift/libswiftCoreImage.dylib
0x00000001c2bfa000 	/usr/lib/swift/libswiftDarwin.dylib
0x0000000285035000 	/usr/lib/swift/libswiftDataDetection.dylib
0x00000001b3b1f000 	/usr/lib/swift/libswiftDispatch.dylib
0x00000001c5841000 	/usr/lib/swift/libswiftIOKit.dylib
0x00000001d2397000 	/usr/lib/swift/libswiftMetal.dylib
0x00000001e136d000 	/usr/lib/swift/libswiftOSLog.dylib
0x00000001b678c000 	/usr/lib/swift/libswiftObjectiveC.dylib
0x0000000285062000 	/usr/lib/swift/libswiftObservation.dylib
0x00000001d77be000 	/usr/lib/swift/libswiftQuartzCore.dylib
0x00000001dbe01000 	/usr/lib/swift/libswiftUniformTypeIdentifiers.dylib
0x00000001c57f8000 	/usr/lib/swift/libswiftXPC.dylib
0x0000000285148000 	/usr/lib/swift/libswift_Builtin_float.dylib
0x000000028514b000 	/usr/lib/swift/libswift_Concurrency.dylib
0x00000002852aa000 	/usr/lib/swift/libswift_StringProcessing.dylib
0x000000028533d000 	/usr/lib/swift/libswift_errno.dylib
0x000000028533f000 	/usr/lib/swift/libswift_math.dylib
0x0000000285342000 	/usr/lib/swift/libswift_signal.dylib
0x0000000285343000 	/usr/lib/swift/libswift_stdio.dylib
0x0000000285344000 	/usr/lib/swift/libswift_time.dylib
0x00000001b6790000 	/usr/lib/swift/libswiftos.dylib
0x00000001c9094000 	/usr/lib/swift/libswiftsimd.dylib
0x0000000285345000 	/usr/lib/swift/libswiftsys_time.dylib
0x0000000285346000 	/usr/lib/swift/libswiftunistd.dylib
0x00000001aa82e000 	/usr/lib/libcompression.dylib
0x00000001acd2b000 	/System/Library/PrivateFrameworks/TextureIO.framework/Versions/A/TextureIO
0x00000001abd11000 	/usr/lib/libate.dylib
0x00000001aa5fb000 	/usr/lib/system/libcache.dylib
0x00000001aa5b6000 	/usr/lib/system/libcommonCrypto.dylib
0x00000001aa5e1000 	/usr/lib/system/libcompiler_rt.dylib
0x00000001aa5d6000 	/usr/lib/system/libcopyfile.dylib
0x000000019c11f000 	/usr/lib/system/libcorecrypto.dylib
0x000000019c205000 	/usr/lib/system/libdispatch.dylib
0x000000019c3c5000 	/usr/lib/system/libdyld.dylib
0x00000001aa5f1000 	/usr/lib/system/libkeymgr.dylib
0x00000001aa599000 	/usr/lib/system/libmacho.dylib
0x00000001a99cc000 	/usr/lib/system/libquarantine.dylib
0x00000001aa5ee000 	/usr/lib/system/libremovefile.dylib
0x00000001a23c4000 	/usr/lib/system/libsystem_asl.dylib
0x000000019c0b4000 	/usr/lib/system/libsystem_blocks.dylib
0x000000019c24f000 	/usr/lib/system/libsystem_c.dylib
0x00000001aa5e5000 	/usr/lib/system/libsystem_collections.dylib
0x00000001a89c0000 	/usr/lib/system/libsystem_configuration.dylib
0x00000001a775b000 	/usr/lib/system/libsystem_containermanager.dylib
0x00000001aa0dc000 	/usr/lib/system/libsystem_coreservices.dylib
0x000000019fec6000 	/usr/lib/system/libsystem_darwin.dylib
0x000000028547d000 	/usr/lib/system/libsystem_darwindirectory.dylib
0x00000001aa5f2000 	/usr/lib/system/libsystem_dnssd.dylib
0x0000000285481000 	/usr/lib/system/libsystem_eligibility.dylib
0x000000019c24c000 	/usr/lib/system/libsystem_featureflags.dylib
0x000000019c3fd000 	/usr/lib/system/libsystem_info.dylib
0x00000001aa55a000 	/usr/lib/system/libsystem_m.dylib
0x000000019c1be000 	/usr/lib/system/libsystem_malloc.dylib
0x00000001a232d000 	/usr/lib/system/libsystem_networkextension.dylib
0x00000001a0328000 	/usr/lib/system/libsystem_notify.dylib
0x00000001a89c5000 	/usr/lib/system/libsystem_sandbox.dylib
0x0000000285489000 	/usr/lib/system/libsystem_sanitizers.dylib
0x00000001aa5ea000 	/usr/lib/system/libsystem_secinit.dylib
0x000000019c37c000 	/usr/lib/system/libsystem_kernel.dylib
0x000000019c3f5000 	/usr/lib/system/libsystem_platform.dylib
0x000000019c3b8000 	/usr/lib/system/libsystem_pthread.dylib
0x00000001a3f1e000 	/usr/lib/system/libsystem_symptoms.dylib
0x000000019c103000 	/usr/lib/system/libsystem_trace.dylib
0x00000001aa5c4000 	/usr/lib/system/libunwind.dylib
0x000000019c0b8000 	/usr/lib/system/libxpc.dylib
0x000000019c35e000 	/usr/lib/libc++abi.dylib
0x0000000284055000 	/usr/lib/libRosetta.dylib
0x00000001a01c4000 	/System/Library/PrivateFrameworks/CoreServicesInternal.framework/Versions/A/CoreServicesInternal
0x00000001aa5ce000 	/usr/lib/liboah.dylib
0x00000001aa603000 	/usr/lib/libfakelink.dylib
0x00000001b5c99000 	/System/Library/PrivateFrameworks/DiskImages.framework/Versions/A/DiskImages
0x00000001c2723000 	/System/Library/Frameworks/NetFS.framework/Versions/A/NetFS
0x00000001a1f62000 	/System/Library/Frameworks/CFNetwork.framework/Versions/A/CFNetwork
0x00000001a5be0000 	/System/Library/Frameworks/CoreServices.framework/Versions/A/Frameworks/FSEvents.framework/Versions/A/FSEvents
0x000000019fed1000 	/System/Library/Frameworks/CoreServices.framework/Versions/A/Frameworks/CarbonCore.framework/Versions/A/CarbonCore
0x00000001a5055000 	/System/Library/Frameworks/CoreServices.framework/Versions/A/Frameworks/Metadata.framework/Versions/A/Metadata
0x00000001aa0e3000 	/System/Library/Frameworks/CoreServices.framework/Versions/A/Frameworks/OSServices.framework/Versions/A/OSServices
0x00000001aa750000 	/System/Library/Frameworks/CoreServices.framework/Versions/A/Frameworks/SearchKit.framework/Versions/A/SearchKit
0x00000001a3e99000 	/System/Library/Frameworks/CoreServices.framework/Versions/A/Frameworks/AE.framework/Versions/A/AE
0x000000019c96c000 	/System/Library/Frameworks/CoreServices.framework/Versions/A/Frameworks/LaunchServices.framework/Versions/A/LaunchServices
0x00000001abb66000 	/System/Library/Frameworks/CoreServices.framework/Versions/A/Frameworks/DictionaryServices.framework/Versions/A/DictionaryServices
0x00000001a5bee000 	/System/Library/Frameworks/CoreServices.framework/Versions/A/Frameworks/SharedFileList.framework/Versions/A/SharedFileList
0x00000001aa7e5000 	/usr/lib/libapple_nghttp2.dylib
0x00000001a3afa000 	/usr/lib/libsqlite3.dylib
0x00000001ae821000 	/System/Library/Frameworks/GSS.framework/Versions/A/GSS
0x00000001a3e30000 	/System/Library/PrivateFrameworks/RunningBoardServices.framework/Versions/A/RunningBoardServices
0x00000001a3f27000 	/System/Library/Frameworks/Network.framework/Versions/A/Network
0x00000001aa59d000 	/usr/lib/system/libkxld.dylib
0x00000002464f1000 	/System/Library/PrivateFrameworks/AppleKeyStore.framework/Versions/A/AppleKeyStore
0x0000000283ead000 	/usr/lib/libCoreEntitlements.dylib
0x000000026192d000 	/System/Library/PrivateFrameworks/MessageSecurity.framework/Versions/A/MessageSecurity
0x00000001a3adf000 	/System/Library/PrivateFrameworks/ProtocolBuffer.framework/Versions/A/ProtocolBuffer
0x00000001aa0c3000 	/System/Library/PrivateFrameworks/AppleFSCompression.framework/Versions/A/AppleFSCompression
0x00000001a99db000 	/usr/lib/libcoretls.dylib
0x00000001abbdc000 	/usr/lib/libcoretls_cfhelpers.dylib
0x00000001aa828000 	/usr/lib/libpam.2.dylib
0x00000001abc50000 	/usr/lib/libxar.1.dylib
0x00000001aa658000 	/usr/lib/libarchive.2.dylib
0x00000001aff23000 	/System/Library/Frameworks/Combine.framework/Versions/A/Combine
0x000000024a95b000 	/System/Library/PrivateFrameworks/CollectionsInternal.framework/Versions/A/CollectionsInternal
0x000000026a954000 	/System/Library/PrivateFrameworks/ReflectionInternal.framework/Versions/A/ReflectionInternal
0x000000026b626000 	/System/Library/PrivateFrameworks/RuntimeInternal.framework/Versions/A/RuntimeInternal
0x00000002850d9000 	/usr/lib/swift/libswiftSystem.dylib
0x00000001a89ce000 	/System/Library/PrivateFrameworks/AppleSystemInfo.framework/Versions/A/AppleSystemInfo
0x00000001c56d1000 	/System/Library/PrivateFrameworks/LoggingSupport.framework/Versions/A/LoggingSupport
0x00000001b2fe0000 	/System/Library/PrivateFrameworks/PowerLog.framework/Versions/A/PowerLog
0x00000002031e2000 	/System/Library/Frameworks/SwiftData.framework/Versions/A/SwiftData
0x00000001a5df1000 	/System/Library/PrivateFrameworks/UserManagement.framework/Versions/A/UserManagement
0x00000001a1e90000 	/usr/lib/libboringssl.dylib
0x00000001a3f0d000 	/usr/lib/libdns_services.dylib
0x00000001c4885000 	/usr/lib/libquic.dylib
0x00000001adacd000 	/usr/lib/libusrtcp.dylib
0x00000001e91d7000 	/System/Library/PrivateFrameworks/InternalSwiftProtobuf.framework/Versions/A/InternalSwiftProtobuf
0x0000000285036000 	/usr/lib/swift/libswiftDistributed.dylib
0x00000002850cf000 	/usr/lib/swift/libswiftSynchronization.dylib
0x00000001a1f61000 	/usr/lib/libnetwork.dylib
0x00000001d63fd000 	/System/Library/PrivateFrameworks/OSAnalytics.framework/Versions/A/OSAnalytics
0x00000001aa7c0000 	/System/Library/PrivateFrameworks/AppleSauce.framework/Versions/A/AppleSauce
0x00000001b42b5000 	/System/Library/PrivateFrameworks/CoreSymbolication.framework/Versions/A/CoreSymbolication
0x00000001e4ea3000 	/System/Library/PrivateFrameworks/Symbolication.framework/Versions/A/Symbolication
0x00000001b4291000 	/System/Library/PrivateFrameworks/DebugSymbols.framework/Versions/A/DebugSymbols
0x0000000283d78000 	/usr/lib/libAppleArchive.dylib
0x00000001aa0cf000 	/usr/lib/libbz2.1.0.dylib
0x00000001abbbd000 	/usr/lib/liblzma.5.dylib
0x00000001a96cb000 	/System/Library/PrivateFrameworks/IOMobileFramebuffer.framework/Versions/A/IOMobileFramebuffer
0x00000001c575a000 	/System/Library/PrivateFrameworks/MallocStackLogging.framework/Versions/A/MallocStackLogging
0x00000001abdab000 	/System/Library/PrivateFrameworks/CrashReporterSupport.framework/Versions/A/CrashReporterSupport
0x000000019d478000 	/System/Library/PrivateFrameworks/Lexicon.framework/Versions/A/Lexicon
0x0000000259c7d000 	/System/Library/PrivateFrameworks/IO80211.framework/Versions/A/IO80211
0x00000001b3db7000 	/System/Library/PrivateFrameworks/FrontBoardServices.framework/Versions/A/FrontBoardServices
0x00000001a9903000 	/System/Library/Frameworks/SecurityFoundation.framework/Versions/A/SecurityFoundation
0x00000001a9a65000 	/usr/lib/libgermantok.dylib
0x00000001a8af2000 	/System/Library/PrivateFrameworks/LinguisticData.framework/Versions/A/LinguisticData
0x00000001a3d4b000 	/System/Library/PrivateFrameworks/BaseBoard.framework/Versions/A/BaseBoard
0x00000001b3e84000 	/System/Library/PrivateFrameworks/BoardServices.framework/Versions/A/BoardServices
0x00000001a98f4000 	/System/Library/PrivateFrameworks/AssertionServices.framework/Versions/A/AssertionServices
0x00000001b5ad4000 	/System/Library/PrivateFrameworks/BackBoardServices.framework/Versions/A/BackBoardServices
0x00000001a7ba6000 	/System/Library/PrivateFrameworks/FontServices.framework/libFontParser.dylib
0x00000001a23dc000 	/System/Library/PrivateFrameworks/TCC.framework/Versions/A/TCC
0x00000001b966f000 	/System/Library/PrivateFrameworks/IOSurfaceAccelerator.framework/Versions/A/IOSurfaceAccelerator
0x00000001ac696000 	/System/Library/PrivateFrameworks/WatchdogClient.framework/Versions/A/WatchdogClient
0x000000019e9c2000 	/System/Library/Frameworks/CoreDisplay.framework/Versions/A/CoreDisplay
0x00000001a7a4a000 	/System/Library/Frameworks/CoreMedia.framework/Versions/A/CoreMedia
0x00000001a77a5000 	/System/Library/PrivateFrameworks/IOAccelerator.framework/Versions/A/IOAccelerator
0x00000001a5d50000 	/System/Library/Frameworks/CoreVideo.framework/Versions/A/CoreVideo
0x00000001aa826000 	/System/Library/Frameworks/MetalPerformanceShaders.framework/Versions/A/MetalPerformanceShaders
0x0000000269ca5000 	/System/Library/PrivateFrameworks/ProDisplayLibrary.framework/Versions/A/ProDisplayLibrary
0x00000001ac6de000 	/System/Library/Frameworks/VideoToolbox.framework/Versions/A/VideoToolbox
0x00000001a89cc000 	/System/Library/PrivateFrameworks/AggregateDictionary.framework/Versions/A/AggregateDictionary
0x00000001abbde000 	/System/Library/PrivateFrameworks/APFS.framework/Versions/A/APFS
0x00000001abc5f000 	/usr/lib/libutil.dylib
0x0000000274b64000 	/System/Library/PrivateFrameworks/SwiftASN1Internal.framework/Versions/A/SwiftASN1Internal
0x00000001a50e9000 	/System/Library/Frameworks/Accelerate.framework/Versions/A/Frameworks/vImage.framework/Versions/A/vImage
0x00000001b2002000 	/System/Library/Frameworks/Accelerate.framework/Versions/A/Frameworks/vecLib.framework/Versions/A/vecLib
0x00000001abc97000 	/System/Library/Frameworks/Accelerate.framework/Versions/A/Frameworks/vecLib.framework/Versions/A/libvMisc.dylib
0x000000019cde4000 	/System/Library/Frameworks/Accelerate.framework/Versions/A/Frameworks/vecLib.framework/Versions/A/libBLAS.dylib
0x00000001ae3f8000 	/System/Library/Frameworks/ApplicationServices.framework/Versions/A/Frameworks/ATS.framework/Versions/A/ATS
0x00000001a320b000 	/System/Library/Frameworks/ApplicationServices.framework/Versions/A/Frameworks/HIServices.framework/Versions/A/HIServices
0x00000001accb4000 	/System/Library/Frameworks/ApplicationServices.framework/Versions/A/Frameworks/PrintCore.framework/Versions/A/PrintCore
0x00000001ae7eb000 	/System/Library/Frameworks/ApplicationServices.framework/Versions/A/Frameworks/QD.framework/Versions/A/QD
0x00000001ae7e2000 	/System/Library/Frameworks/ApplicationServices.framework/Versions/A/Frameworks/ColorSyncLegacy.framework/Versions/A/ColorSyncLegacy
0x00000001ae3ca000 	/System/Library/Frameworks/ApplicationServices.framework/Versions/A/Frameworks/SpeechSynthesis.framework/Versions/A/SpeechSynthesis
0x00000001a9698000 	/System/Library/PrivateFrameworks/CoreEmoji.framework/Versions/A/CoreEmoji
0x0000000250d56000 	/System/Library/PrivateFrameworks/FontServices.framework/Versions/A/FontServices
0x00000001ac1e4000 	/System/Library/PrivateFrameworks/OTSVG.framework/Versions/A/OTSVG
0x00000001a58cd000 	/System/Library/Frameworks/ApplicationServices.framework/Versions/A/Frameworks/ATS.framework/Versions/A/Resources/libFontRegistry.dylib
0x0000000284439000 	/usr/lib/libhvf.dylib
0x0000000265bb3000 	/System/Library/PrivateFrameworks/ParsingInternal.framework/Versions/A/ParsingInternal
0x000000028507f000 	/usr/lib/swift/libswiftRegexBuilder.dylib
0x0000000285207000 	/usr/lib/swift/libswift_RegexParser.dylib
0x00000001ac55f000 	/System/Library/PrivateFrameworks/AppleJPEG.framework/Versions/A/AppleJPEG
0x00000001ac000000 	/usr/lib/libexpat.1.dylib
0x00000001acb8a000 	/System/Library/Frameworks/ImageIO.framework/Versions/A/Resources/libPng.dylib
0x00000001acbb5000 	/System/Library/Frameworks/ImageIO.framework/Versions/A/Resources/libTIFF.dylib
0x00000001acc9f000 	/System/Library/Frameworks/ImageIO.framework/Versions/A/Resources/libGIF.dylib
0x00000001ac5a5000 	/System/Library/Frameworks/ImageIO.framework/Versions/A/Resources/libJP2.dylib
0x00000001acc46000 	/System/Library/Frameworks/ImageIO.framework/Versions/A/Resources/libJPEG.dylib
0x00000001acc3d000 	/System/Library/Frameworks/ImageIO.framework/Versions/A/Resources/libRadiance.dylib
0x0000000255a24000 	/System/Library/PrivateFrameworks/GPUCompiler.framework/Versions/32023/Libraries/libllvm-flatbuffers.dylib
0x0000000250e21000 	/System/Library/PrivateFrameworks/FramePacing.framework/Versions/A/FramePacing
0x00000001fccdf000 	/System/Library/Frameworks/OpenGL.framework/Versions/A/Libraries/libCoreFSCache.dylib
0x0000000251996000 	/System/Library/PrivateFrameworks/GPUCompiler.framework/Versions/32023/Libraries/libGPUCompilerUtils.dylib
0x0000000250d57000 	/System/Library/PrivateFrameworks/FontServices.framework/libXTFontStaticRegistryData.dylib
0x00000001b78d5000 	/System/Library/PrivateFrameworks/ASEProcessing.framework/Versions/A/ASEProcessing
0x0000000268e14000 	/System/Library/PrivateFrameworks/PhotosensitivityProcessing.framework/Versions/A/PhotosensitivityProcessing
0x00000001ac1d8000 	/System/Library/PrivateFrameworks/GraphVisualizer.framework/Versions/A/GraphVisualizer
0x00000001fcd3d000 	/System/Library/Frameworks/OpenGL.framework/Versions/A/Libraries/libGLU.dylib
0x00000001fcd01000 	/System/Library/Frameworks/OpenGL.framework/Versions/A/Libraries/libGFXShared.dylib
0x00000001fcec9000 	/System/Library/Frameworks/OpenGL.framework/Versions/A/Libraries/libGL.dylib
0x00000001fcd0a000 	/System/Library/Frameworks/OpenGL.framework/Versions/A/Libraries/libGLImage.dylib
0x00000001fccfe000 	/System/Library/Frameworks/OpenGL.framework/Versions/A/Libraries/libCVMSPluginSupport.dylib
0x00000001fcce7000 	/System/Library/Frameworks/OpenGL.framework/Versions/A/Libraries/libCoreVMClient.dylib
0x00000001a8910000 	/System/Library/Frameworks/MetalPerformanceShaders.framework/Versions/A/Frameworks/MPSCore.framework/Versions/A/MPSCore
0x00000001aa02e000 	/System/Library/Frameworks/MetalPerformanceShaders.framework/Versions/A/Frameworks/MPSImage.framework/Versions/A/MPSImage
0x00000001a9a7d000 	/System/Library/Frameworks/MetalPerformanceShaders.framework/Versions/A/Frameworks/MPSNeuralNetwork.framework/Versions/A/MPSNeuralNetwork
0x00000001a9eb4000 	/System/Library/Frameworks/MetalPerformanceShaders.framework/Versions/A/Frameworks/MPSMatrix.framework/Versions/A/MPSMatrix
0x00000001a9cc9000 	/System/Library/Frameworks/MetalPerformanceShaders.framework/Versions/A/Frameworks/MPSRayIntersector.framework/Versions/A/MPSRayIntersector
0x00000001a9ee6000 	/System/Library/Frameworks/MetalPerformanceShaders.framework/Versions/A/Frameworks/MPSNDArray.framework/Versions/A/MPSNDArray
0x00000002005d4000 	/System/Library/Frameworks/MetalPerformanceShaders.framework/Versions/A/Frameworks/MPSFunctions.framework/Versions/A/MPSFunctions
0x00000002005b6000 	/System/Library/Frameworks/MetalPerformanceShaders.framework/Versions/A/Frameworks/MPSBenchmarkLoop.framework/Versions/A/MPSBenchmarkLoop
0x000000019cc5f000 	/System/Library/PrivateFrameworks/MetalTools.framework/Versions/A/MetalTools
0x00000001ca43a000 	/System/Library/PrivateFrameworks/IOAccelMemoryInfo.framework/Versions/A/IOAccelMemoryInfo
0x00000001d7bb3000 	/System/Library/PrivateFrameworks/kperf.framework/Versions/A/kperf
0x00000001c57c1000 	/System/Library/PrivateFrameworks/GPURawCounter.framework/Versions/A/GPURawCounter
0x00000001acc71000 	/System/Library/Frameworks/ApplicationServices.framework/Versions/A/Frameworks/ATSUI.framework/Versions/A/ATSUI
0x00000001ae776000 	/usr/lib/libcups.2.dylib
0x00000001ae810000 	/System/Library/Frameworks/Kerberos.framework/Versions/A/Kerberos
0x00000001ae476000 	/usr/lib/libresolv.9.dylib
0x00000001aa63d000 	/usr/lib/libiconv.2.dylib
0x00000001ac236000 	/System/Library/PrivateFrameworks/Heimdal.framework/Versions/A/Heimdal
0x00000001b66e3000 	/System/Library/Frameworks/Kerberos.framework/Versions/A/Libraries/libHeimdalProxy.dylib
0x00000001ac01b000 	/usr/lib/libheimdal-asn1.dylib
0x00000001a5bb3000 	/System/Library/Frameworks/OpenDirectory.framework/Versions/A/OpenDirectory
0x00000001ae873000 	/System/Library/PrivateFrameworks/CommonAuth.framework/Versions/A/CommonAuth
0x00000001a5bc1000 	/System/Library/Frameworks/OpenDirectory.framework/Versions/A/Frameworks/CFOpenDirectory.framework/Versions/A/CFOpenDirectory
0x00000001aa598000 	/usr/lib/libcharset.1.dylib
0x00000001fd265000 	/System/Library/Frameworks/AVFAudio.framework/Versions/A/AVFAudio
0x00000001beea9000 	/System/Library/PrivateFrameworks/AXCoreUtilities.framework/Versions/A/AXCoreUtilities
0x000000025d5ac000 	/System/Library/PrivateFrameworks/IsolatedCoreAudioClient.framework/Versions/A/IsolatedCoreAudioClient
0x00000001ae3b1000 	/usr/lib/libAudioStatistics.dylib
0x00000001a7a22000 	/System/Library/PrivateFrameworks/caulk.framework/Versions/A/caulk
0x000000019eae3000 	/System/Library/PrivateFrameworks/AudioToolboxCore.framework/Versions/A/AudioToolboxCore
0x00000001b89fb000 	/System/Library/Frameworks/CoreMIDI.framework/Versions/A/CoreMIDI
0x00000001ae354000 	/System/Library/PrivateFrameworks/AudioSession.framework/Versions/A/AudioSession
0x00000001afc8b000 	/System/Library/Frameworks/IOBluetooth.framework/Versions/A/IOBluetooth
0x00000001ac105000 	/System/Library/PrivateFrameworks/MediaExperience.framework/Versions/A/MediaExperience
0x000000027761f000 	/System/Library/PrivateFrameworks/Tightbeam.framework/Versions/A/Tightbeam
0x000000024b418000 	/System/Library/PrivateFrameworks/CoreAudioOrchestration.framework/Versions/A/CoreAudioOrchestration
0x00000001dc4d3000 	/System/Library/PrivateFrameworks/AFKUser.framework/Versions/A/AFKUser
0x00000001c57c5000 	/usr/lib/swift/libswiftCoreAudio.dylib
0x00000001ac225000 	/System/Library/PrivateFrameworks/AppServerSupport.framework/Versions/A/AppServerSupport
0x00000001ae7f4000 	/System/Library/PrivateFrameworks/perfdata.framework/Versions/A/perfdata
0x00000001c497e000 	/System/Library/PrivateFrameworks/SystemPolicy.framework/Versions/A/SystemPolicy
0x00000001ae695000 	/usr/lib/libSMC.dylib
0x00000001acb54000 	/usr/lib/libAudioToolboxUtility.dylib
0x00000001ae802000 	/usr/lib/libperfcheck.dylib
0x00000002472ae000 	/System/Library/PrivateFrameworks/AudioAnalytics.framework/Versions/A/AudioAnalytics
0x00000001e8f9e000 	/System/Library/Frameworks/OSLog.framework/Versions/A/OSLog
0x00000001c578c000 	/usr/lib/libmis.dylib
0x00000001ae162000 	/System/Library/PrivateFrameworks/AudioSession.framework/libSessionUtility.dylib
0x00000001acca5000 	/System/Library/PrivateFrameworks/CMCaptureCore.framework/Versions/A/CMCaptureCore
0x00000001fe906000 	/System/Library/Frameworks/ExtensionFoundation.framework/Versions/A/ExtensionFoundation
0x00000001b43c2000 	/System/Library/PrivateFrameworks/CoreTime.framework/Versions/A/CoreTime
0x00000001abeff000 	/System/Library/PrivateFrameworks/PlugInKit.framework/Versions/A/PlugInKit
0x00000001b2ee9000 	/System/Library/Frameworks/CoreBluetooth.framework/Versions/A/CoreBluetooth
0x00000001b66e4000 	/System/Library/Frameworks/AudioUnit.framework/Versions/A/AudioUnit
0x00000001a975c000 	/System/Library/PrivateFrameworks/CoreUtils.framework/Versions/A/CoreUtils
0x000000024e3bc000 	/System/Library/PrivateFrameworks/CoreUtilsExtras.framework/Versions/A/CoreUtilsExtras
0x00000001b2323000 	/System/Library/Frameworks/MediaAccessibility.framework/Versions/A/MediaAccessibility
0x00000001cddd6000 	/System/Library/PrivateFrameworks/AttributeGraph.framework/Versions/A/AttributeGraph
0x0000000283cf6000 	/usr/lib/libAXSafeCategoryBundle.dylib
0x00000001bef65000 	/usr/lib/libAccessibility.dylib
0x00000001a95a6000 	/System/Library/Frameworks/Accelerate.framework/Versions/A/Frameworks/vecLib.framework/Versions/A/libvDSP.dylib
0x00000001aa904000 	/System/Library/Frameworks/Accelerate.framework/Versions/A/Frameworks/vecLib.framework/Versions/A/libLAPACK.dylib
0x00000001a9a68000 	/System/Library/Frameworks/Accelerate.framework/Versions/A/Frameworks/vecLib.framework/Versions/A/libLinearAlgebra.dylib
0x00000001aa7ff000 	/System/Library/Frameworks/Accelerate.framework/Versions/A/Frameworks/vecLib.framework/Versions/A/libSparseBLAS.dylib
0x00000001aa8ff000 	/System/Library/Frameworks/Accelerate.framework/Versions/A/Frameworks/vecLib.framework/Versions/A/libQuadrature.dylib
0x00000001a8af9000 	/System/Library/Frameworks/Accelerate.framework/Versions/A/Frameworks/vecLib.framework/Versions/A/libBNNS.dylib
0x000000019d585000 	/System/Library/Frameworks/Accelerate.framework/Versions/A/Frameworks/vecLib.framework/Versions/A/libSparse.dylib
0x000000025ed1d000 	/System/Library/PrivateFrameworks/MIL.framework/Versions/A/MIL
0x00000001acc38000 	/System/Library/PrivateFrameworks/GPUWrangler.framework/Versions/A/GPUWrangler
0x00000001acc18000 	/System/Library/PrivateFrameworks/IOPresentment.framework/Versions/A/IOPresentment
0x00000001acc40000 	/System/Library/PrivateFrameworks/DSExternalDisplay.framework/Versions/A/DSExternalDisplay
0x00000001e93a5000 	/System/Library/PrivateFrameworks/HIDDisplay.framework/Versions/A/HIDDisplay
0x00000001be184000 	/System/Library/PrivateFrameworks/HID.framework/Versions/A/HID
0x000000027ae5b000 	/System/Library/PrivateFrameworks/VideoToolboxParavirtualizationSupport.framework/Versions/A/VideoToolboxParavirtualizationSupport
0x00000001abfb7000 	/System/Library/PrivateFrameworks/AppleVA.framework/Versions/A/AppleVA
0x00000001b3f31000 	/System/Library/PrivateFrameworks/GraphicsServices.framework/Versions/A/GraphicsServices
0x00000001ae9e6000 	/System/Library/PrivateFrameworks/CorePhoneNumbers.framework/Versions/A/CorePhoneNumbers
0x00000001b30d1000 	/System/Library/PrivateFrameworks/MediaKit.framework/Versions/A/MediaKit
0x00000001b301c000 	/System/Library/Frameworks/DiscRecording.framework/Versions/A/DiscRecording
0x00000001ae7d5000 	/System/Library/PrivateFrameworks/NetAuth.framework/Versions/A/NetAuth
0x00000001a5db1000 	/System/Library/PrivateFrameworks/login.framework/Versions/A/Frameworks/loginsupport.framework/Versions/A/loginsupport
0x00000001ac025000 	/System/Library/PrivateFrameworks/IconFoundation.framework/Versions/A/IconFoundation
0x00000001abda2000 	/usr/lib/libIOReport.dylib
0x0000000246ebe000 	/System/Library/PrivateFrameworks/AppleMobileFileIntegrity.framework/Versions/A/AppleMobileFileIntegrity
0x00000002840b8000 	/usr/lib/libTLE.dylib
0x00000001f9d3b000 	/System/Library/PrivateFrameworks/ConfigProfileHelper.framework/Versions/A/ConfigProfileHelper
0x00000001a9a05000 	/usr/lib/libmecab.dylib
0x000000019d715000 	/usr/lib/libCRFSuite.dylib
0x00000001a89d5000 	/System/Library/PrivateFrameworks/CoreNLP.framework/Versions/A/CoreNLP
0x00000001aa7b8000 	/usr/lib/libThaiTokenizer.dylib
0x00000001a99cf000 	/usr/lib/libCheckFix.dylib
0x00000001a4ff4000 	/System/Library/PrivateFrameworks/MetadataUtilities.framework/Versions/A/MetadataUtilities
0x000000025a55f000 	/System/Library/PrivateFrameworks/InstalledContentLibrary.framework/Versions/A/InstalledContentLibrary
0x00000001a0204000 	/System/Library/PrivateFrameworks/CoreServicesStore.framework/Versions/A/CoreServicesStore
0x00000001d7cbd000 	/System/Library/PrivateFrameworks/MobileSystemServices.framework/Versions/A/MobileSystemServices
0x00000001abc63000 	/usr/lib/libxslt.1.dylib
0x00000001a9992000 	/System/Library/PrivateFrameworks/BackgroundTaskManagement.framework/Versions/A/BackgroundTaskManagement
0x00000001b5e57000 	/usr/lib/libcurl.4.dylib
0x00000002842ec000 	/usr/lib/libcrypto.46.dylib
0x0000000284e14000 	/usr/lib/libssl.48.dylib
0x00000001b5b30000 	/System/Library/Frameworks/LDAP.framework/Versions/A/LDAP
0x00000001b5b6c000 	/System/Library/PrivateFrameworks/TrustEvaluationAgent.framework/Versions/A/TrustEvaluationAgent
0x00000001ae493000 	/usr/lib/libsasl2.2.dylib
0x00000001c2bf9000 	/usr/lib/swift/libswiftCoreGraphics.dylib
0x00000001b2951000 	/usr/lib/swift/libswiftFoundation.dylib
0x00000001f97c5000 	/usr/lib/swift/libswiftSwiftOnoneSupport.dylib
0x00000001e5657000 	/System/Library/PrivateFrameworks/CoreMaterial.framework/Versions/A/CoreMaterial
0x000000026b71d000 	/System/Library/PrivateFrameworks/SFSymbols.framework/Versions/A/SFSymbols
0x00000001b1c1d000 	/System/Library/PrivateFrameworks/SpeechRecognitionCore.framework/Versions/A/SpeechRecognitionCore
0x00000001019fc000 	/Users/a/Library/Java/JavaVirtualMachines/ms-17.0.17/Contents/Home/lib/server/libjvm.dylib
0x0000000100810000 	/Users/a/Library/Java/JavaVirtualMachines/ms-17.0.17/Contents/Home/lib/libjimage.dylib
0x0000000100848000 	/Users/a/Library/Java/JavaVirtualMachines/ms-17.0.17/Contents/Home/lib/libinstrument.dylib
0x00000001008a0000 	/Users/a/Library/Java/JavaVirtualMachines/ms-17.0.17/Contents/Home/lib/libjava.dylib
0x0000000101644000 	/Users/a/Library/Java/JavaVirtualMachines/ms-17.0.17/Contents/Home/lib/libzip.dylib
0x0000000101670000 	/Users/a/Library/Java/JavaVirtualMachines/ms-17.0.17/Contents/Home/lib/libnio.dylib
0x0000000101694000 	/Users/a/Library/Java/JavaVirtualMachines/ms-17.0.17/Contents/Home/lib/libnet.dylib
0x0000000100880000 	/Users/a/Library/Java/JavaVirtualMachines/ms-17.0.17/Contents/Home/lib/libextnet.dylib
0x00000001016dc000 	/Users/a/Library/Java/JavaVirtualMachines/ms-17.0.17/Contents/Home/lib/libverify.dylib
0x00000001016bc000 	/Users/a/Library/Java/JavaVirtualMachines/ms-17.0.17/Contents/Home/lib/libmanagement.dylib
0x00000001016fc000 	/Users/a/Library/Java/JavaVirtualMachines/ms-17.0.17/Contents/Home/lib/libmanagement_ext.dylib


VM Arguments:
jvm_args: -XX:TieredStopAtLevel=1 -Dspring.output.ansi.enabled=always -javaagent:/Applications/IntelliJ IDEA.app/Contents/lib/idea_rt.jar=58974 -Dfile.encoding=UTF-8 
java_command: example.GrammyApplication
java_class_path (initial): /Users/a/Downloads/musicband-service/service-grammy/target/classes:/Users/a/.m2/repository/org/postgresql/postgresql/42.7.2/postgresql-42.7.2.jar:/Users/a/.m2/repository/org/checkerframework/checker-qual/3.42.0/checker-qual-3.42.0.jar:/Users/a/.m2/repository/org/springframework/boot/spring-boot-starter-data-jpa/2.3.12.RELEASE/spring-boot-starter-data-jpa-2.3.12.RELEASE.jar:/Users/a/.m2/repository/org/springframework/boot/spring-boot-starter-aop/2.3.12.RELEASE/spring-boot-starter-aop-2.3.12.RELEASE.jar:/Users/a/.m2/repository/org/springframework/spring-aop/5.2.15.RELEASE/spring-aop-5.2.15.RELEASE.jar:/Users/a/.m2/repository/org/aspectj/aspectjweaver/1.9.6/aspectjweaver-1.9.6.jar:/Users/a/.m2/repository/org/springframework/boot/spring-boot-starter-jdbc/2.3.12.RELEASE/spring-boot-starter-jdbc-2.3.12.RELEASE.jar:/Users/a/.m2/repository/com/zaxxer/HikariCP/3.4.5/HikariCP-3.4.5.jar:/Users/a/.m2/repository/org/springframework/spring-jdbc/5.2.15.RELEASE/spring-jdbc-5.2.15.RELEASE.jar:/Users/a/.m2/repository/jakarta/transaction/jakarta.transaction-api/1.3.3/jakarta.transaction-api-1.3.3.jar:/Users/a/.m2/repository/jakarta/persistence/jakarta.persistence-api/2.2.3/jakarta.persistence-api-2.2.3.jar:/Users/a/.m2/repository/org/hibernate/hibernate-core/5.4.32.Final/hibernate-core-5.4.32.Final.jar:/Users/a/.m2/repository/org/jboss/logging/jboss-logging/3.4.2.Final/jboss-logging-3.4.2.Final.jar:/Users/a/.m2/repository/org/javassist/javassist/3.27.0-GA/javassist-3.27.0-GA.jar:/Users/a/.m2/repository/net/bytebuddy/byte-buddy/1.10.22/byte-buddy-1.10.22.jar:/Users/a/.m2/repository/antlr/antlr/2.7.7/antlr-2.7.7.jar:/Users/a/.m2/repository/org/jboss/jandex/2.2.3.Final/jandex-2.2.3.Final.jar:/Users/a/.m2/repository/com/fasterxml/classmate/1.5.1/classmate-1.5.1.jar:/Users/a/.m2/repository/org/dom4j/dom4j/2.1.3/dom4j-2.1.3.jar:/Users/a/.m2/repository/org/hibernate/common/hibernate-commons-annotations/5.1.2.Final/hibernate-commons-annotations-5.1.2.Final.jar:/Us
Launcher Type: SUN_STANDARD

[Global flags]
     intx CICompilerCount                          = 4                                         {product} {ergonomic}
     uint ConcGCThreads                            = 2                                         {product} {ergonomic}
     uint G1ConcRefinementThreads                  = 8                                         {product} {ergonomic}
   size_t G1HeapRegionSize                         = 1048576                                   {product} {ergonomic}
    uintx GCDrainStackTargetSize                   = 64                                        {product} {ergonomic}
   size_t InitialHeapSize                          = 134217728                                 {product} {ergonomic}
   size_t MarkStackSize                            = 4194304                                   {product} {ergonomic}
   size_t MaxHeapSize                              = 2147483648                                {product} {ergonomic}
   size_t MaxNewSize                               = 1287651328                                {product} {ergonomic}
   size_t MinHeapDeltaBytes                        = 1048576                                   {product} {ergonomic}
   size_t MinHeapSize                              = 8388608                                   {product} {ergonomic}
    uintx NonProfiledCodeHeapSize                  = 0                                      {pd product} {ergonomic}
     bool ProfileInterpreter                       = false                                  {pd product} {command line}
    uintx ProfiledCodeHeapSize                     = 0                                      {pd product} {ergonomic}
   size_t SoftMaxHeapSize                          = 2147483648                             {manageable} {ergonomic}
     intx TieredStopAtLevel                        = 1                                         {product} {command line}
     bool UseCompressedClassPointers               = true                           {product lp64_product} {ergonomic}
     bool UseCompressedOops                        = true                           {product lp64_product} {ergonomic}
     bool UseG1GC                                  = true                                      {product} {ergonomic}
     bool UseNUMA                                  = false                                     {product} {ergonomic}
     bool UseNUMAInterleaving                      = false                                     {product} {ergonomic}

Logging:
Log output configuration:
 #0: stdout all=warning uptime,level,tags
 #1: stderr all=off uptime,level,tags

Environment Variables:
PATH=/opt/homebrew/bin:/opt/homebrew/sbin:/usr/local/bin:/System/Cryptexes/App/usr/bin:/usr/bin:/bin:/usr/sbin:/sbin:/var/run/com.apple.security.cryptexd/codex.system/bootstrap/usr/local/bin:/var/run/com.apple.security.cryptexd/codex.system/bootstrap/usr/bin:/var/run/com.apple.security.cryptexd/codex.system/bootstrap/usr/appleinternal/bin
SHELL=/bin/zsh
LC_CTYPE=ru_RU.UTF-8
TMPDIR=/var/folders/61/x6cf550d4199vygmt8zws6pm0000gn/T/

Active Locale:
LC_ALL=C/ru_RU.UTF-8/C/C/C/C
LC_COLLATE=C
LC_CTYPE=ru_RU.UTF-8
LC_MESSAGES=C
LC_MONETARY=C
LC_NUMERIC=C
LC_TIME=C

Signal Handlers:
   SIGSEGV: crash_handler in libjvm.dylib, mask=11100110000111110111111111111111, flags=SA_RESTART|SA_SIGINFO, unblocked
    SIGBUS: crash_handler in libjvm.dylib, mask=11100110000111110111111111111111, flags=SA_RESTART|SA_SIGINFO, unblocked
    SIGFPE: crash_handler in libjvm.dylib, mask=11100110000111110111111111111111, flags=SA_RESTART|SA_SIGINFO, unblocked
   SIGPIPE: javaSignalHandler in libjvm.dylib, mask=11100110000111110111111111111111, flags=SA_RESTART|SA_SIGINFO, blocked
   SIGXFSZ: javaSignalHandler in libjvm.dylib, mask=11100110000111110111111111111111, flags=SA_RESTART|SA_SIGINFO, blocked
    SIGILL: crash_handler in libjvm.dylib, mask=11100110000111110111111111111111, flags=SA_RESTART|SA_SIGINFO, unblocked
   SIGUSR2: SR_handler in libjvm.dylib, mask=00000000000000000000000000000000, flags=SA_RESTART|SA_SIGINFO, blocked
    SIGHUP: UserHandler in libjvm.dylib, mask=11100110000111110111111111111111, flags=SA_RESTART|SA_SIGINFO, blocked
    SIGINT: UserHandler in libjvm.dylib, mask=11100110000111110111111111111111, flags=SA_RESTART|SA_SIGINFO, blocked
   SIGTERM: UserHandler in libjvm.dylib, mask=11100110000111110111111111111111, flags=SA_RESTART|SA_SIGINFO, blocked
   SIGQUIT: UserHandler in libjvm.dylib, mask=11100110000111110111111111111111, flags=SA_RESTART|SA_SIGINFO, blocked
   SIGTRAP: crash_handler in libjvm.dylib, mask=11100110000111110111111111111111, flags=SA_RESTART|SA_SIGINFO, unblocked


Periodic native trim disabled


---------------  S Y S T E M  ---------------

OS:
uname: Darwin 24.5.0 Darwin Kernel Version 24.5.0: Tue Apr 22 19:48:46 PDT 2025; root:xnu-11417.121.6~2/RELEASE_ARM64_T8103 arm64
OS uptime: 1 days 1:31 hours
rlimit (soft/hard): STACK 8176k/65520k , CORE 0k/infinity , NPROC 1333/2000 , NOFILE 1048576/infinity , AS infinity/infinity , CPU infinity/infinity , DATA infinity/infinity , FSIZE infinity/infinity , MEMLOCK infinity/infinity , RSS infinity/infinity
load average: 8.09 5.39 4.40

CPU: total 8 (initial active 8) 0x61:0x0:0x1b588bb3:0, fp, simd, crc, lse
machdep.cpu.brand_string:Apple M1
hw.cachelinesize:128
hw.l1icachesize:131072
hw.l1dcachesize:65536
hw.l2cachesize:4194304

Memory: 16k page, physical 8388608k(136560k free), swap 4194304k(771712k free)

vm_info: OpenJDK 64-Bit Server VM (17.0.17+10-LTS) for bsd-aarch64 JRE (17.0.17+10-LTS), built on Oct 13 2025 22:02:27 by "MicrosoftCorporation" with clang Apple LLVM 15.0.0 (clang-1500.1.0.2.5)

END.
