#
# A fatal error has been detected by the Java Runtime Environment:
#
#  SIGBUS (0xa) at pc=0x00000001063cc73c, pid=24553, tid=25347
#
# JRE version: OpenJDK Runtime Environment Microsoft-12574438 (17.0.17+10) (build 17.0.17+10-LTS)
# Java VM: OpenJDK 64-Bit Server VM Microsoft-12574438 (17.0.17+10-LTS, mixed mode, emulated-client, sharing, tiered, compressed oops, compressed class ptrs, g1 gc, bsd-aarch64)
# Problematic frame:
# V  [libjvm.dylib+0x96073c]  Symbol::increment_refcount()+0x14
#
# No core dump will be written. Core dumps have been disabled. To enable core dumping, try "ulimit -c unlimited" before starting Java again
#
# If you would like to submit a bug report, please visit:
#   https://github.com/microsoft/openjdk/issues
#

---------------  S U M M A R Y ------------

Command Line: -XX:TieredStopAtLevel=1 -Dspring.output.ansi.enabled=always -javaagent:/Applications/IntelliJ IDEA.app/Contents/lib/idea_rt.jar=49571 -Dfile.encoding=UTF-8 org.example.backend.BackendApplication

Host: "MacBookAir10,1" arm64, 8 cores, 8G, Darwin 24.5.0, macOS 15.5 (24F74)
Time: Mon Jan 19 23:35:15 2026 MSK elapsed time: 139.711516 seconds (0d 0h 2m 19s)

---------------  T H R E A D  ---------------

Current thread (0x000000015a04d400):  JavaThread "C1 CompilerThread0" daemon [_thread_in_vm, id=25347, stack(0x000000016d30c000,0x000000016d50f000)]


Current CompileTask:
C1:139711 6332       1       org.springframework.ui.ExtendedModelMap::mergeAttributes (8 bytes)

Stack: [0x000000016d30c000,0x000000016d50f000],  sp=0x000000016d50dc80,  free space=2055k
Native frames: (J=compiled Java code, j=interpreted, Vv=VM code, C=native code)
V  [libjvm.dylib+0x96073c]  Symbol::increment_refcount()+0x14
V  [libjvm.dylib+0x21b678]  ciSymbol::ciSymbol(Symbol*, vmSymbolID)+0x30
V  [libjvm.dylib+0x217404]  ciObjectFactory::get_symbol(Symbol*)+0x68
V  [libjvm.dylib+0x21a9dc]  ciBytecodeStream::get_method(bool&, ciSignature**)+0x1a8
V  [libjvm.dylib+0x160628]  GraphBuilder::invoke(Bytecodes::Code)+0x40
V  [libjvm.dylib+0x164dc0]  GraphBuilder::iterate_bytecodes_for_block(int)+0x3d8
V  [libjvm.dylib+0x167068]  GraphBuilder::iterate_all_blocks(bool)+0x90
V  [libjvm.dylib+0x16a048]  GraphBuilder::try_inline_full(ciMethod*, bool, bool, Bytecodes::Code, Instruction*)+0x900
V  [libjvm.dylib+0x161c70]  GraphBuilder::try_inline(ciMethod*, bool, bool, Bytecodes::Code, Instruction*)+0x190
V  [libjvm.dylib+0x160f64]  GraphBuilder::invoke(Bytecodes::Code)+0x97c
V  [libjvm.dylib+0x164dc0]  GraphBuilder::iterate_bytecodes_for_block(int)+0x3d8
V  [libjvm.dylib+0x167068]  GraphBuilder::iterate_all_blocks(bool)+0x90
V  [libjvm.dylib+0x168924]  GraphBuilder::GraphBuilder(Compilation*, IRScope*)+0x4a8
V  [libjvm.dylib+0x16f2c8]  IRScope::IRScope(Compilation*, IRScope*, int, ciMethod*, int, bool)+0x15c
V  [libjvm.dylib+0x16f9c8]  IR::IR(Compilation*, ciMethod*, int)+0xb8
V  [libjvm.dylib+0x150784]  Compilation::build_hir()+0x174
V  [libjvm.dylib+0x1519d8]  Compilation::compile_java_method()+0x10c
V  [libjvm.dylib+0x151e3c]  Compilation::compile_method()+0x124
V  [libjvm.dylib+0x1521ac]  Compilation::Compilation(AbstractCompiler*, ciEnv*, ciMethod*, int, BufferBlob*, bool, DirectiveSet*)+0x18c
V  [libjvm.dylib+0x1532ac]  Compiler::compile_method(ciEnv*, ciMethod*, int, bool, DirectiveSet*)+0x5c
V  [libjvm.dylib+0x27ec78]  CompileBroker::invoke_compiler_on_method(CompileTask*)+0x514
V  [libjvm.dylib+0x27e5dc]  CompileBroker::compiler_thread_loop()+0x3c8
V  [libjvm.dylib+0x9ab078]  JavaThread::thread_main_inner()+0x148
V  [libjvm.dylib+0x9a9714]  Thread::call_run()+0xcc
V  [libjvm.dylib+0x7aec44]  thread_native_entry(Thread*)+0x158
C  [libsystem_pthread.dylib+0x6c0c]  _pthread_start+0x88


siginfo: si_signo: 10 (SIGBUS), si_code: 1 (BUS_ADRALN), si_addr: 0x0000600003ce6940

Registers:
 x0=0x0000600003ce6940  x1=0x0000600003ce6940  x2=0x0000000000000000  x3=0x0000000000000000
 x4=0x0000000000000000  x5=0x00000001399b6b50  x6=0x00000001399b6950  x7=0x00000001399b6f50
 x8=0x000000010664dd60  x9=0x000000011c8d3de8 x10=0x000000030045d4d8 x11=0x0000000000000003
x12=0x0000000119de4f00 x13=0x0001a1000001a100 x14=0x0000000106734f58 x15=0x0000000300454068
x16=0x0000000000000038 x17=0x0000600003b340c0 x18=0x0000000000000000 x19=0x0000600003ce6940
x20=0x000000011c8cedc0 x21=0x0000600003ce6940 x22=0x000000016d50de38 x23=0x0000000119de4f00
x24=0x000000011c8cec80 x25=0x0000000119de4f00 x26=0x00000001064ffda6 x27=0x00000000000000ba
x28=0x000000016d50de38  fp=0x000000016d50dca0  lr=0x0000000105c87678  sp=0x000000016d50dc80
pc=0x00000001063cc73c cpsr=0x0000000080001000

Register to memory mapping:

 x0=0x0000600003ce6940 points into unknown readable memory: 0x0000000000000000 | 00 00 00 00 00 00 00 00
 x1=0x0000600003ce6940 points into unknown readable memory: 0x0000000000000000 | 00 00 00 00 00 00 00 00
 x2=0x0 is NULL
 x3=0x0 is NULL
 x4=0x0 is NULL
 x5=0x00000001399b6b50 points into unknown readable memory: 0x0000000106646a40 | 40 6a 64 06 01 00 00 00
 x6=0x00000001399b6950 points into unknown readable memory: 0x0000000106646a40 | 40 6a 64 06 01 00 00 00
 x7=0x00000001399b6f50 points into unknown readable memory: 0x00000001399b64d0 | d0 64 9b 39 01 00 00 00
 x8=0x000000010664dd60: _ZTV8ciSymbol+0x10 in /Users/a/Library/Java/JavaVirtualMachines/ms-17.0.17/Contents/Home/lib/server/libjvm.dylib at 0x0000000105a6c000
 x9=0x000000011c8d3de8 points into unknown readable memory: 0x0000000000000000 | 00 00 00 00 00 00 00 00
x10=0x000000030045d4d8 is pointing into metadata
x11=0x0000000000000003 is an unknown value
x12=0x0000000119de4f00 is pointing into metadata
x13=0x0001a1000001a100 is an unknown value
x14=0x0000000106734f58: _ZL15vm_symbol_index+0 in /Users/a/Library/Java/JavaVirtualMachines/ms-17.0.17/Contents/Home/lib/server/libjvm.dylib at 0x0000000105a6c000
x15=0x0000000300454068 is pointing into metadata
x16=0x0000000000000038 is an unknown value
x17=0x0000600003b340c0 points into unknown readable memory: 0xfffffffffffffffe | fe ff ff ff ff ff ff ff
x18=0x0 is NULL
x19=0x0000600003ce6940 points into unknown readable memory: 0x0000000000000000 | 00 00 00 00 00 00 00 00
x20=0x000000011c8cedc0 points into unknown readable memory: 0x000000010664dd60 | 60 dd 64 06 01 00 00 00
x21=0x0000600003ce6940 points into unknown readable memory: 0x0000000000000000 | 00 00 00 00 00 00 00 00
x22=0x000000016d50de38 is pointing into the stack for thread: 0x000000015a04d400
x23=0x0000000119de4f00 is pointing into metadata
x24=0x000000011c8cec80 points into unknown readable memory: 0x000000010664cc78 | 78 cc 64 06 01 00 00 00
x25=0x0000000119de4f00 is pointing into metadata
x26=0x00000001064ffda6: _ZN9metaspace9BlockTree11MinWordSizeE+0xb86 in /Users/a/Library/Java/JavaVirtualMachines/ms-17.0.17/Contents/Home/lib/server/libjvm.dylib at 0x0000000105a6c000
x27=0x00000000000000ba is an unknown value
x28=0x000000016d50de38 is pointing into the stack for thread: 0x000000015a04d400


Top of Stack: (sp=0x000000016d50dc80)
0x000000016d50dc80:   0000000000000083 0000000000000081
0x000000016d50dc90:   000000011c8cedc0 000000011c8cedc0
0x000000016d50dca0:   000000016d50dcc0 0000000105c87678
0x000000016d50dcb0:   000000011c8cedc0 0000000139642900
0x000000016d50dcc0:   000000016d50dcf0 0000000105c83404
0x000000016d50dcd0:   000000016d50de38 000000016d50eaf0
0x000000016d50dce0:   000000016d50dda0 000000015a04d400
0x000000016d50dcf0:   000000016d50dd50 0000000105c869dc
0x000000016d50dd00:   0000000119de4f00 000000015a04d400
0x000000016d50dd10:   00000001064ffda6 0000000000000000
0x000000016d50dd20:   00000000000000b0 00000001066bb31c
0x000000016d50dd30:   000000016d50de38 0000600003b340f8
0x000000016d50dd40:   0000000000000000 000000016d50e2f8
0x000000016d50dd50:   000000016d50de00 0000000105bcc628
0x000000016d50dd60:   0000000000000002 0000600001108201
0x000000016d50dd70:   0000000000000010 00000001399b7190
0x000000016d50dd80:   00000001399b7090 00000001399b6b50
0x000000016d50dd90:   000000016d50de00 0000000105be08c0
0x000000016d50dda0:   0000000000000000 00000001019b71f0
0x000000016d50ddb0:   000000016d50de38 00000000000000ba
0x000000016d50ddc0:   00000001064ffda6 0000000000000000
0x000000016d50ddd0:   00000000000000b0 00000001066bb31c
0x000000016d50dde0:   000000016d50de38 0000600003b340f8
0x000000016d50ddf0:   0000000000000000 000000016d50e2f8
0x000000016d50de00:   000000016d50ded0 0000000105bd0dc0
0x000000016d50de10:   0000000000000003 00000001399b6d50
0x000000016d50de20:   000000006d50de50 000000016d50e348
0x000000016d50de30:   0000000106645020 000000011c8ce200
0x000000016d50de40:   000000011c8ce150 000000011c8ce3c6
0x000000016d50de50:   0000000000000000 0000000105bd83e4
0x000000016d50de60:   000000011c8ce3c0 000000011c8ce3d2
0x000000016d50de70:   000000011c8ce3cb 000000ba000000ba 

Instructions: (pc=0x00000001063cc73c)
0x00000001063cc63c:   08 01 17 8b 08 19 40 39 1f bd 00 71 c8 02 88 1a
0x00000001063cc64c:   01 1d 00 13 e0 03 13 aa d1 5f f9 97 f7 06 00 91
0x00000001063cc65c:   ff 02 18 eb cb fe ff 54 06 00 00 14 40 20 ea 97
0x00000001063cc66c:   e0 03 00 f9 e0 03 13 aa e1 03 15 aa dc 5d f9 97
0x00000001063cc67c:   e0 43 00 91 1d 03 fe 97 e8 2f 40 b9 48 01 f8 37
0x00000001063cc68c:   1f 0d 00 71 00 01 00 54 e0 03 13 aa e1 03 14 aa
0x00000001063cc69c:   d3 5d f9 97 e0 2b 40 b9 1f 34 00 71 61 fa ff 54
0x00000001063cc6ac:   ce ff ff 17 e0 43 00 91 e0 00 fe 97 fd 7b 47 a9
0x00000001063cc6bc:   f4 4f 46 a9 f6 57 45 a9 f8 5f 44 a9 ff 03 02 91
0x00000001063cc6cc:   c0 03 5f d6 fd 7b bf a9 fd 03 00 91 08 00 40 b9
0x00000001063cc6dc:   e9 ff 9f 52 0a 3d 00 72 c0 01 00 54 5f 01 09 6b
0x00000001063cc6ec:   20 01 00 54 0a 05 00 11 bf 3b 03 d5 eb 03 08 aa
0x00000001063cc6fc:   0a 7c ab 88 bf 3b 03 d5 7f 01 08 6b e8 03 0b aa
0x00000001063cc70c:   a1 fe ff 54 20 00 80 52 fd 7b c1 a8 c0 03 5f d6
0x00000001063cc71c:   00 00 80 52 fd 7b c1 a8 c0 03 5f d6 ff c3 00 d1
0x00000001063cc72c:   f4 4f 01 a9 fd 7b 02 a9 fd 83 00 91 f3 03 00 aa
0x00000001063cc73c:   08 00 40 b9 e9 ff 9f 52 0a 3d 00 72 e0 01 00 54
0x00000001063cc74c:   5f 01 09 6b 20 01 00 54 0a 05 00 11 bf 3b 03 d5
0x00000001063cc75c:   eb 03 08 aa 6a 7e ab 88 bf 3b 03 d5 7f 01 08 6b
0x00000001063cc76c:   e8 03 0b aa a1 fe ff 54 fd 7b 42 a9 f4 4f 41 a9
0x00000001063cc77c:   ff c3 00 91 c0 03 5f d6 28 18 00 d0 08 61 2b 91
0x00000001063cc78c:   14 01 40 f9 e1 0d 00 b0 21 3c 34 91 e0 03 14 aa
0x00000001063cc79c:   93 5d f9 97 e0 03 13 aa e1 03 14 aa 86 fc ff 97
0x00000001063cc7ac:   21 0b 00 f0 21 78 1a 91 e0 03 14 aa 8c 5d f9 97
0x00000001063cc7bc:   68 02 40 b9 08 3d 00 12 e8 03 00 f9 e1 0d 00 b0
0x00000001063cc7cc:   21 64 34 91 e0 03 14 aa 85 5d f9 97 e1 0d 00 b0
0x00000001063cc7dc:   21 b8 32 91 e3 0d 00 b0 63 40 33 91 00 00 bc 52
0x00000001063cc7ec:   42 27 80 52 78 0e e5 97 fd 7b 42 a9 f4 4f 41 a9
0x00000001063cc7fc:   ff c3 00 91 e9 37 f9 17 ff c3 00 d1 f4 4f 01 a9
0x00000001063cc80c:   fd 7b 02 a9 fd 83 00 91 f3 03 00 aa 28 18 00 d0
0x00000001063cc81c:   08 61 2b 91 14 01 40 f9 e1 0d 00 b0 21 3c 34 91
0x00000001063cc82c:   e0 03 14 aa 6e 5d f9 97 e0 03 13 aa e1 03 14 aa 


Stack slot to memory mapping:
stack at sp + 0 slots: 0x0000000000000083 is an unknown value
stack at sp + 1 slots: 0x0000000000000081 is an unknown value
stack at sp + 2 slots: 0x000000011c8cedc0 points into unknown readable memory: 0x000000010664dd60 | 60 dd 64 06 01 00 00 00
stack at sp + 3 slots: 0x000000011c8cedc0 points into unknown readable memory: 0x000000010664dd60 | 60 dd 64 06 01 00 00 00
stack at sp + 4 slots: 0x000000016d50dcc0 is pointing into the stack for thread: 0x000000015a04d400
stack at sp + 5 slots: 0x0000000105c87678: _ZN8ciSymbolC1EP6Symbol10vmSymbolID+0x30 in /Users/a/Library/Java/JavaVirtualMachines/ms-17.0.17/Contents/Home/lib/server/libjvm.dylib at 0x0000000105a6c000
stack at sp + 6 slots: 0x000000011c8cedc0 points into unknown readable memory: 0x000000010664dd60 | 60 dd 64 06 01 00 00 00
stack at sp + 7 slots: 0x0000000139642900 points into unknown readable memory: 0x000000016d50eaf8 | f8 ea 50 6d 01 00 00 00


---------------  P R O C E S S  ---------------

Threads class SMR info:
_java_thread_list=0x0000600001e893c0, length=30, elements={
0x000000015982c800, 0x000000015982f000, 0x000000013a044400, 0x000000015a012c00,
0x000000014980d400, 0x000000015a04d400, 0x0000000159831000, 0x000000015a06da00,
0x000000013a048a00, 0x000000013a1c9000, 0x00000001599f2600, 0x0000000139a40c00,
0x00000001599f2c00, 0x000000015a281400, 0x0000000139a47000, 0x0000000159825200,
0x0000000159824800, 0x0000000159a3d800, 0x0000000159a3de00, 0x0000000159a3e400,
0x0000000159a3ea00, 0x0000000159a3f000, 0x0000000159a3f600, 0x0000000159a3fc00,
0x0000000159a40200, 0x0000000159a3be00, 0x0000000159a3b600, 0x000000013982da00,
0x0000000139a47600, 0x000000011c015c00
}

Java Threads: ( => current thread )
  0x000000015982c800 JavaThread "Reference Handler" daemon [_thread_blocked, id=31235, stack(0x000000016c7b8000,0x000000016c9bb000)]
  0x000000015982f000 JavaThread "Finalizer" daemon [_thread_blocked, id=30979, stack(0x000000016c9c4000,0x000000016cbc7000)]
  0x000000013a044400 JavaThread "Signal Dispatcher" daemon [_thread_blocked, id=24579, stack(0x000000016cce8000,0x000000016ceeb000)]
  0x000000015a012c00 JavaThread "Service Thread" daemon [_thread_blocked, id=24835, stack(0x000000016cef4000,0x000000016d0f7000)]
  0x000000014980d400 JavaThread "Monitor Deflation Thread" daemon [_thread_blocked, id=28675, stack(0x000000016d100000,0x000000016d303000)]
=>0x000000015a04d400 JavaThread "C1 CompilerThread0" daemon [_thread_in_vm, id=25347, stack(0x000000016d30c000,0x000000016d50f000)]
  0x0000000159831000 JavaThread "Sweeper thread" daemon [_thread_blocked, id=25859, stack(0x000000016d518000,0x000000016d71b000)]
  0x000000015a06da00 JavaThread "Common-Cleaner" daemon [_thread_blocked, id=28163, stack(0x000000016d724000,0x000000016d927000)]
  0x000000013a048a00 JavaThread "Monitor Ctrl-Break" daemon [_thread_in_native, id=27651, stack(0x000000016d930000,0x000000016db33000)]
  0x000000013a1c9000 JavaThread "Notification Thread" daemon [_thread_blocked, id=27139, stack(0x000000016db3c000,0x000000016dd3f000)]
  0x00000001599f2600 JavaThread "Catalina-utility-1" [_thread_blocked, id=34059, stack(0x000000016e990000,0x000000016eb93000)]
  0x0000000139a40c00 JavaThread "Catalina-utility-2" [_thread_blocked, id=40451, stack(0x000000016f5d8000,0x000000016f7db000)]
  0x00000001599f2c00 JavaThread "container-0" [_thread_blocked, id=36099, stack(0x000000016f7e4000,0x000000016f9e7000)]
  0x000000015a281400 JavaThread "Keep-Alive-Timer" daemon [_thread_blocked, id=36355, stack(0x000000016f9f0000,0x000000016fbf3000)]
  0x0000000139a47000 JavaThread "catalogWatchTaskScheduler-1" [_thread_in_native, id=36611, stack(0x0000000341004000,0x0000000341207000)]
  0x0000000159825200 JavaThread "http-nio-10843-exec-1" daemon [_thread_blocked, id=37123, stack(0x0000000341210000,0x0000000341413000)]
  0x0000000159824800 JavaThread "http-nio-10843-exec-2" daemon [_thread_blocked, id=38659, stack(0x000000034141c000,0x000000034161f000)]
  0x0000000159a3d800 JavaThread "http-nio-10843-exec-3" daemon [_thread_blocked, id=37379, stack(0x0000000341628000,0x000000034182b000)]
  0x0000000159a3de00 JavaThread "http-nio-10843-exec-4" daemon [_thread_blocked, id=38147, stack(0x0000000341834000,0x0000000341a37000)]
  0x0000000159a3e400 JavaThread "http-nio-10843-exec-5" daemon [_thread_blocked, id=43523, stack(0x0000000341a40000,0x0000000341c43000)]
  0x0000000159a3ea00 JavaThread "http-nio-10843-exec-6" daemon [_thread_blocked, id=43779, stack(0x0000000341c4c000,0x0000000341e4f000)]
  0x0000000159a3f000 JavaThread "http-nio-10843-exec-7" daemon [_thread_blocked, id=64771, stack(0x0000000341e58000,0x000000034205b000)]
  0x0000000159a3f600 JavaThread "http-nio-10843-exec-8" daemon [_thread_blocked, id=64259, stack(0x0000000342064000,0x0000000342267000)]
  0x0000000159a3fc00 JavaThread "http-nio-10843-exec-9" daemon [_thread_blocked, id=44291, stack(0x0000000342270000,0x0000000342473000)]
  0x0000000159a40200 JavaThread "http-nio-10843-exec-10" daemon [_thread_blocked, id=64003, stack(0x000000034247c000,0x000000034267f000)]
  0x0000000159a3be00 JavaThread "http-nio-10843-Poller" daemon [_thread_in_native, id=63491, stack(0x0000000342688000,0x000000034288b000)]
  0x0000000159a3b600 JavaThread "http-nio-10843-Acceptor" daemon [_thread_in_native, id=62979, stack(0x0000000342894000,0x0000000342a97000)]
  0x000000013982da00 JavaThread "DestroyJavaVM" [_thread_blocked, id=6147, stack(0x000000016b964000,0x000000016bb67000)]
  0x0000000139a47600 JavaThread "http-nio-10843-exec-11" daemon [_thread_blocked, id=29959, stack(0x0000000342aa0000,0x0000000342ca3000)]
  0x000000011c015c00 JavaThread "http-nio-10843-exec-12" daemon [_thread_blocked, id=62723, stack(0x0000000342cac000,0x0000000342eaf000)]

Other Threads:
  0x0000000159609420 VMThread "VM Thread" [stack: 0x000000016c5ac000,0x000000016c7af000] [id=19715]
  0x000000013a908e20 WatcherThread [stack: 0x000000016dd48000,0x000000016df4b000] [id=26883]
  0x0000000159707d10 GCTaskThread "GC Thread#0" [stack: 0x000000016bb70000,0x000000016bd73000] [id=12291]
  0x000000013a90d820 GCTaskThread "GC Thread#1" [stack: 0x000000016df54000,0x000000016e157000] [id=32771]
  0x000000015960f150 GCTaskThread "GC Thread#2" [stack: 0x000000016e160000,0x000000016e363000] [id=43011]
  0x0000000139613400 GCTaskThread "GC Thread#3" [stack: 0x000000016e784000,0x000000016e987000] [id=33539]
  0x000000013961f730 GCTaskThread "GC Thread#4" [stack: 0x000000016eb9c000,0x000000016ed9f000] [id=34311]
  0x000000013961fbc0 GCTaskThread "GC Thread#5" [stack: 0x000000016eda8000,0x000000016efab000] [id=34819]
  0x0000000139620050 GCTaskThread "GC Thread#6" [stack: 0x000000016efb4000,0x000000016f1b7000] [id=35075]
  0x00000001396208d0 GCTaskThread "GC Thread#7" [stack: 0x000000016f1c0000,0x000000016f3c3000] [id=35587]
  0x0000000159605810 ConcurrentGCThread "G1 Main Marker" [stack: 0x000000016bd7c000,0x000000016bf7f000] [id=12803]
  0x00000001596060a0 ConcurrentGCThread "G1 Conc#0" [stack: 0x000000016bf88000,0x000000016c18b000] [id=13571]
  0x000000013a92aa60 ConcurrentGCThread "G1 Conc#1" [stack: 0x000000016f3cc000,0x000000016f5cf000] [id=40967]
  0x000000013a904330 ConcurrentGCThread "G1 Refine#0" [stack: 0x000000016c194000,0x000000016c397000] [id=21507]
  0x000000015960f6d0 ConcurrentGCThread "G1 Refine#1" [stack: 0x000000016e36c000,0x000000016e56f000] [id=33027]
  0x0000000129605230 ConcurrentGCThread "G1 Refine#2" [stack: 0x000000016e578000,0x000000016e77b000] [id=33283]
  0x000000013a904a10 ConcurrentGCThread "G1 Service" [stack: 0x000000016c3a0000,0x000000016c5a3000] [id=16899]

Threads with active compile tasks:
C1 CompilerThread0  139721 6332       1       org.springframework.ui.ExtendedModelMap::mergeAttributes (8 bytes)

VM state: not at safepoint (normal execution)

VM Mutex/Monitor currently owned by a thread: None

Heap address: 0x0000000780000000, size: 2048 MB, Compressed Oops mode: Zero based, Oop shift amount: 3

CDS archive(s) mapped at: [0x0000000300000000-0x0000000300bc0000-0x0000000300bc0000), size 12320768, SharedBaseAddress: 0x0000000300000000, ArchiveRelocationMode: 1.
Compressed class space mapped at: 0x0000000301000000-0x0000000341000000, reserved size: 1073741824
Narrow klass base: 0x0000000300000000, Narrow klass shift: 0, Narrow klass range: 0x100000000

GC Precious Log:
 CPUs: 8 total, 8 available
 Memory: 8192M
 Large Page Support: Disabled
 NUMA Support: Disabled
 Compressed Oops: Enabled (Zero based)
 Heap Region Size: 1M
 Heap Min Capacity: 8M
 Heap Initial Capacity: 128M
 Heap Max Capacity: 2G
 Pre-touch: Disabled
 Parallel Workers: 8
 Concurrent Workers: 2
 Concurrent Refinement Workers: 8
 Periodic GC: Disabled

Heap:
 garbage-first heap   total 98304K, used 61549K [0x0000000780000000, 0x0000000800000000)
  region size 1024K, 36 young (36864K), 6 survivors (6144K)
 Metaspace       used 42199K, committed 42752K, reserved 1114112K
  class space    used 6039K, committed 6272K, reserved 1048576K

Heap Regions: E=young(eden), S=young(survivor), O=old, HS=humongous(starts), HC=humongous(continues), CS=collection set, F=free, OA=open archive, CA=closed archive, TAMS=top-at-mark-start (previous, next)
|   0|0x0000000780000000, 0x0000000780100000, 0x0000000780100000|100%|HS|  |TAMS 0x0000000780100000, 0x0000000780000000| Complete 
|   1|0x0000000780100000, 0x0000000780200000, 0x0000000780200000|100%| O|  |TAMS 0x0000000780200000, 0x0000000780100000| Untracked 
|   2|0x0000000780200000, 0x0000000780200000, 0x0000000780300000|  0%| F|  |TAMS 0x0000000780200000, 0x0000000780200000| Untracked 
|   3|0x0000000780300000, 0x0000000780400000, 0x0000000780400000|100%| O|  |TAMS 0x0000000780400000, 0x0000000780300000| Untracked 
|   4|0x0000000780400000, 0x0000000780500000, 0x0000000780500000|100%| O|  |TAMS 0x0000000780500000, 0x0000000780400000| Untracked 
|   5|0x0000000780500000, 0x0000000780600000, 0x0000000780600000|100%| O|  |TAMS 0x0000000780600000, 0x0000000780500000| Untracked 
|   6|0x0000000780600000, 0x0000000780700000, 0x0000000780700000|100%| O|  |TAMS 0x0000000780700000, 0x0000000780600000| Untracked 
|   7|0x0000000780700000, 0x0000000780800000, 0x0000000780800000|100%| O|  |TAMS 0x0000000780800000, 0x0000000780700000| Untracked 
|   8|0x0000000780800000, 0x0000000780900000, 0x0000000780900000|100%| O|  |TAMS 0x0000000780900000, 0x0000000780800000| Untracked 
|   9|0x0000000780900000, 0x0000000780a00000, 0x0000000780a00000|100%| O|  |TAMS 0x0000000780a00000, 0x0000000780900000| Untracked 
|  10|0x0000000780a00000, 0x0000000780b00000, 0x0000000780b00000|100%| O|  |TAMS 0x0000000780b00000, 0x0000000780a00000| Untracked 
|  11|0x0000000780b00000, 0x0000000780c00000, 0x0000000780c00000|100%| O|  |TAMS 0x0000000780c00000, 0x0000000780b00000| Untracked 
|  12|0x0000000780c00000, 0x0000000780d00000, 0x0000000780d00000|100%| O|  |TAMS 0x0000000780d00000, 0x0000000780c00000| Untracked 
|  13|0x0000000780d00000, 0x0000000780e00000, 0x0000000780e00000|100%| O|  |TAMS 0x0000000780e00000, 0x0000000780d00000| Untracked 
|  14|0x0000000780e00000, 0x0000000780f00000, 0x0000000780f00000|100%| O|  |TAMS 0x0000000780f00000, 0x0000000780e00000| Untracked 
|  15|0x0000000780f00000, 0x0000000781000000, 0x0000000781000000|100%| O|  |TAMS 0x0000000781000000, 0x0000000780f00000| Untracked 
|  16|0x0000000781000000, 0x0000000781055200, 0x0000000781100000| 33%| O|  |TAMS 0x0000000781055200, 0x0000000781000000| Untracked 
|  17|0x0000000781100000, 0x0000000781200000, 0x0000000781200000|100%| O|  |TAMS 0x0000000781200000, 0x0000000781100000| Untracked 
|  18|0x0000000781200000, 0x0000000781300000, 0x0000000781300000|100%| O|  |TAMS 0x0000000781200000, 0x0000000781200000| Untracked 
|  19|0x0000000781300000, 0x0000000781400000, 0x0000000781400000|100%| O|  |TAMS 0x0000000781400000, 0x0000000781300000| Untracked 
|  20|0x0000000781400000, 0x0000000781500000, 0x0000000781500000|100%| O|  |TAMS 0x0000000781500000, 0x0000000781400000| Untracked 
|  21|0x0000000781500000, 0x0000000781600000, 0x0000000781600000|100%| O|  |TAMS 0x0000000781500000, 0x0000000781500000| Untracked 
|  22|0x0000000781600000, 0x0000000781700000, 0x0000000781700000|100%| O|  |TAMS 0x0000000781600000, 0x0000000781600000| Untracked 
|  23|0x0000000781700000, 0x00000007817b3a00, 0x0000000781800000| 70%| O|  |TAMS 0x0000000781700000, 0x0000000781700000| Untracked 
|  24|0x0000000781800000, 0x0000000781800000, 0x0000000781900000|  0%| F|  |TAMS 0x0000000781800000, 0x0000000781800000| Untracked 
|  25|0x0000000781900000, 0x0000000781900000, 0x0000000781a00000|  0%| F|  |TAMS 0x0000000781900000, 0x0000000781900000| Untracked 
|  26|0x0000000781a00000, 0x0000000781a00000, 0x0000000781b00000|  0%| F|  |TAMS 0x0000000781a00000, 0x0000000781a00000| Untracked 
|  27|0x0000000781b00000, 0x0000000781c00000, 0x0000000781c00000|100%| O|  |TAMS 0x0000000781c00000, 0x0000000781b00000| Untracked 
|  28|0x0000000781c00000, 0x0000000781d00000, 0x0000000781d00000|100%| O|  |TAMS 0x0000000781d00000, 0x0000000781c00000| Untracked 
|  29|0x0000000781d00000, 0x0000000781e00000, 0x0000000781e00000|100%| O|  |TAMS 0x0000000781dcde00, 0x0000000781d00000| Untracked 
|  30|0x0000000781e00000, 0x0000000781e00000, 0x0000000781f00000|  0%| F|  |TAMS 0x0000000781e00000, 0x0000000781e00000| Untracked 
|  31|0x0000000781f00000, 0x0000000781f00000, 0x0000000782000000|  0%| F|  |TAMS 0x0000000781f00000, 0x0000000781f00000| Untracked 
|  32|0x0000000782000000, 0x0000000782000000, 0x0000000782100000|  0%| F|  |TAMS 0x0000000782000000, 0x0000000782000000| Untracked 
|  33|0x0000000782100000, 0x0000000782100000, 0x0000000782200000|  0%| F|  |TAMS 0x0000000782100000, 0x0000000782100000| Untracked 
|  34|0x0000000782200000, 0x0000000782200000, 0x0000000782300000|  0%| F|  |TAMS 0x0000000782200000, 0x0000000782200000| Untracked 
|  35|0x0000000782300000, 0x0000000782300000, 0x0000000782400000|  0%| F|  |TAMS 0x0000000782300000, 0x0000000782300000| Untracked 
|  36|0x0000000782400000, 0x0000000782400000, 0x0000000782500000|  0%| F|  |TAMS 0x0000000782400000, 0x0000000782400000| Untracked 
|  37|0x0000000782500000, 0x0000000782500000, 0x0000000782600000|  0%| F|  |TAMS 0x0000000782500000, 0x0000000782500000| Untracked 
|  38|0x0000000782600000, 0x0000000782600000, 0x0000000782700000|  0%| F|  |TAMS 0x0000000782600000, 0x0000000782600000| Untracked 
|  39|0x0000000782700000, 0x0000000782700000, 0x0000000782800000|  0%| F|  |TAMS 0x0000000782700000, 0x0000000782700000| Untracked 
|  40|0x0000000782800000, 0x0000000782800000, 0x0000000782900000|  0%| F|  |TAMS 0x0000000782800000, 0x0000000782800000| Untracked 
|  41|0x0000000782900000, 0x0000000782900000, 0x0000000782a00000|  0%| F|  |TAMS 0x0000000782900000, 0x0000000782900000| Untracked 
|  42|0x0000000782a00000, 0x0000000782a00000, 0x0000000782b00000|  0%| F|  |TAMS 0x0000000782a00000, 0x0000000782a00000| Untracked 
|  43|0x0000000782b00000, 0x0000000782b00000, 0x0000000782c00000|  0%| F|  |TAMS 0x0000000782b00000, 0x0000000782b00000| Untracked 
|  44|0x0000000782c00000, 0x0000000782c2aa30, 0x0000000782d00000| 16%| S|CS|TAMS 0x0000000782c00000, 0x0000000782c00000| Complete 
|  45|0x0000000782d00000, 0x0000000782e00000, 0x0000000782e00000|100%| S|CS|TAMS 0x0000000782d00000, 0x0000000782d00000| Complete 
|  46|0x0000000782e00000, 0x0000000782f00000, 0x0000000782f00000|100%| S|CS|TAMS 0x0000000782e00000, 0x0000000782e00000| Complete 
|  47|0x0000000782f00000, 0x0000000783000000, 0x0000000783000000|100%| S|CS|TAMS 0x0000000782f00000, 0x0000000782f00000| Complete 
|  48|0x0000000783000000, 0x0000000783100000, 0x0000000783100000|100%| S|CS|TAMS 0x0000000783000000, 0x0000000783000000| Complete 
|  49|0x0000000783100000, 0x0000000783200000, 0x0000000783200000|100%| S|CS|TAMS 0x0000000783100000, 0x0000000783100000| Complete 
|  50|0x0000000783200000, 0x0000000783200000, 0x0000000783300000|  0%| F|  |TAMS 0x0000000783200000, 0x0000000783200000| Untracked 
|  51|0x0000000783300000, 0x0000000783300000, 0x0000000783400000|  0%| F|  |TAMS 0x0000000783300000, 0x0000000783300000| Untracked 
|  52|0x0000000783400000, 0x0000000783400000, 0x0000000783500000|  0%| F|  |TAMS 0x0000000783400000, 0x0000000783400000| Untracked 
|  53|0x0000000783500000, 0x0000000783500000, 0x0000000783600000|  0%| F|  |TAMS 0x0000000783500000, 0x0000000783500000| Untracked 
|  54|0x0000000783600000, 0x0000000783600000, 0x0000000783700000|  0%| F|  |TAMS 0x0000000783600000, 0x0000000783600000| Untracked 
|  55|0x0000000783700000, 0x0000000783700000, 0x0000000783800000|  0%| F|  |TAMS 0x0000000783700000, 0x0000000783700000| Untracked 
|  56|0x0000000783800000, 0x0000000783800000, 0x0000000783900000|  0%| F|  |TAMS 0x0000000783800000, 0x0000000783800000| Untracked 
|  57|0x0000000783900000, 0x0000000783900000, 0x0000000783a00000|  0%| F|  |TAMS 0x0000000783900000, 0x0000000783900000| Untracked 
|  58|0x0000000783a00000, 0x0000000783a00000, 0x0000000783b00000|  0%| F|  |TAMS 0x0000000783a00000, 0x0000000783a00000| Untracked 
|  59|0x0000000783b00000, 0x0000000783b00000, 0x0000000783c00000|  0%| F|  |TAMS 0x0000000783b00000, 0x0000000783b00000| Untracked 
|  60|0x0000000783c00000, 0x0000000783c00000, 0x0000000783d00000|  0%| F|  |TAMS 0x0000000783c00000, 0x0000000783c00000| Untracked 
|  61|0x0000000783d00000, 0x0000000783d00000, 0x0000000783e00000|  0%| F|  |TAMS 0x0000000783d00000, 0x0000000783d00000| Untracked 
|  62|0x0000000783e00000, 0x0000000783e00000, 0x0000000783f00000|  0%| F|  |TAMS 0x0000000783e00000, 0x0000000783e00000| Untracked 
|  63|0x0000000783f00000, 0x0000000783f00000, 0x0000000784000000|  0%| F|  |TAMS 0x0000000783f00000, 0x0000000783f00000| Untracked 
|  64|0x0000000784000000, 0x00000007840e2bb0, 0x0000000784100000| 88%| E|  |TAMS 0x0000000784000000, 0x0000000784000000| Complete 
|  65|0x0000000784100000, 0x0000000784200000, 0x0000000784200000|100%| E|CS|TAMS 0x0000000784100000, 0x0000000784100000| Complete 
|  66|0x0000000784200000, 0x0000000784300000, 0x0000000784300000|100%| E|CS|TAMS 0x0000000784200000, 0x0000000784200000| Complete 
|  67|0x0000000784300000, 0x0000000784400000, 0x0000000784400000|100%| E|CS|TAMS 0x0000000784300000, 0x0000000784300000| Complete 
|  68|0x0000000784400000, 0x0000000784500000, 0x0000000784500000|100%| E|CS|TAMS 0x0000000784400000, 0x0000000784400000| Complete 
|  69|0x0000000784500000, 0x0000000784600000, 0x0000000784600000|100%| E|CS|TAMS 0x0000000784500000, 0x0000000784500000| Complete 
|  70|0x0000000784600000, 0x0000000784700000, 0x0000000784700000|100%| E|CS|TAMS 0x0000000784600000, 0x0000000784600000| Complete 
|  71|0x0000000784700000, 0x0000000784800000, 0x0000000784800000|100%| E|CS|TAMS 0x0000000784700000, 0x0000000784700000| Complete 
|  72|0x0000000784800000, 0x0000000784900000, 0x0000000784900000|100%| E|CS|TAMS 0x0000000784800000, 0x0000000784800000| Complete 
|  73|0x0000000784900000, 0x0000000784a00000, 0x0000000784a00000|100%| E|CS|TAMS 0x0000000784900000, 0x0000000784900000| Complete 
|  74|0x0000000784a00000, 0x0000000784b00000, 0x0000000784b00000|100%| E|CS|TAMS 0x0000000784a00000, 0x0000000784a00000| Complete 
|  75|0x0000000784b00000, 0x0000000784c00000, 0x0000000784c00000|100%| E|CS|TAMS 0x0000000784b00000, 0x0000000784b00000| Complete 
|  76|0x0000000784c00000, 0x0000000784d00000, 0x0000000784d00000|100%| E|CS|TAMS 0x0000000784c00000, 0x0000000784c00000| Complete 
|  77|0x0000000784d00000, 0x0000000784e00000, 0x0000000784e00000|100%| E|CS|TAMS 0x0000000784d00000, 0x0000000784d00000| Complete 
|  78|0x0000000784e00000, 0x0000000784f00000, 0x0000000784f00000|100%| E|CS|TAMS 0x0000000784e00000, 0x0000000784e00000| Complete 
|  79|0x0000000784f00000, 0x0000000785000000, 0x0000000785000000|100%| E|CS|TAMS 0x0000000784f00000, 0x0000000784f00000| Complete 
|  80|0x0000000785000000, 0x0000000785100000, 0x0000000785100000|100%| E|CS|TAMS 0x0000000785000000, 0x0000000785000000| Complete 
|  81|0x0000000785100000, 0x0000000785200000, 0x0000000785200000|100%| E|CS|TAMS 0x0000000785100000, 0x0000000785100000| Complete 
|  82|0x0000000785200000, 0x0000000785300000, 0x0000000785300000|100%| E|CS|TAMS 0x0000000785200000, 0x0000000785200000| Complete 
|  83|0x0000000785300000, 0x0000000785400000, 0x0000000785400000|100%| E|CS|TAMS 0x0000000785300000, 0x0000000785300000| Complete 
|  84|0x0000000785400000, 0x0000000785500000, 0x0000000785500000|100%| E|CS|TAMS 0x0000000785400000, 0x0000000785400000| Complete 
|  85|0x0000000785500000, 0x0000000785600000, 0x0000000785600000|100%| E|CS|TAMS 0x0000000785500000, 0x0000000785500000| Complete 
|  86|0x0000000785600000, 0x0000000785700000, 0x0000000785700000|100%| E|CS|TAMS 0x0000000785600000, 0x0000000785600000| Complete 
|  93|0x0000000785d00000, 0x0000000785e00000, 0x0000000785e00000|100%| E|CS|TAMS 0x0000000785d00000, 0x0000000785d00000| Complete 
|  94|0x0000000785e00000, 0x0000000785f00000, 0x0000000785f00000|100%| E|CS|TAMS 0x0000000785e00000, 0x0000000785e00000| Complete 
|  95|0x0000000785f00000, 0x0000000786000000, 0x0000000786000000|100%| E|CS|TAMS 0x0000000785f00000, 0x0000000785f00000| Complete 
|  96|0x0000000786000000, 0x0000000786100000, 0x0000000786100000|100%| E|CS|TAMS 0x0000000786000000, 0x0000000786000000| Complete 
|  97|0x0000000786100000, 0x0000000786200000, 0x0000000786200000|100%| E|CS|TAMS 0x0000000786100000, 0x0000000786100000| Complete 
| 126|0x0000000787e00000, 0x0000000787f00000, 0x0000000787f00000|100%| E|CS|TAMS 0x0000000787e00000, 0x0000000787e00000| Complete 
| 127|0x0000000787f00000, 0x0000000788000000, 0x0000000788000000|100%| E|CS|TAMS 0x0000000787f00000, 0x0000000787f00000| Complete 
|2046|0x00000007ffe00000, 0x00000007ffe74000, 0x00000007fff00000| 45%|OA|  |TAMS 0x00000007ffe74000, 0x00000007ffe00000| Untracked 
|2047|0x00000007fff00000, 0x00000007fff74000, 0x0000000800000000| 45%|CA|  |TAMS 0x00000007fff74000, 0x00000007fff00000| Untracked 

Card table byte_map: [0x0000000104e4c000,0x000000010524c000] _byte_map_base: 0x000000010124c000

Marking Bits (Prev, Next): (CMBitMap*) 0x000000015980e410, (CMBitMap*) 0x000000015980e450
 Prev Bits: [0x00000001115b8000, 0x00000001135b8000)
 Next Bits: [0x00000001135b8000, 0x00000001155b8000)

Polling page: 0x00000001045c0000

Metaspace:

Usage:
  Non-class:     35.31 MB used.
      Class:      5.90 MB used.
       Both:     41.21 MB used.

Virtual space:
  Non-class space:       64.00 MB reserved,      35.62 MB ( 56%) committed,  1 nodes.
      Class space:        1.00 GB reserved,       6.12 MB ( <1%) committed,  1 nodes.
             Both:        1.06 GB reserved,      41.75 MB (  4%) committed. 

Chunk freelists:
   Non-Class:  11.56 MB
       Class:  9.92 MB
        Both:  21.48 MB

MaxMetaspaceSize: unlimited
CompressedClassSpaceSize: 1.00 GB
Initial GC threshold: 21.00 MB
Current GC threshold: 59.62 MB
CDS: on
MetaspaceReclaimPolicy: balanced
 - commit_granule_bytes: 65536.
 - commit_granule_words: 8192.
 - virtual_space_node_default_size: 8388608.
 - enlarge_chunks_in_place: 1.
 - new_chunks_are_fully_committed: 0.
 - uncommit_free_chunks: 1.
 - use_allocation_guard: 0.
 - handle_deallocations: 1.


Internal statistics:

num_allocs_failed_limit: 6.
num_arena_births: 682.
num_arena_deaths: 0.
num_vsnodes_births: 2.
num_vsnodes_deaths: 0.
num_space_committed: 668.
num_space_uncommitted: 0.
num_chunks_returned_to_freelist: 6.
num_chunks_taken_from_freelist: 2216.
num_chunk_merges: 6.
num_chunk_splits: 1530.
num_chunks_enlarged: 1141.
num_inconsistent_stats: 0.

CodeCache: size=49152Kb used=10954Kb max_used=10954Kb free=38197Kb
 bounds [0x000000010e5b8000, 0x000000010f078000, 0x00000001115b8000]
 total_blobs=6707 nmethods=6144 adapters=494
 compilation: enabled
              stopped_count=0, restarted_count=0
 full_count=0

Compilation events (20 events):
Event: 139.679 Thread 0x000000015a04d400 nmethod 6322 0x000000010f04e710 code [0x000000010f04e880, 0x000000010f04e958]
Event: 139.679 Thread 0x000000015a04d400 6324       1       org.apache.tomcat.util.buf.CharChunk::startsWithIgnoreCase (83 bytes)
Event: 139.680 Thread 0x000000015a04d400 nmethod 6324 0x000000010f04ea10 code [0x000000010f04ebc0, 0x000000010f04ef18]
Event: 139.680 Thread 0x000000015a04d400 6323       1       org.apache.tomcat.util.buf.MessageBytes::getLength (70 bytes)
Event: 139.680 Thread 0x000000015a04d400 nmethod 6323 0x000000010f04f290 code [0x000000010f04f440, 0x000000010f04f678]
Event: 139.680 Thread 0x000000015a04d400 6325   !   1       org.apache.catalina.core.StandardContext::fireRequestInitEvent (152 bytes)
Event: 139.681 Thread 0x000000015a04d400 nmethod 6325 0x000000010f04f810 code [0x000000010f04fa80, 0x000000010f050298]
Event: 139.681 Thread 0x000000015a04d400 6326       1       org.apache.catalina.connector.Request::getSessionInternal (6 bytes)
Event: 139.681 Thread 0x000000015a04d400 nmethod 6326 0x000000010f050890 code [0x000000010f050a40, 0x000000010f050b38]
Event: 139.681 Thread 0x000000015a04d400 6327   !   1       org.apache.catalina.core.StandardWrapperValve::invoke (2678 bytes)
Event: 139.708 Thread 0x000000015a04d400 nmethod 6327 0x000000010f050c10 code [0x000000010f052180, 0x000000010f05d338]
Event: 139.708 Thread 0x000000015a04d400 6328   !   1       org.springframework.web.servlet.mvc.method.annotation.RequestMappingHandlerAdapter::handleInternal (129 bytes)
Event: 139.708 Thread 0x000000015a04d400 nmethod 6328 0x000000010f067510 code [0x000000010f067780, 0x000000010f067dd8]
Event: 139.708 Thread 0x000000015a04d400 6329       1       org.springframework.web.servlet.mvc.method.annotation.RequestMappingHandlerAdapter::getDataBinderFactory (160 bytes)
Event: 139.709 Thread 0x000000015a04d400 nmethod 6329 0x000000010f068310 code [0x000000010f0685c0, 0x000000010f068e58]
Event: 139.709 Thread 0x000000015a04d400 6330       1       org.springframework.web.servlet.mvc.method.annotation.RequestMappingHandlerAdapter::createDataBinderFactory (13 bytes)
Event: 139.709 Thread 0x000000015a04d400 nmethod 6330 0x000000010f069490 code [0x000000010f069640, 0x000000010f069818]
Event: 139.709 Thread 0x000000015a04d400 6331       1       org.springframework.web.method.annotation.ModelFactory::initModel (111 bytes)
Event: 139.709 Thread 0x000000015a04d400 nmethod 6331 0x000000010f069910 code [0x000000010f069bc0, 0x000000010f06a258]
Event: 139.709 Thread 0x000000015a04d400 6332       1       org.springframework.ui.ExtendedModelMap::mergeAttributes (8 bytes)

GC Heap History (16 events):
Event: 0.189 GC heap before
{Heap before GC invocations=0 (full 0):
 garbage-first heap   total 133120K, used 29600K [0x0000000780000000, 0x0000000800000000)
  region size 1024K, 23 young (23552K), 0 survivors (0K)
 Metaspace       used 2479K, committed 2624K, reserved 1114112K
  class space    used 297K, committed 384K, reserved 1048576K
}
Event: 0.193 GC heap after
{Heap after GC invocations=1 (full 0):
 garbage-first heap   total 133120K, used 14752K [0x0000000780000000, 0x0000000800000000)
  region size 1024K, 3 young (3072K), 3 survivors (3072K)
 Metaspace       used 2479K, committed 2624K, reserved 1114112K
  class space    used 297K, committed 384K, reserved 1048576K
}
Event: 0.380 GC heap before
{Heap before GC invocations=1 (full 0):
 garbage-first heap   total 133120K, used 37280K [0x0000000780000000, 0x0000000800000000)
  region size 1024K, 25 young (25600K), 3 survivors (3072K)
 Metaspace       used 8120K, committed 8320K, reserved 1114112K
  class space    used 1074K, committed 1216K, reserved 1048576K
}
Event: 0.384 GC heap after
{Heap after GC invocations=2 (full 0):
 garbage-first heap   total 133120K, used 17945K [0x0000000780000000, 0x0000000800000000)
  region size 1024K, 3 young (3072K), 3 survivors (3072K)
 Metaspace       used 8120K, committed 8320K, reserved 1114112K
  class space    used 1074K, committed 1216K, reserved 1048576K
}
Event: 0.614 GC heap before
{Heap before GC invocations=2 (full 0):
 garbage-first heap   total 133120K, used 60953K [0x0000000780000000, 0x0000000800000000)
  region size 1024K, 46 young (47104K), 3 survivors (3072K)
 Metaspace       used 16615K, committed 16896K, reserved 1114112K
  class space    used 2372K, committed 2496K, reserved 1048576K
}
Event: 0.618 GC heap after
{Heap after GC invocations=3 (full 0):
 garbage-first heap   total 133120K, used 19914K [0x0000000780000000, 0x0000000800000000)
  region size 1024K, 5 young (5120K), 5 survivors (5120K)
 Metaspace       used 16615K, committed 16896K, reserved 1114112K
  class space    used 2372K, committed 2496K, reserved 1048576K
}
Event: 0.705 GC heap before
{Heap before GC invocations=3 (full 0):
 garbage-first heap   total 133120K, used 49610K [0x0000000780000000, 0x0000000800000000)
  region size 1024K, 35 young (35840K), 5 survivors (5120K)
 Metaspace       used 21271K, committed 21504K, reserved 1114112K
  class space    used 2958K, committed 3072K, reserved 1048576K
}
Event: 0.711 GC heap after
{Heap after GC invocations=4 (full 0):
 garbage-first heap   total 133120K, used 22749K [0x0000000780000000, 0x0000000800000000)
  region size 1024K, 5 young (5120K), 5 survivors (5120K)
 Metaspace       used 21271K, committed 21504K, reserved 1114112K
  class space    used 2958K, committed 3072K, reserved 1048576K
}
Event: 1.019 GC heap before
{Heap before GC invocations=5 (full 0):
 garbage-first heap   total 81920K, used 67805K [0x0000000780000000, 0x0000000800000000)
  region size 1024K, 51 young (52224K), 5 survivors (5120K)
 Metaspace       used 26321K, committed 26752K, reserved 1114112K
  class space    used 3780K, committed 3968K, reserved 1048576K
}
Event: 1.023 GC heap after
{Heap after GC invocations=6 (full 0):
 garbage-first heap   total 98304K, used 24052K [0x0000000780000000, 0x0000000800000000)
  region size 1024K, 6 young (6144K), 6 survivors (6144K)
 Metaspace       used 26321K, committed 26752K, reserved 1114112K
  class space    used 3780K, committed 3968K, reserved 1048576K
}
Event: 1.443 GC heap before
{Heap before GC invocations=6 (full 0):
 garbage-first heap   total 98304K, used 69108K [0x0000000780000000, 0x0000000800000000)
  region size 1024K, 49 young (50176K), 6 survivors (6144K)
 Metaspace       used 34634K, committed 35072K, reserved 1114112K
  class space    used 4936K, committed 5120K, reserved 1048576K
}
Event: 1.453 GC heap after
{Heap after GC invocations=7 (full 0):
 garbage-first heap   total 98304K, used 27692K [0x0000000780000000, 0x0000000800000000)
  region size 1024K, 4 young (4096K), 4 survivors (4096K)
 Metaspace       used 34634K, committed 35072K, reserved 1114112K
  class space    used 4936K, committed 5120K, reserved 1048576K
}
Event: 1.497 GC heap before
{Heap before GC invocations=7 (full 0):
 garbage-first heap   total 98304K, used 34860K [0x0000000780000000, 0x0000000800000000)
  region size 1024K, 12 young (12288K), 4 survivors (4096K)
 Metaspace       used 35960K, committed 36416K, reserved 1114112K
  class space    used 5132K, committed 5376K, reserved 1048576K
}
Event: 1.500 GC heap after
{Heap after GC invocations=8 (full 0):
 garbage-first heap   total 98304K, used 28505K [0x0000000780000000, 0x0000000800000000)
  region size 1024K, 1 young (1024K), 1 survivors (1024K)
 Metaspace       used 35960K, committed 36416K, reserved 1114112K
  class space    used 5132K, committed 5376K, reserved 1048576K
}
Event: 8.973 GC heap before
{Heap before GC invocations=9 (full 0):
 garbage-first heap   total 98304K, used 71513K [0x0000000780000000, 0x0000000800000000)
  region size 1024K, 44 young (45056K), 1 survivors (1024K)
 Metaspace       used 41570K, committed 41984K, reserved 1114112K
  class space    used 5956K, committed 6144K, reserved 1048576K
}
Event: 8.992 GC heap after
{Heap after GC invocations=10 (full 0):
 garbage-first heap   total 98304K, used 31853K [0x0000000780000000, 0x0000000800000000)
  region size 1024K, 6 young (6144K), 6 survivors (6144K)
 Metaspace       used 41570K, committed 41984K, reserved 1114112K
  class space    used 5956K, committed 6144K, reserved 1048576K
}

Dll operation events (20 events):
Event: 1.005 Loading shared library /usr/lib/java/libtcnative-1.dylib failed, dlopen(/usr/lib/java/libtcnative-1.dylib, 0x0001): tried: '/usr/lib/java/libtcnative-1.dylib' (no such file), '/System/Volumes/Preboot/Cryptexes/OS/usr/lib/java/libtcnative-1.dylib' (no such
Event: 1.005 Loading shared library /usr/lib/java/libtcnative-1.jnilib failed, dlopen(/usr/lib/java/libtcnative-1.jnilib, 0x0001): tried: '/usr/lib/java/libtcnative-1.jnilib' (no such file), '/System/Volumes/Preboot/Cryptexes/OS/usr/lib/java/libtcnative-1.jnilib' (no 
Event: 1.005 Loading shared library /Users/a/Downloads/musicband-service/libtcnative-1.dylib failed, dlopen(/Users/a/Downloads/musicband-service/libtcnative-1.dylib, 0x0001): tried: '/Users/a/Downloads/musicband-service/libtcnative-1.dylib' (no such file), '/System/Vo
Event: 1.006 Loading shared library /Users/a/Downloads/musicband-service/libtcnative-1.jnilib failed, dlopen(/Users/a/Downloads/musicband-service/libtcnative-1.jnilib, 0x0001): tried: '/Users/a/Downloads/musicband-service/libtcnative-1.jnilib' (no such file), '/System
Event: 1.006 Loading shared library /Users/a/Library/Java/JavaVirtualMachines/ms-17.0.17/Contents/Home/lib/liblibtcnative-1.dylib failed, dlopen(/Users/a/Library/Java/JavaVirtualMachines/ms-17.0.17/Contents/Home/lib/liblibtcnative-1.dylib, 0x0001): tried: '/Users/a/Li
Event: 1.006 Loading shared library /Users/a/Library/Java/JavaVirtualMachines/ms-17.0.17/Contents/Home/lib/liblibtcnative-1.jnilib failed, dlopen(/Users/a/Library/Java/JavaVirtualMachines/ms-17.0.17/Contents/Home/lib/liblibtcnative-1.jnilib, 0x0001): tried: '/Users/a/
Event: 1.006 Loading shared library /Users/a/Library/Java/Extensions/liblibtcnative-1.dylib failed, dlopen(/Users/a/Library/Java/Extensions/liblibtcnative-1.dylib, 0x0001): tried: '/Users/a/Library/Java/Extensions/liblibtcnative-1.dylib' (no such file), '/System/Volum
Event: 1.006 Loading shared library /Users/a/Library/Java/Extensions/liblibtcnative-1.jnilib failed, dlopen(/Users/a/Library/Java/Extensions/liblibtcnative-1.jnilib, 0x0001): tried: '/Users/a/Library/Java/Extensions/liblibtcnative-1.jnilib' (no such file), '/System/Vo
Event: 1.006 Loading shared library /Library/Java/Extensions/liblibtcnative-1.dylib failed, dlopen(/Library/Java/Extensions/liblibtcnative-1.dylib, 0x0001): tried: '/Library/Java/Extensions/liblibtcnative-1.dylib' (no such file), '/System/Volumes/Preboot/Cryptexes/OS/
Event: 1.006 Loading shared library /Library/Java/Extensions/liblibtcnative-1.jnilib failed, dlopen(/Library/Java/Extensions/liblibtcnative-1.jnilib, 0x0001): tried: '/Library/Java/Extensions/liblibtcnative-1.jnilib' (no such file), '/System/Volumes/Preboot/Cryptexes/
Event: 1.006 Loading shared library /Network/Library/Java/Extensions/liblibtcnative-1.dylib failed, dlopen(/Network/Library/Java/Extensions/liblibtcnative-1.dylib, 0x0001): tried: '/Network/Library/Java/Extensions/liblibtcnative-1.dylib' (no such file), '/System/Volum
Event: 1.006 Loading shared library /Network/Library/Java/Extensions/liblibtcnative-1.jnilib failed, dlopen(/Network/Library/Java/Extensions/liblibtcnative-1.jnilib, 0x0001): tried: '/Network/Library/Java/Extensions/liblibtcnative-1.jnilib' (no such file), '/System/Vo
Event: 1.006 Loading shared library /System/Library/Java/Extensions/liblibtcnative-1.dylib failed, dlopen(/System/Library/Java/Extensions/liblibtcnative-1.dylib, 0x0001): tried: '/System/Library/Java/Extensions/liblibtcnative-1.dylib' (no such file), '/System/Volumes/
Event: 1.006 Loading shared library /System/Library/Java/Extensions/liblibtcnative-1.jnilib failed, dlopen(/System/Library/Java/Extensions/liblibtcnative-1.jnilib, 0x0001): tried: '/System/Library/Java/Extensions/liblibtcnative-1.jnilib' (no such file), '/System/Volum
Event: 1.006 Loading shared library /usr/lib/java/liblibtcnative-1.dylib failed, dlopen(/usr/lib/java/liblibtcnative-1.dylib, 0x0001): tried: '/usr/lib/java/liblibtcnative-1.dylib' (no such file), '/System/Volumes/Preboot/Cryptexes/OS/usr/lib/java/liblibtcnative-1.dyl
Event: 1.006 Loading shared library /usr/lib/java/liblibtcnative-1.jnilib failed, dlopen(/usr/lib/java/liblibtcnative-1.jnilib, 0x0001): tried: '/usr/lib/java/liblibtcnative-1.jnilib' (no such file), '/System/Volumes/Preboot/Cryptexes/OS/usr/lib/java/liblibtcnative-1.
Event: 1.007 Loading shared library /Users/a/Downloads/musicband-service/liblibtcnative-1.dylib failed, dlopen(/Users/a/Downloads/musicband-service/liblibtcnative-1.dylib, 0x0001): tried: '/Users/a/Downloads/musicband-service/liblibtcnative-1.dylib' (no such file), '/
Event: 1.007 Loading shared library /Users/a/Downloads/musicband-service/liblibtcnative-1.jnilib failed, dlopen(/Users/a/Downloads/musicband-service/liblibtcnative-1.jnilib, 0x0001): tried: '/Users/a/Downloads/musicband-service/liblibtcnative-1.jnilib' (no such file),
Event: 1.078 Loaded shared library /Users/a/Library/Java/JavaVirtualMachines/ms-17.0.17/Contents/Home/lib/libmanagement.dylib
Event: 1.079 Loaded shared library /Users/a/Library/Java/JavaVirtualMachines/ms-17.0.17/Contents/Home/lib/libmanagement_ext.dylib

Deoptimization events (20 events):
Event: 1.143 Thread 0x000000015a026e00 DEOPT PACKING pc=0x000000010ec750c8 sp=0x000000016bb60590
Event: 1.143 Thread 0x000000015a026e00 DEOPT UNPACKING pc=0x000000010e5ff77c sp=0x000000016bb60230 mode 3
Event: 1.144 Thread 0x000000015a026e00 DEOPT PACKING pc=0x000000010ec75c48 sp=0x000000016bb60590
Event: 1.144 Thread 0x000000015a026e00 DEOPT UNPACKING pc=0x000000010e5ff77c sp=0x000000016bb60230 mode 3
Event: 1.145 Thread 0x000000015a026e00 DEOPT PACKING pc=0x000000010ec767c8 sp=0x000000016bb60590
Event: 1.145 Thread 0x000000015a026e00 DEOPT UNPACKING pc=0x000000010e5ff77c sp=0x000000016bb60230 mode 3
Event: 1.145 Thread 0x000000015a026e00 DEOPT PACKING pc=0x000000010ec77348 sp=0x000000016bb60590
Event: 1.145 Thread 0x000000015a026e00 DEOPT UNPACKING pc=0x000000010e5ff77c sp=0x000000016bb60230 mode 3
Event: 1.146 Thread 0x000000015a026e00 DEOPT PACKING pc=0x000000010ec77ec8 sp=0x000000016bb60590
Event: 1.146 Thread 0x000000015a026e00 DEOPT UNPACKING pc=0x000000010e5ff77c sp=0x000000016bb60230 mode 3
Event: 1.300 Thread 0x000000015a026e00 DEOPT PACKING pc=0x000000010ec14e54 sp=0x000000016bb65970
Event: 1.300 Thread 0x000000015a026e00 DEOPT UNPACKING pc=0x000000010e5ff77c sp=0x000000016bb65690 mode 3
Event: 1.563 Thread 0x000000015a026e00 DEOPT PACKING pc=0x000000010ea4294c sp=0x000000016bb62430
Event: 1.563 Thread 0x000000015a026e00 DEOPT UNPACKING pc=0x000000010e5ff77c sp=0x000000016bb62130 mode 3
Event: 1.578 Thread 0x000000015a026e00 DEOPT PACKING pc=0x000000010ea203a0 sp=0x000000016bb62590
Event: 1.578 Thread 0x000000015a026e00 DEOPT UNPACKING pc=0x000000010e5ff77c sp=0x000000016bb62240 mode 3
Event: 1.609 Thread 0x000000015a026e00 DEOPT PACKING pc=0x000000010ebff9d0 sp=0x000000016bb64bd0
Event: 1.609 Thread 0x000000015a026e00 DEOPT UNPACKING pc=0x000000010e5ff77c sp=0x000000016bb64980 mode 3
Event: 116.528 Thread 0x0000000159a3f000 DEOPT PACKING pc=0x000000010ee2c110 sp=0x0000000342058210
Event: 116.529 Thread 0x0000000159a3f000 DEOPT UNPACKING pc=0x000000010e5ff77c sp=0x0000000342057f60 mode 3

Classes loaded (20 events):
Event: 8.962 Loading class java/util/stream/ReferencePipeline$4
Event: 8.962 Loading class java/util/stream/ReferencePipeline$4 done
Event: 8.962 Loading class java/util/function/IntBinaryOperator
Event: 8.962 Loading class java/util/function/IntBinaryOperator done
Event: 8.963 Loading class java/util/stream/ReduceOps$7
Event: 8.963 Loading class java/util/stream/ReduceOps$7 done
Event: 8.963 Loading class java/util/stream/ReduceOps$6ReducingSink
Event: 8.963 Loading class java/util/stream/ReduceOps$6ReducingSink done
Event: 8.963 Loading class java/util/stream/ReferencePipeline$4$1
Event: 8.963 Loading class java/util/stream/ReferencePipeline$4$1 done
Event: 20.780 Loading class java/io/ObjectInputStream$FieldValues
Event: 20.780 Loading class java/io/ObjectInputStream$GetField
Event: 20.780 Loading class java/io/ObjectInputStream$GetField done
Event: 20.780 Loading class java/io/ObjectInputStream$FieldValues done
Event: 20.782 Loading class java/time/Ser
Event: 20.783 Loading class java/time/Ser done
Event: 20.809 Loading class org/w3c/dom/Node
Event: 20.810 Loading class org/w3c/dom/Node done
Event: 20.810 Loading class org/w3c/dom/Document
Event: 20.810 Loading class org/w3c/dom/Document done

Classes unloaded (0 events):
No events

Classes redefined (0 events):
No events

Internal exceptions (20 events):
Event: 1.422 Thread 0x000000015a026e00 Exception <a 'java/lang/NoSuchMethodError'{0x000000078369d4f8}: 'int java.lang.invoke.DirectMethodHandle$Holder.invokeStaticInit(java.lang.Object)'> (0x000000078369d4f8) 
thrown [src/hotspot/share/interpreter/linkResolver.cpp, line 759]
Event: 1.436 Thread 0x000000015a026e00 Exception <a 'java/lang/NoSuchMethodError'{0x00000007834817a0}: 'void java.lang.invoke.DirectMethodHandle$Holder.invokeVirtual(java.lang.Object, java.lang.Object, long)'> (0x00000007834817a0) 
thrown [src/hotspot/share/interpreter/linkResolver.cpp, line 759]
Event: 1.490 Thread 0x000000015a026e00 Exception <a 'java/lang/IncompatibleClassChangeError'{0x0000000785dd9be0}: Found class java.lang.Object, but interface was expected> (0x0000000785dd9be0) 
thrown [src/hotspot/share/interpreter/linkResolver.cpp, line 826]
Event: 1.491 Thread 0x000000015a026e00 Exception <a 'java/lang/reflect/InvocationTargetException'{0x0000000785de69c8}> (0x0000000785de69c8) 
thrown [src/hotspot/share/runtime/reflection.cpp, line 1128]
Event: 1.492 Thread 0x000000015a026e00 Exception <a 'java/lang/reflect/InvocationTargetException'{0x000000078562b068}> (0x000000078562b068) 
thrown [src/hotspot/share/runtime/reflection.cpp, line 1128]
Event: 1.587 Thread 0x0000000139a46a00 Exception <a 'java/net/UnknownHostException'{0x0000000784b00018}> (0x0000000784b00018) 
thrown [src/hotspot/share/prims/jni.cpp, line 535]
Event: 1.593 Thread 0x0000000139a46a00 Exception <a 'java/net/UnknownHostException'{0x0000000784b003a8}> (0x0000000784b003a8) 
thrown [src/hotspot/share/prims/jni.cpp, line 535]
Event: 1.622 Thread 0x000000015a026e00 Exception <a 'java/lang/NoSuchMethodError'{0x00000007845e44a0}: 'java.lang.Object java.lang.invoke.DirectMethodHandle$Holder.newInvokeSpecial(java.lang.Object, java.lang.Object, int, java.lang.Object, java.lang.Object)'> (0x00000007845e44a0) 
thrown [src/hotspot/share/interpreter/linkResolver.cpp, line 759]
Event: 1.652 Thread 0x0000000139a46a00 Exception <a 'java/net/UnknownHostException'{0x0000000784b00738}> (0x0000000784b00738) 
thrown [src/hotspot/share/prims/jni.cpp, line 535]
Event: 4.889 Thread 0x0000000159a3b600 Exception <a 'java/lang/NoSuchMethodError'{0x0000000783b080e0}: 'java.lang.Object java.lang.invoke.DirectMethodHandle$Holder.invokeStatic(java.lang.Object, java.lang.Object, java.lang.Object, int, int)'> (0x0000000783b080e0) 
thrown [src/hotspot/share/interpreter/linkResolver.cpp, line 759]
Event: 4.890 Thread 0x0000000159a3b600 Exception <a 'java/lang/NoSuchMethodError'{0x0000000783b0b680}: 'java.lang.Object java.lang.invoke.DirectMethodHandle$Holder.invokeStaticInit(java.lang.Object, java.lang.Object, java.lang.Object, int, int)'> (0x0000000783b0b680) 
thrown [src/hotspot/share/interpreter/linkResolver.cpp, line 759]
Event: 4.926 Thread 0x0000000159a3d800 Exception <a 'java/lang/NoSuchMethodError'{0x0000000783a8f168}: 'java.lang.Object java.lang.invoke.DirectMethodHandle$Holder.invokeSpecial(java.lang.Object, java.lang.Object, java.lang.Object, java.lang.Object, java.lang.Object, long)'> (0x0000000783a8f168) 
thrown [src/hotspot/share/interpreter/linkResolver.cpp, line 759]
Event: 4.927 Thread 0x0000000159a3d800 Exception <a 'java/lang/NoSuchMethodError'{0x0000000783a92ba8}: 'java.lang.Object java.lang.invoke.Invokers$Holder.linkToTargetMethod(java.lang.Object, java.lang.Object, java.lang.Object, long, java.lang.Object)'> (0x0000000783a92ba8) 
thrown [src/hotspot/share/interpreter/linkResolver.cpp, line 759]
Event: 4.970 Thread 0x0000000159824800 Exception <a 'java/lang/NoSuchMethodError'{0x000000078365f3d8}: 'javax.security.auth.Subject javax.security.auth.Subject.current()'> (0x000000078365f3d8) 
thrown [src/hotspot/share/interpreter/linkResolver.cpp, line 759]
Event: 4.970 Thread 0x0000000159a3d800 Exception <a 'java/lang/ClassNotFoundException'{0x0000000783699858}: sun/security/util/spi/ResourcesProvider> (0x0000000783699858) 
thrown [src/hotspot/share/classfile/systemDictionary.cpp, line 256]
Event: 8.944 Thread 0x0000000159825200 Exception <a 'java/lang/NoSuchMethodError'{0x00000007834a16f0}: 'java.lang.Object java.lang.invoke.DirectMethodHandle$Holder.invokeStatic(java.lang.Object, int, int)'> (0x00000007834a16f0) 
thrown [src/hotspot/share/interpreter/linkResolver.cpp, line 759]
Event: 20.779 Thread 0x0000000159a3f000 Exception <a 'java/lang/NoSuchMethodError'{0x0000000785d49150}: static Lorg/example/model/MusicBand;.<clinit>()V> (0x0000000785d49150) 
thrown [src/hotspot/share/prims/jni.cpp, line 1112]
Event: 20.781 Thread 0x0000000159a3f000 Exception <a 'java/lang/NoSuchMethodError'{0x0000000785d56c00}: static Lorg/example/model/Coordinates;.<clinit>()V> (0x0000000785d56c00) 
thrown [src/hotspot/share/prims/jni.cpp, line 1112]
Event: 20.786 Thread 0x0000000159a3f000 Exception <a 'java/lang/NoSuchMethodError'{0x0000000785d84c58}: static Lorg/example/model/Person;.<clinit>()V> (0x0000000785d84c58) 
thrown [src/hotspot/share/prims/jni.cpp, line 1112]
Event: 20.788 Thread 0x0000000159a3f000 Exception <a 'java/lang/NoSuchMethodError'{0x0000000785d93930}: static Lorg/example/model/Location;.<clinit>()V> (0x0000000785d93930) 
thrown [src/hotspot/share/prims/jni.cpp, line 1112]

VM Operations (20 events):
Event: 111.248 Executing VM operation: Cleanup
Event: 111.248 Executing VM operation: Cleanup done
Event: 116.256 Executing VM operation: Cleanup
Event: 116.256 Executing VM operation: Cleanup done
Event: 117.261 Executing VM operation: Cleanup
Event: 117.261 Executing VM operation: Cleanup done
Event: 119.269 Executing VM operation: Cleanup
Event: 119.269 Executing VM operation: Cleanup done
Event: 120.099 Executing VM operation: HandshakeAllThreads
Event: 120.099 Executing VM operation: HandshakeAllThreads done
Event: 121.103 Executing VM operation: Cleanup
Event: 121.103 Executing VM operation: Cleanup done
Event: 126.120 Executing VM operation: Cleanup
Event: 126.120 Executing VM operation: Cleanup done
Event: 130.126 Executing VM operation: Cleanup
Event: 130.126 Executing VM operation: Cleanup done
Event: 131.131 Executing VM operation: Cleanup
Event: 131.131 Executing VM operation: Cleanup done
Event: 136.151 Executing VM operation: Cleanup
Event: 136.152 Executing VM operation: Cleanup done

Memory protections (20 events):
Event: 1.274 Protecting memory [0x000000016f9f0000,0x000000016f9fc000] with protection modes 0
Event: 1.585 Protecting memory [0x000000016fbfc000,0x000000016fc08000] with protection modes 0
Event: 1.623 Protecting memory [0x0000000341004000,0x0000000341010000] with protection modes 0
Event: 1.627 Protecting memory [0x0000000341210000,0x000000034121c000] with protection modes 0
Event: 1.627 Protecting memory [0x000000034141c000,0x0000000341428000] with protection modes 0
Event: 1.627 Protecting memory [0x0000000341628000,0x0000000341634000] with protection modes 0
Event: 1.627 Protecting memory [0x0000000341834000,0x0000000341840000] with protection modes 0
Event: 1.627 Protecting memory [0x0000000341a40000,0x0000000341a4c000] with protection modes 0
Event: 1.627 Protecting memory [0x0000000341c4c000,0x0000000341c58000] with protection modes 0
Event: 1.627 Protecting memory [0x0000000341e58000,0x0000000341e64000] with protection modes 0
Event: 1.627 Protecting memory [0x0000000342064000,0x0000000342070000] with protection modes 0
Event: 1.627 Protecting memory [0x0000000342270000,0x000000034227c000] with protection modes 0
Event: 1.627 Protecting memory [0x000000034247c000,0x0000000342488000] with protection modes 0
Event: 1.631 Protecting memory [0x0000000342688000,0x0000000342694000] with protection modes 0
Event: 1.631 Protecting memory [0x0000000342894000,0x00000003428a0000] with protection modes 0
Event: 1.658 Protecting memory [0x000000016b964000,0x000000016b970000] with protection modes 3
Event: 1.658 Protecting memory [0x000000016b964000,0x000000016b970000] with protection modes 0
Event: 15.051 Protecting memory [0x0000000342aa0000,0x0000000342aac000] with protection modes 0
Event: 15.055 Protecting memory [0x0000000342cac000,0x0000000342cb8000] with protection modes 0
Event: 61.657 Protecting memory [0x000000016fbfc000,0x000000016fc08000] with protection modes 3

Nmethod flushes (0 events):
No events

Events (20 events):
Event: 1.274 Thread 0x000000015a026e00 Thread added: 0x000000015a281400
Event: 1.585 Thread 0x000000015a026e00 Thread added: 0x0000000139a46a00
Event: 1.623 Thread 0x000000015a026e00 Thread added: 0x0000000139a47000
Event: 1.627 Thread 0x000000015a026e00 Thread added: 0x0000000159825200
Event: 1.627 Thread 0x000000015a026e00 Thread added: 0x0000000159824800
Event: 1.627 Thread 0x000000015a026e00 Thread added: 0x0000000159a3d800
Event: 1.627 Thread 0x000000015a026e00 Thread added: 0x0000000159a3de00
Event: 1.627 Thread 0x000000015a026e00 Thread added: 0x0000000159a3e400
Event: 1.627 Thread 0x000000015a026e00 Thread added: 0x0000000159a3ea00
Event: 1.627 Thread 0x000000015a026e00 Thread added: 0x0000000159a3f000
Event: 1.627 Thread 0x000000015a026e00 Thread added: 0x0000000159a3f600
Event: 1.627 Thread 0x000000015a026e00 Thread added: 0x0000000159a3fc00
Event: 1.627 Thread 0x000000015a026e00 Thread added: 0x0000000159a40200
Event: 1.631 Thread 0x000000015a026e00 Thread added: 0x0000000159a3be00
Event: 1.631 Thread 0x000000015a026e00 Thread added: 0x0000000159a3b600
Event: 1.658 Thread 0x000000015a026e00 Thread exited: 0x000000015a026e00
Event: 1.658 Thread 0x000000013982da00 Thread added: 0x000000013982da00
Event: 15.051 Thread 0x0000000159a3be00 Thread added: 0x0000000139a47600
Event: 15.055 Thread 0x0000000159a3be00 Thread added: 0x000000011c015c00
Event: 61.658 Thread 0x0000000139a46a00 Thread exited: 0x0000000139a46a00


Dynamic libraries:
0x000000010456c000 	/Users/a/Library/Java/JavaVirtualMachines/ms-17.0.17/Contents/Home/lib/libjli.dylib
0x00000001b8bce000 	/System/Library/Frameworks/Cocoa.framework/Versions/A/Cocoa
0x00000001a0395000 	/System/Library/Frameworks/AppKit.framework/Versions/C/AppKit
0x00000001a3684000 	/System/Library/Frameworks/CoreData.framework/Versions/A/CoreData
0x000000019da1d000 	/System/Library/Frameworks/Foundation.framework/Versions/C/Foundation
0x00000001aa601000 	/usr/lib/libSystem.B.dylib
0x00000001a1827000 	/System/Library/PrivateFrameworks/UIFoundation.framework/Versions/A/UIFoundation
0x000000024a937000 	/System/Library/PrivateFrameworks/CollectionViewCore.framework/Versions/A/CollectionViewCore
0x00000001b1bf4000 	/System/Library/PrivateFrameworks/RemoteViewServices.framework/Versions/A/RemoteViewServices
0x00000001a8195000 	/System/Library/PrivateFrameworks/XCTTargetBootstrap.framework/Versions/A/XCTTargetBootstrap
0x00000001acdcb000 	/System/Library/PrivateFrameworks/InternationalSupport.framework/Versions/A/InternationalSupport
0x00000001ad122000 	/System/Library/PrivateFrameworks/UserActivity.framework/Versions/A/UserActivity
0x00000002793a7000 	/System/Library/PrivateFrameworks/UIIntelligenceSupport.framework/Versions/A/UIIntelligenceSupport
0x000000020331d000 	/System/Library/Frameworks/SwiftUICore.framework/Versions/A/SwiftUICore
0x000000027e420000 	/System/Library/PrivateFrameworks/WritingTools.framework/Versions/A/WritingTools
0x000000027d468000 	/System/Library/PrivateFrameworks/WindowManagement.framework/Versions/A/WindowManagement
0x000000019d681000 	/System/Library/Frameworks/SystemConfiguration.framework/Versions/A/SystemConfiguration
0x00000001ac22f000 	/usr/lib/libspindump.dylib
0x00000001a19d9000 	/System/Library/Frameworks/UniformTypeIdentifiers.framework/Versions/A/UniformTypeIdentifiers
0x00000001a99f3000 	/usr/lib/libbsm.0.dylib
0x00000001a5c18000 	/usr/lib/libapp_launch_measurement.dylib
0x00000001a4fc1000 	/System/Library/PrivateFrameworks/CoreAnalytics.framework/Versions/A/CoreAnalytics
0x00000001a5c1c000 	/System/Library/PrivateFrameworks/CoreAutoLayout.framework/Versions/A/CoreAutoLayout
0x00000001a77af000 	/System/Library/Frameworks/Metal.framework/Versions/A/Metal
0x00000001a89d3000 	/usr/lib/liblangid.dylib
0x00000001a819b000 	/System/Library/PrivateFrameworks/CoreSVG.framework/Versions/A/CoreSVG
0x00000001a23ff000 	/System/Library/PrivateFrameworks/SkyLight.framework/Versions/A/SkyLight
0x00000001a2925000 	/System/Library/Frameworks/CoreGraphics.framework/Versions/A/CoreGraphics
0x00000001b22d3000 	/System/Library/Frameworks/Accelerate.framework/Versions/A/Accelerate
0x00000001ac072000 	/System/Library/PrivateFrameworks/IconServices.framework/Versions/A/IconServices
0x00000001a778c000 	/System/Library/Frameworks/IOSurface.framework/Versions/A/IOSurface
0x00000001a4ff2000 	/usr/lib/libDiagnosticMessagesClient.dylib
0x00000001aa54b000 	/usr/lib/libz.1.dylib
0x00000001b61e6000 	/System/Library/Frameworks/ApplicationServices.framework/Versions/A/ApplicationServices
0x00000001a8180000 	/System/Library/PrivateFrameworks/DFRFoundation.framework/Versions/A/DFRFoundation
0x000000019fbfa000 	/usr/lib/libicucore.A.dylib
0x00000001ae1a9000 	/System/Library/Frameworks/AudioToolbox.framework/Versions/A/AudioToolbox
0x00000001ad0d3000 	/System/Library/PrivateFrameworks/DataDetectorsCore.framework/Versions/A/DataDetectorsCore
0x00000001c913d000 	/System/Library/PrivateFrameworks/TextInput.framework/Versions/A/TextInput
0x00000001a234a000 	/usr/lib/libMobileGestalt.dylib
0x00000001a7e79000 	/System/Library/Frameworks/Carbon.framework/Versions/A/Frameworks/HIToolbox.framework/Versions/A/HIToolbox
0x00000001a54f9000 	/System/Library/Frameworks/QuartzCore.framework/Versions/A/QuartzCore
0x000000019f7ef000 	/System/Library/Frameworks/Security.framework/Versions/A/Security
0x00000001b1c30000 	/System/Library/Frameworks/Carbon.framework/Versions/A/Frameworks/SpeechRecognition.framework/Versions/A/SpeechRecognition
0x00000001a591f000 	/System/Library/PrivateFrameworks/CoreUI.framework/Versions/A/CoreUI
0x000000019f0ba000 	/System/Library/Frameworks/CoreAudio.framework/Versions/A/CoreAudio
0x00000001a50e0000 	/System/Library/Frameworks/DiskArbitration.framework/Versions/A/DiskArbitration
0x00000001ac698000 	/System/Library/PrivateFrameworks/MultitouchSupport.framework/Versions/A/MultitouchSupport
0x00000001a2348000 	/usr/lib/libenergytrace.dylib
0x00000001bd4e3000 	/System/Library/PrivateFrameworks/RenderBox.framework/Versions/A/RenderBox
0x00000001a0245000 	/System/Library/Frameworks/IOKit.framework/Versions/A/IOKit
0x00000001b2027000 	/System/Library/Frameworks/CoreServices.framework/Versions/A/CoreServices
0x00000001a5ba9000 	/System/Library/PrivateFrameworks/PerformanceAnalysis.framework/Versions/A/PerformanceAnalysis
0x00000001fcced000 	/System/Library/Frameworks/OpenGL.framework/Versions/A/OpenGL
0x00000001a5c66000 	/usr/lib/libxml2.2.dylib
0x00000001a98d7000 	/System/Library/PrivateFrameworks/MobileKeyBag.framework/Versions/A/MobileKeyBag
0x000000019bfc4000 	/usr/lib/libobjc.A.dylib
0x000000019c2d1000 	/usr/lib/libc++.1.dylib
0x00000001b1fa8000 	/System/Library/Frameworks/Accessibility.framework/Versions/A/Accessibility
0x00000001a3055000 	/System/Library/Frameworks/ColorSync.framework/Versions/A/ColorSync
0x000000019c42d000 	/System/Library/Frameworks/CoreFoundation.framework/Versions/A/CoreFoundation
0x00000001a8555000 	/System/Library/Frameworks/CoreImage.framework/Versions/A/CoreImage
0x000000019ee9b000 	/System/Library/Frameworks/CoreText.framework/Versions/A/CoreText
0x00000001fe232000 	/System/Library/Frameworks/CoreTransferable.framework/Versions/A/CoreTransferable
0x00000001fe7b6000 	/System/Library/Frameworks/DataDetection.framework/Versions/A/DataDetection
0x00000001fe7b9000 	/System/Library/Frameworks/DeveloperToolsSupport.framework/Versions/A/DeveloperToolsSupport
0x00000001a81d6000 	/System/Library/Frameworks/ImageIO.framework/Versions/A/ImageIO
0x0000000203ee0000 	/System/Library/Frameworks/Symbols.framework/Versions/A/Symbols
0x00000001f04fc000 	/System/Library/PrivateFrameworks/FeatureFlags.framework/Versions/A/FeatureFlags
0x00000001aa606000 	/System/Library/PrivateFrameworks/SoftLinking.framework/Versions/A/SoftLinking
0x00000001dbe10000 	/usr/lib/swift/libswiftAccelerate.dylib
0x00000001adb3e000 	/usr/lib/swift/libswiftCore.dylib
0x00000001c57e6000 	/usr/lib/swift/libswiftCoreFoundation.dylib
0x00000001c5840000 	/usr/lib/swift/libswiftCoreImage.dylib
0x00000001c2bfa000 	/usr/lib/swift/libswiftDarwin.dylib
0x0000000285035000 	/usr/lib/swift/libswiftDataDetection.dylib
0x00000001b3b1f000 	/usr/lib/swift/libswiftDispatch.dylib
0x00000001c5841000 	/usr/lib/swift/libswiftIOKit.dylib
0x00000001d2397000 	/usr/lib/swift/libswiftMetal.dylib
0x00000001e136d000 	/usr/lib/swift/libswiftOSLog.dylib
0x00000001b678c000 	/usr/lib/swift/libswiftObjectiveC.dylib
0x0000000285062000 	/usr/lib/swift/libswiftObservation.dylib
0x00000001d77be000 	/usr/lib/swift/libswiftQuartzCore.dylib
0x00000001dbe01000 	/usr/lib/swift/libswiftUniformTypeIdentifiers.dylib
0x00000001c57f8000 	/usr/lib/swift/libswiftXPC.dylib
0x0000000285148000 	/usr/lib/swift/libswift_Builtin_float.dylib
0x000000028514b000 	/usr/lib/swift/libswift_Concurrency.dylib
0x00000002852aa000 	/usr/lib/swift/libswift_StringProcessing.dylib
0x000000028533d000 	/usr/lib/swift/libswift_errno.dylib
0x000000028533f000 	/usr/lib/swift/libswift_math.dylib
0x0000000285342000 	/usr/lib/swift/libswift_signal.dylib
0x0000000285343000 	/usr/lib/swift/libswift_stdio.dylib
0x0000000285344000 	/usr/lib/swift/libswift_time.dylib
0x00000001b6790000 	/usr/lib/swift/libswiftos.dylib
0x00000001c9094000 	/usr/lib/swift/libswiftsimd.dylib
0x0000000285345000 	/usr/lib/swift/libswiftsys_time.dylib
0x0000000285346000 	/usr/lib/swift/libswiftunistd.dylib
0x00000001aa82e000 	/usr/lib/libcompression.dylib
0x00000001acd2b000 	/System/Library/PrivateFrameworks/TextureIO.framework/Versions/A/TextureIO
0x00000001abd11000 	/usr/lib/libate.dylib
0x00000001aa5fb000 	/usr/lib/system/libcache.dylib
0x00000001aa5b6000 	/usr/lib/system/libcommonCrypto.dylib
0x00000001aa5e1000 	/usr/lib/system/libcompiler_rt.dylib
0x00000001aa5d6000 	/usr/lib/system/libcopyfile.dylib
0x000000019c11f000 	/usr/lib/system/libcorecrypto.dylib
0x000000019c205000 	/usr/lib/system/libdispatch.dylib
0x000000019c3c5000 	/usr/lib/system/libdyld.dylib
0x00000001aa5f1000 	/usr/lib/system/libkeymgr.dylib
0x00000001aa599000 	/usr/lib/system/libmacho.dylib
0x00000001a99cc000 	/usr/lib/system/libquarantine.dylib
0x00000001aa5ee000 	/usr/lib/system/libremovefile.dylib
0x00000001a23c4000 	/usr/lib/system/libsystem_asl.dylib
0x000000019c0b4000 	/usr/lib/system/libsystem_blocks.dylib
0x000000019c24f000 	/usr/lib/system/libsystem_c.dylib
0x00000001aa5e5000 	/usr/lib/system/libsystem_collections.dylib
0x00000001a89c0000 	/usr/lib/system/libsystem_configuration.dylib
0x00000001a775b000 	/usr/lib/system/libsystem_containermanager.dylib
0x00000001aa0dc000 	/usr/lib/system/libsystem_coreservices.dylib
0x000000019fec6000 	/usr/lib/system/libsystem_darwin.dylib
0x000000028547d000 	/usr/lib/system/libsystem_darwindirectory.dylib
0x00000001aa5f2000 	/usr/lib/system/libsystem_dnssd.dylib
0x0000000285481000 	/usr/lib/system/libsystem_eligibility.dylib
0x000000019c24c000 	/usr/lib/system/libsystem_featureflags.dylib
0x000000019c3fd000 	/usr/lib/system/libsystem_info.dylib
0x00000001aa55a000 	/usr/lib/system/libsystem_m.dylib
0x000000019c1be000 	/usr/lib/system/libsystem_malloc.dylib
0x00000001a232d000 	/usr/lib/system/libsystem_networkextension.dylib
0x00000001a0328000 	/usr/lib/system/libsystem_notify.dylib
0x00000001a89c5000 	/usr/lib/system/libsystem_sandbox.dylib
0x0000000285489000 	/usr/lib/system/libsystem_sanitizers.dylib
0x00000001aa5ea000 	/usr/lib/system/libsystem_secinit.dylib
0x000000019c37c000 	/usr/lib/system/libsystem_kernel.dylib
0x000000019c3f5000 	/usr/lib/system/libsystem_platform.dylib
0x000000019c3b8000 	/usr/lib/system/libsystem_pthread.dylib
0x00000001a3f1e000 	/usr/lib/system/libsystem_symptoms.dylib
0x000000019c103000 	/usr/lib/system/libsystem_trace.dylib
0x00000001aa5c4000 	/usr/lib/system/libunwind.dylib
0x000000019c0b8000 	/usr/lib/system/libxpc.dylib
0x000000019c35e000 	/usr/lib/libc++abi.dylib
0x0000000284055000 	/usr/lib/libRosetta.dylib
0x00000001a01c4000 	/System/Library/PrivateFrameworks/CoreServicesInternal.framework/Versions/A/CoreServicesInternal
0x00000001aa5ce000 	/usr/lib/liboah.dylib
0x00000001aa603000 	/usr/lib/libfakelink.dylib
0x00000001b5c99000 	/System/Library/PrivateFrameworks/DiskImages.framework/Versions/A/DiskImages
0x00000001c2723000 	/System/Library/Frameworks/NetFS.framework/Versions/A/NetFS
0x00000001a1f62000 	/System/Library/Frameworks/CFNetwork.framework/Versions/A/CFNetwork
0x00000001a5be0000 	/System/Library/Frameworks/CoreServices.framework/Versions/A/Frameworks/FSEvents.framework/Versions/A/FSEvents
0x000000019fed1000 	/System/Library/Frameworks/CoreServices.framework/Versions/A/Frameworks/CarbonCore.framework/Versions/A/CarbonCore
0x00000001a5055000 	/System/Library/Frameworks/CoreServices.framework/Versions/A/Frameworks/Metadata.framework/Versions/A/Metadata
0x00000001aa0e3000 	/System/Library/Frameworks/CoreServices.framework/Versions/A/Frameworks/OSServices.framework/Versions/A/OSServices
0x00000001aa750000 	/System/Library/Frameworks/CoreServices.framework/Versions/A/Frameworks/SearchKit.framework/Versions/A/SearchKit
0x00000001a3e99000 	/System/Library/Frameworks/CoreServices.framework/Versions/A/Frameworks/AE.framework/Versions/A/AE
0x000000019c96c000 	/System/Library/Frameworks/CoreServices.framework/Versions/A/Frameworks/LaunchServices.framework/Versions/A/LaunchServices
0x00000001abb66000 	/System/Library/Frameworks/CoreServices.framework/Versions/A/Frameworks/DictionaryServices.framework/Versions/A/DictionaryServices
0x00000001a5bee000 	/System/Library/Frameworks/CoreServices.framework/Versions/A/Frameworks/SharedFileList.framework/Versions/A/SharedFileList
0x00000001aa7e5000 	/usr/lib/libapple_nghttp2.dylib
0x00000001a3afa000 	/usr/lib/libsqlite3.dylib
0x00000001ae821000 	/System/Library/Frameworks/GSS.framework/Versions/A/GSS
0x00000001a3e30000 	/System/Library/PrivateFrameworks/RunningBoardServices.framework/Versions/A/RunningBoardServices
0x00000001a3f27000 	/System/Library/Frameworks/Network.framework/Versions/A/Network
0x00000001aa59d000 	/usr/lib/system/libkxld.dylib
0x00000002464f1000 	/System/Library/PrivateFrameworks/AppleKeyStore.framework/Versions/A/AppleKeyStore
0x0000000283ead000 	/usr/lib/libCoreEntitlements.dylib
0x000000026192d000 	/System/Library/PrivateFrameworks/MessageSecurity.framework/Versions/A/MessageSecurity
0x00000001a3adf000 	/System/Library/PrivateFrameworks/ProtocolBuffer.framework/Versions/A/ProtocolBuffer
0x00000001aa0c3000 	/System/Library/PrivateFrameworks/AppleFSCompression.framework/Versions/A/AppleFSCompression
0x00000001a99db000 	/usr/lib/libcoretls.dylib
0x00000001abbdc000 	/usr/lib/libcoretls_cfhelpers.dylib
0x00000001aa828000 	/usr/lib/libpam.2.dylib
0x00000001abc50000 	/usr/lib/libxar.1.dylib
0x00000001aa658000 	/usr/lib/libarchive.2.dylib
0x00000001aff23000 	/System/Library/Frameworks/Combine.framework/Versions/A/Combine
0x000000024a95b000 	/System/Library/PrivateFrameworks/CollectionsInternal.framework/Versions/A/CollectionsInternal
0x000000026a954000 	/System/Library/PrivateFrameworks/ReflectionInternal.framework/Versions/A/ReflectionInternal
0x000000026b626000 	/System/Library/PrivateFrameworks/RuntimeInternal.framework/Versions/A/RuntimeInternal
0x00000002850d9000 	/usr/lib/swift/libswiftSystem.dylib
0x00000001a89ce000 	/System/Library/PrivateFrameworks/AppleSystemInfo.framework/Versions/A/AppleSystemInfo
0x00000001c56d1000 	/System/Library/PrivateFrameworks/LoggingSupport.framework/Versions/A/LoggingSupport
0x00000001b2fe0000 	/System/Library/PrivateFrameworks/PowerLog.framework/Versions/A/PowerLog
0x00000002031e2000 	/System/Library/Frameworks/SwiftData.framework/Versions/A/SwiftData
0x00000001a5df1000 	/System/Library/PrivateFrameworks/UserManagement.framework/Versions/A/UserManagement
0x00000001a1e90000 	/usr/lib/libboringssl.dylib
0x00000001a3f0d000 	/usr/lib/libdns_services.dylib
0x00000001c4885000 	/usr/lib/libquic.dylib
0x00000001adacd000 	/usr/lib/libusrtcp.dylib
0x00000001e91d7000 	/System/Library/PrivateFrameworks/InternalSwiftProtobuf.framework/Versions/A/InternalSwiftProtobuf
0x0000000285036000 	/usr/lib/swift/libswiftDistributed.dylib
0x00000002850cf000 	/usr/lib/swift/libswiftSynchronization.dylib
0x00000001a1f61000 	/usr/lib/libnetwork.dylib
0x00000001d63fd000 	/System/Library/PrivateFrameworks/OSAnalytics.framework/Versions/A/OSAnalytics
0x00000001aa7c0000 	/System/Library/PrivateFrameworks/AppleSauce.framework/Versions/A/AppleSauce
0x00000001b42b5000 	/System/Library/PrivateFrameworks/CoreSymbolication.framework/Versions/A/CoreSymbolication
0x00000001e4ea3000 	/System/Library/PrivateFrameworks/Symbolication.framework/Versions/A/Symbolication
0x00000001b4291000 	/System/Library/PrivateFrameworks/DebugSymbols.framework/Versions/A/DebugSymbols
0x0000000283d78000 	/usr/lib/libAppleArchive.dylib
0x00000001aa0cf000 	/usr/lib/libbz2.1.0.dylib
0x00000001abbbd000 	/usr/lib/liblzma.5.dylib
0x00000001a96cb000 	/System/Library/PrivateFrameworks/IOMobileFramebuffer.framework/Versions/A/IOMobileFramebuffer
0x00000001c575a000 	/System/Library/PrivateFrameworks/MallocStackLogging.framework/Versions/A/MallocStackLogging
0x00000001abdab000 	/System/Library/PrivateFrameworks/CrashReporterSupport.framework/Versions/A/CrashReporterSupport
0x000000019d478000 	/System/Library/PrivateFrameworks/Lexicon.framework/Versions/A/Lexicon
0x0000000259c7d000 	/System/Library/PrivateFrameworks/IO80211.framework/Versions/A/IO80211
0x00000001b3db7000 	/System/Library/PrivateFrameworks/FrontBoardServices.framework/Versions/A/FrontBoardServices
0x00000001a9903000 	/System/Library/Frameworks/SecurityFoundation.framework/Versions/A/SecurityFoundation
0x00000001a9a65000 	/usr/lib/libgermantok.dylib
0x00000001a8af2000 	/System/Library/PrivateFrameworks/LinguisticData.framework/Versions/A/LinguisticData
0x00000001a3d4b000 	/System/Library/PrivateFrameworks/BaseBoard.framework/Versions/A/BaseBoard
0x00000001b3e84000 	/System/Library/PrivateFrameworks/BoardServices.framework/Versions/A/BoardServices
0x00000001a98f4000 	/System/Library/PrivateFrameworks/AssertionServices.framework/Versions/A/AssertionServices
0x00000001b5ad4000 	/System/Library/PrivateFrameworks/BackBoardServices.framework/Versions/A/BackBoardServices
0x00000001a7ba6000 	/System/Library/PrivateFrameworks/FontServices.framework/libFontParser.dylib
0x00000001a23dc000 	/System/Library/PrivateFrameworks/TCC.framework/Versions/A/TCC
0x00000001b966f000 	/System/Library/PrivateFrameworks/IOSurfaceAccelerator.framework/Versions/A/IOSurfaceAccelerator
0x00000001ac696000 	/System/Library/PrivateFrameworks/WatchdogClient.framework/Versions/A/WatchdogClient
0x000000019e9c2000 	/System/Library/Frameworks/CoreDisplay.framework/Versions/A/CoreDisplay
0x00000001a7a4a000 	/System/Library/Frameworks/CoreMedia.framework/Versions/A/CoreMedia
0x00000001a77a5000 	/System/Library/PrivateFrameworks/IOAccelerator.framework/Versions/A/IOAccelerator
0x00000001a5d50000 	/System/Library/Frameworks/CoreVideo.framework/Versions/A/CoreVideo
0x00000001aa826000 	/System/Library/Frameworks/MetalPerformanceShaders.framework/Versions/A/MetalPerformanceShaders
0x0000000269ca5000 	/System/Library/PrivateFrameworks/ProDisplayLibrary.framework/Versions/A/ProDisplayLibrary
0x00000001ac6de000 	/System/Library/Frameworks/VideoToolbox.framework/Versions/A/VideoToolbox
0x00000001a89cc000 	/System/Library/PrivateFrameworks/AggregateDictionary.framework/Versions/A/AggregateDictionary
0x00000001abbde000 	/System/Library/PrivateFrameworks/APFS.framework/Versions/A/APFS
0x00000001abc5f000 	/usr/lib/libutil.dylib
0x0000000274b64000 	/System/Library/PrivateFrameworks/SwiftASN1Internal.framework/Versions/A/SwiftASN1Internal
0x00000001a50e9000 	/System/Library/Frameworks/Accelerate.framework/Versions/A/Frameworks/vImage.framework/Versions/A/vImage
0x00000001b2002000 	/System/Library/Frameworks/Accelerate.framework/Versions/A/Frameworks/vecLib.framework/Versions/A/vecLib
0x00000001abc97000 	/System/Library/Frameworks/Accelerate.framework/Versions/A/Frameworks/vecLib.framework/Versions/A/libvMisc.dylib
0x000000019cde4000 	/System/Library/Frameworks/Accelerate.framework/Versions/A/Frameworks/vecLib.framework/Versions/A/libBLAS.dylib
0x00000001ae3f8000 	/System/Library/Frameworks/ApplicationServices.framework/Versions/A/Frameworks/ATS.framework/Versions/A/ATS
0x00000001a320b000 	/System/Library/Frameworks/ApplicationServices.framework/Versions/A/Frameworks/HIServices.framework/Versions/A/HIServices
0x00000001accb4000 	/System/Library/Frameworks/ApplicationServices.framework/Versions/A/Frameworks/PrintCore.framework/Versions/A/PrintCore
0x00000001ae7eb000 	/System/Library/Frameworks/ApplicationServices.framework/Versions/A/Frameworks/QD.framework/Versions/A/QD
0x00000001ae7e2000 	/System/Library/Frameworks/ApplicationServices.framework/Versions/A/Frameworks/ColorSyncLegacy.framework/Versions/A/ColorSyncLegacy
0x00000001ae3ca000 	/System/Library/Frameworks/ApplicationServices.framework/Versions/A/Frameworks/SpeechSynthesis.framework/Versions/A/SpeechSynthesis
0x00000001a9698000 	/System/Library/PrivateFrameworks/CoreEmoji.framework/Versions/A/CoreEmoji
0x0000000250d56000 	/System/Library/PrivateFrameworks/FontServices.framework/Versions/A/FontServices
0x00000001ac1e4000 	/System/Library/PrivateFrameworks/OTSVG.framework/Versions/A/OTSVG
0x00000001a58cd000 	/System/Library/Frameworks/ApplicationServices.framework/Versions/A/Frameworks/ATS.framework/Versions/A/Resources/libFontRegistry.dylib
0x0000000284439000 	/usr/lib/libhvf.dylib
0x0000000265bb3000 	/System/Library/PrivateFrameworks/ParsingInternal.framework/Versions/A/ParsingInternal
0x000000028507f000 	/usr/lib/swift/libswiftRegexBuilder.dylib
0x0000000285207000 	/usr/lib/swift/libswift_RegexParser.dylib
0x00000001ac55f000 	/System/Library/PrivateFrameworks/AppleJPEG.framework/Versions/A/AppleJPEG
0x00000001ac000000 	/usr/lib/libexpat.1.dylib
0x00000001acb8a000 	/System/Library/Frameworks/ImageIO.framework/Versions/A/Resources/libPng.dylib
0x00000001acbb5000 	/System/Library/Frameworks/ImageIO.framework/Versions/A/Resources/libTIFF.dylib
0x00000001acc9f000 	/System/Library/Frameworks/ImageIO.framework/Versions/A/Resources/libGIF.dylib
0x00000001ac5a5000 	/System/Library/Frameworks/ImageIO.framework/Versions/A/Resources/libJP2.dylib
0x00000001acc46000 	/System/Library/Frameworks/ImageIO.framework/Versions/A/Resources/libJPEG.dylib
0x00000001acc3d000 	/System/Library/Frameworks/ImageIO.framework/Versions/A/Resources/libRadiance.dylib
0x0000000255a24000 	/System/Library/PrivateFrameworks/GPUCompiler.framework/Versions/32023/Libraries/libllvm-flatbuffers.dylib
0x0000000250e21000 	/System/Library/PrivateFrameworks/FramePacing.framework/Versions/A/FramePacing
0x00000001fccdf000 	/System/Library/Frameworks/OpenGL.framework/Versions/A/Libraries/libCoreFSCache.dylib
0x0000000251996000 	/System/Library/PrivateFrameworks/GPUCompiler.framework/Versions/32023/Libraries/libGPUCompilerUtils.dylib
0x0000000250d57000 	/System/Library/PrivateFrameworks/FontServices.framework/libXTFontStaticRegistryData.dylib
0x00000001b78d5000 	/System/Library/PrivateFrameworks/ASEProcessing.framework/Versions/A/ASEProcessing
0x0000000268e14000 	/System/Library/PrivateFrameworks/PhotosensitivityProcessing.framework/Versions/A/PhotosensitivityProcessing
0x00000001ac1d8000 	/System/Library/PrivateFrameworks/GraphVisualizer.framework/Versions/A/GraphVisualizer
0x00000001fcd3d000 	/System/Library/Frameworks/OpenGL.framework/Versions/A/Libraries/libGLU.dylib
0x00000001fcd01000 	/System/Library/Frameworks/OpenGL.framework/Versions/A/Libraries/libGFXShared.dylib
0x00000001fcec9000 	/System/Library/Frameworks/OpenGL.framework/Versions/A/Libraries/libGL.dylib
0x00000001fcd0a000 	/System/Library/Frameworks/OpenGL.framework/Versions/A/Libraries/libGLImage.dylib
0x00000001fccfe000 	/System/Library/Frameworks/OpenGL.framework/Versions/A/Libraries/libCVMSPluginSupport.dylib
0x00000001fcce7000 	/System/Library/Frameworks/OpenGL.framework/Versions/A/Libraries/libCoreVMClient.dylib
0x00000001a8910000 	/System/Library/Frameworks/MetalPerformanceShaders.framework/Versions/A/Frameworks/MPSCore.framework/Versions/A/MPSCore
0x00000001aa02e000 	/System/Library/Frameworks/MetalPerformanceShaders.framework/Versions/A/Frameworks/MPSImage.framework/Versions/A/MPSImage
0x00000001a9a7d000 	/System/Library/Frameworks/MetalPerformanceShaders.framework/Versions/A/Frameworks/MPSNeuralNetwork.framework/Versions/A/MPSNeuralNetwork
0x00000001a9eb4000 	/System/Library/Frameworks/MetalPerformanceShaders.framework/Versions/A/Frameworks/MPSMatrix.framework/Versions/A/MPSMatrix
0x00000001a9cc9000 	/System/Library/Frameworks/MetalPerformanceShaders.framework/Versions/A/Frameworks/MPSRayIntersector.framework/Versions/A/MPSRayIntersector
0x00000001a9ee6000 	/System/Library/Frameworks/MetalPerformanceShaders.framework/Versions/A/Frameworks/MPSNDArray.framework/Versions/A/MPSNDArray
0x00000002005d4000 	/System/Library/Frameworks/MetalPerformanceShaders.framework/Versions/A/Frameworks/MPSFunctions.framework/Versions/A/MPSFunctions
0x00000002005b6000 	/System/Library/Frameworks/MetalPerformanceShaders.framework/Versions/A/Frameworks/MPSBenchmarkLoop.framework/Versions/A/MPSBenchmarkLoop
0x000000019cc5f000 	/System/Library/PrivateFrameworks/MetalTools.framework/Versions/A/MetalTools
0x00000001ca43a000 	/System/Library/PrivateFrameworks/IOAccelMemoryInfo.framework/Versions/A/IOAccelMemoryInfo
0x00000001d7bb3000 	/System/Library/PrivateFrameworks/kperf.framework/Versions/A/kperf
0x00000001c57c1000 	/System/Library/PrivateFrameworks/GPURawCounter.framework/Versions/A/GPURawCounter
0x00000001acc71000 	/System/Library/Frameworks/ApplicationServices.framework/Versions/A/Frameworks/ATSUI.framework/Versions/A/ATSUI
0x00000001ae776000 	/usr/lib/libcups.2.dylib
0x00000001ae810000 	/System/Library/Frameworks/Kerberos.framework/Versions/A/Kerberos
0x00000001ae476000 	/usr/lib/libresolv.9.dylib
0x00000001aa63d000 	/usr/lib/libiconv.2.dylib
0x00000001ac236000 	/System/Library/PrivateFrameworks/Heimdal.framework/Versions/A/Heimdal
0x00000001b66e3000 	/System/Library/Frameworks/Kerberos.framework/Versions/A/Libraries/libHeimdalProxy.dylib
0x00000001ac01b000 	/usr/lib/libheimdal-asn1.dylib
0x00000001a5bb3000 	/System/Library/Frameworks/OpenDirectory.framework/Versions/A/OpenDirectory
0x00000001ae873000 	/System/Library/PrivateFrameworks/CommonAuth.framework/Versions/A/CommonAuth
0x00000001a5bc1000 	/System/Library/Frameworks/OpenDirectory.framework/Versions/A/Frameworks/CFOpenDirectory.framework/Versions/A/CFOpenDirectory
0x00000001aa598000 	/usr/lib/libcharset.1.dylib
0x00000001fd265000 	/System/Library/Frameworks/AVFAudio.framework/Versions/A/AVFAudio
0x00000001beea9000 	/System/Library/PrivateFrameworks/AXCoreUtilities.framework/Versions/A/AXCoreUtilities
0x000000025d5ac000 	/System/Library/PrivateFrameworks/IsolatedCoreAudioClient.framework/Versions/A/IsolatedCoreAudioClient
0x00000001ae3b1000 	/usr/lib/libAudioStatistics.dylib
0x00000001a7a22000 	/System/Library/PrivateFrameworks/caulk.framework/Versions/A/caulk
0x000000019eae3000 	/System/Library/PrivateFrameworks/AudioToolboxCore.framework/Versions/A/AudioToolboxCore
0x00000001b89fb000 	/System/Library/Frameworks/CoreMIDI.framework/Versions/A/CoreMIDI
0x00000001ae354000 	/System/Library/PrivateFrameworks/AudioSession.framework/Versions/A/AudioSession
0x00000001afc8b000 	/System/Library/Frameworks/IOBluetooth.framework/Versions/A/IOBluetooth
0x00000001ac105000 	/System/Library/PrivateFrameworks/MediaExperience.framework/Versions/A/MediaExperience
0x000000027761f000 	/System/Library/PrivateFrameworks/Tightbeam.framework/Versions/A/Tightbeam
0x000000024b418000 	/System/Library/PrivateFrameworks/CoreAudioOrchestration.framework/Versions/A/CoreAudioOrchestration
0x00000001dc4d3000 	/System/Library/PrivateFrameworks/AFKUser.framework/Versions/A/AFKUser
0x00000001c57c5000 	/usr/lib/swift/libswiftCoreAudio.dylib
0x00000001ac225000 	/System/Library/PrivateFrameworks/AppServerSupport.framework/Versions/A/AppServerSupport
0x00000001ae7f4000 	/System/Library/PrivateFrameworks/perfdata.framework/Versions/A/perfdata
0x00000001c497e000 	/System/Library/PrivateFrameworks/SystemPolicy.framework/Versions/A/SystemPolicy
0x00000001ae695000 	/usr/lib/libSMC.dylib
0x00000001acb54000 	/usr/lib/libAudioToolboxUtility.dylib
0x00000001ae802000 	/usr/lib/libperfcheck.dylib
0x00000002472ae000 	/System/Library/PrivateFrameworks/AudioAnalytics.framework/Versions/A/AudioAnalytics
0x00000001e8f9e000 	/System/Library/Frameworks/OSLog.framework/Versions/A/OSLog
0x00000001c578c000 	/usr/lib/libmis.dylib
0x00000001ae162000 	/System/Library/PrivateFrameworks/AudioSession.framework/libSessionUtility.dylib
0x00000001acca5000 	/System/Library/PrivateFrameworks/CMCaptureCore.framework/Versions/A/CMCaptureCore
0x00000001fe906000 	/System/Library/Frameworks/ExtensionFoundation.framework/Versions/A/ExtensionFoundation
0x00000001b43c2000 	/System/Library/PrivateFrameworks/CoreTime.framework/Versions/A/CoreTime
0x00000001abeff000 	/System/Library/PrivateFrameworks/PlugInKit.framework/Versions/A/PlugInKit
0x00000001b2ee9000 	/System/Library/Frameworks/CoreBluetooth.framework/Versions/A/CoreBluetooth
0x00000001b66e4000 	/System/Library/Frameworks/AudioUnit.framework/Versions/A/AudioUnit
0x00000001a975c000 	/System/Library/PrivateFrameworks/CoreUtils.framework/Versions/A/CoreUtils
0x000000024e3bc000 	/System/Library/PrivateFrameworks/CoreUtilsExtras.framework/Versions/A/CoreUtilsExtras
0x00000001b2323000 	/System/Library/Frameworks/MediaAccessibility.framework/Versions/A/MediaAccessibility
0x00000001cddd6000 	/System/Library/PrivateFrameworks/AttributeGraph.framework/Versions/A/AttributeGraph
0x0000000283cf6000 	/usr/lib/libAXSafeCategoryBundle.dylib
0x00000001bef65000 	/usr/lib/libAccessibility.dylib
0x00000001a95a6000 	/System/Library/Frameworks/Accelerate.framework/Versions/A/Frameworks/vecLib.framework/Versions/A/libvDSP.dylib
0x00000001aa904000 	/System/Library/Frameworks/Accelerate.framework/Versions/A/Frameworks/vecLib.framework/Versions/A/libLAPACK.dylib
0x00000001a9a68000 	/System/Library/Frameworks/Accelerate.framework/Versions/A/Frameworks/vecLib.framework/Versions/A/libLinearAlgebra.dylib
0x00000001aa7ff000 	/System/Library/Frameworks/Accelerate.framework/Versions/A/Frameworks/vecLib.framework/Versions/A/libSparseBLAS.dylib
0x00000001aa8ff000 	/System/Library/Frameworks/Accelerate.framework/Versions/A/Frameworks/vecLib.framework/Versions/A/libQuadrature.dylib
0x00000001a8af9000 	/System/Library/Frameworks/Accelerate.framework/Versions/A/Frameworks/vecLib.framework/Versions/A/libBNNS.dylib
0x000000019d585000 	/System/Library/Frameworks/Accelerate.framework/Versions/A/Frameworks/vecLib.framework/Versions/A/libSparse.dylib
0x000000025ed1d000 	/System/Library/PrivateFrameworks/MIL.framework/Versions/A/MIL
0x00000001acc38000 	/System/Library/PrivateFrameworks/GPUWrangler.framework/Versions/A/GPUWrangler
0x00000001acc18000 	/System/Library/PrivateFrameworks/IOPresentment.framework/Versions/A/IOPresentment
0x00000001acc40000 	/System/Library/PrivateFrameworks/DSExternalDisplay.framework/Versions/A/DSExternalDisplay
0x00000001e93a5000 	/System/Library/PrivateFrameworks/HIDDisplay.framework/Versions/A/HIDDisplay
0x00000001be184000 	/System/Library/PrivateFrameworks/HID.framework/Versions/A/HID
0x000000027ae5b000 	/System/Library/PrivateFrameworks/VideoToolboxParavirtualizationSupport.framework/Versions/A/VideoToolboxParavirtualizationSupport
0x00000001abfb7000 	/System/Library/PrivateFrameworks/AppleVA.framework/Versions/A/AppleVA
0x00000001b3f31000 	/System/Library/PrivateFrameworks/GraphicsServices.framework/Versions/A/GraphicsServices
0x00000001ae9e6000 	/System/Library/PrivateFrameworks/CorePhoneNumbers.framework/Versions/A/CorePhoneNumbers
0x00000001b30d1000 	/System/Library/PrivateFrameworks/MediaKit.framework/Versions/A/MediaKit
0x00000001b301c000 	/System/Library/Frameworks/DiscRecording.framework/Versions/A/DiscRecording
0x00000001ae7d5000 	/System/Library/PrivateFrameworks/NetAuth.framework/Versions/A/NetAuth
0x00000001a5db1000 	/System/Library/PrivateFrameworks/login.framework/Versions/A/Frameworks/loginsupport.framework/Versions/A/loginsupport
0x00000001ac025000 	/System/Library/PrivateFrameworks/IconFoundation.framework/Versions/A/IconFoundation
0x00000001abda2000 	/usr/lib/libIOReport.dylib
0x0000000246ebe000 	/System/Library/PrivateFrameworks/AppleMobileFileIntegrity.framework/Versions/A/AppleMobileFileIntegrity
0x00000002840b8000 	/usr/lib/libTLE.dylib
0x00000001f9d3b000 	/System/Library/PrivateFrameworks/ConfigProfileHelper.framework/Versions/A/ConfigProfileHelper
0x00000001a9a05000 	/usr/lib/libmecab.dylib
0x000000019d715000 	/usr/lib/libCRFSuite.dylib
0x00000001a89d5000 	/System/Library/PrivateFrameworks/CoreNLP.framework/Versions/A/CoreNLP
0x00000001aa7b8000 	/usr/lib/libThaiTokenizer.dylib
0x00000001a99cf000 	/usr/lib/libCheckFix.dylib
0x00000001a4ff4000 	/System/Library/PrivateFrameworks/MetadataUtilities.framework/Versions/A/MetadataUtilities
0x000000025a55f000 	/System/Library/PrivateFrameworks/InstalledContentLibrary.framework/Versions/A/InstalledContentLibrary
0x00000001a0204000 	/System/Library/PrivateFrameworks/CoreServicesStore.framework/Versions/A/CoreServicesStore
0x00000001d7cbd000 	/System/Library/PrivateFrameworks/MobileSystemServices.framework/Versions/A/MobileSystemServices
0x00000001abc63000 	/usr/lib/libxslt.1.dylib
0x00000001a9992000 	/System/Library/PrivateFrameworks/BackgroundTaskManagement.framework/Versions/A/BackgroundTaskManagement
0x00000001b5e57000 	/usr/lib/libcurl.4.dylib
0x00000002842ec000 	/usr/lib/libcrypto.46.dylib
0x0000000284e14000 	/usr/lib/libssl.48.dylib
0x00000001b5b30000 	/System/Library/Frameworks/LDAP.framework/Versions/A/LDAP
0x00000001b5b6c000 	/System/Library/PrivateFrameworks/TrustEvaluationAgent.framework/Versions/A/TrustEvaluationAgent
0x00000001ae493000 	/usr/lib/libsasl2.2.dylib
0x00000001c2bf9000 	/usr/lib/swift/libswiftCoreGraphics.dylib
0x00000001b2951000 	/usr/lib/swift/libswiftFoundation.dylib
0x00000001f97c5000 	/usr/lib/swift/libswiftSwiftOnoneSupport.dylib
0x00000001e5657000 	/System/Library/PrivateFrameworks/CoreMaterial.framework/Versions/A/CoreMaterial
0x000000026b71d000 	/System/Library/PrivateFrameworks/SFSymbols.framework/Versions/A/SFSymbols
0x00000001b1c1d000 	/System/Library/PrivateFrameworks/SpeechRecognitionCore.framework/Versions/A/SpeechRecognitionCore
0x0000000105a6c000 	/Users/a/Library/Java/JavaVirtualMachines/ms-17.0.17/Contents/Home/lib/server/libjvm.dylib
0x00000001045d8000 	/Users/a/Library/Java/JavaVirtualMachines/ms-17.0.17/Contents/Home/lib/libjimage.dylib
0x0000000104610000 	/Users/a/Library/Java/JavaVirtualMachines/ms-17.0.17/Contents/Home/lib/libinstrument.dylib
0x0000000104668000 	/Users/a/Library/Java/JavaVirtualMachines/ms-17.0.17/Contents/Home/lib/libjava.dylib
0x00000001047a8000 	/Users/a/Library/Java/JavaVirtualMachines/ms-17.0.17/Contents/Home/lib/libzip.dylib
0x00000001047d4000 	/Users/a/Library/Java/JavaVirtualMachines/ms-17.0.17/Contents/Home/lib/libnio.dylib
0x00000001047f8000 	/Users/a/Library/Java/JavaVirtualMachines/ms-17.0.17/Contents/Home/lib/libnet.dylib
0x0000000104648000 	/Users/a/Library/Java/JavaVirtualMachines/ms-17.0.17/Contents/Home/lib/libextnet.dylib
0x0000000104840000 	/Users/a/Library/Java/JavaVirtualMachines/ms-17.0.17/Contents/Home/lib/libverify.dylib
0x0000000104820000 	/Users/a/Library/Java/JavaVirtualMachines/ms-17.0.17/Contents/Home/lib/libmanagement.dylib
0x0000000104860000 	/Users/a/Library/Java/JavaVirtualMachines/ms-17.0.17/Contents/Home/lib/libmanagement_ext.dylib


VM Arguments:
jvm_args: -XX:TieredStopAtLevel=1 -Dspring.output.ansi.enabled=always -javaagent:/Applications/IntelliJ IDEA.app/Contents/lib/idea_rt.jar=49571 -Dfile.encoding=UTF-8 
java_command: org.example.backend.BackendApplication
java_class_path (initial): /Users/a/Downloads/musicband-service/first-service/backend/target/classes:/Users/a/.m2/repository/org/springframework/cloud/spring-cloud-starter-consul-discovery/4.2.0/spring-cloud-starter-consul-discovery-4.2.0.jar:/Users/a/.m2/repository/org/springframework/cloud/spring-cloud-starter-consul/4.2.0/spring-cloud-starter-consul-4.2.0.jar:/Users/a/.m2/repository/org/springframework/cloud/spring-cloud-starter/4.2.0/spring-cloud-starter-4.2.0.jar:/Users/a/.m2/repository/org/springframework/cloud/spring-cloud-context/4.2.0/spring-cloud-context-4.2.0.jar:/Users/a/.m2/repository/org/springframework/security/spring-security-crypto/6.4.1/spring-security-crypto-6.4.1.jar:/Users/a/.m2/repository/org/springframework/cloud/spring-cloud-commons/4.2.0/spring-cloud-commons-4.2.0.jar:/Users/a/.m2/repository/org/bouncycastle/bcprov-jdk18on/1.78.1/bcprov-jdk18on-1.78.1.jar:/Users/a/.m2/repository/org/springframework/cloud/spring-cloud-consul-core/4.2.0/spring-cloud-consul-core-4.2.0.jar:/Users/a/.m2/repository/org/springframework/boot/spring-boot-starter-validation/3.4.0/spring-boot-starter-validation-3.4.0.jar:/Users/a/.m2/repository/org/hibernate/validator/hibernate-validator/8.0.1.Final/hibernate-validator-8.0.1.Final.jar:/Users/a/.m2/repository/org/jboss/logging/jboss-logging/3.4.3.Final/jboss-logging-3.4.3.Final.jar:/Users/a/.m2/repository/com/fasterxml/classmate/1.5.1/classmate-1.5.1.jar:/Users/a/.m2/repository/com/ecwid/consul/consul-api/1.4.5/consul-api-1.4.5.jar:/Users/a/.m2/repository/com/google/code/gson/gson/2.11.0/gson-2.11.0.jar:/Users/a/.m2/repository/com/google/errorprone/error_prone_annotations/2.27.0/error_prone_annotations-2.27.0.jar:/Users/a/.m2/repository/org/apache/httpcomponents/httpclient/4.5.14/httpclient-4.5.14.jar:/Users/a/.m2/repository/commons-codec/commons-codec/1.11/commons-codec-1.11.jar:/Users/a/.m2/repository/org/apache/httpcomponents/httpcore/4.4.16/httpcore-4.4.16.jar:/Users/a/.m2/repository/org/springframework/cloud/spri
Launcher Type: SUN_STANDARD

[Global flags]
     intx CICompilerCount                          = 4                                         {product} {ergonomic}
     uint ConcGCThreads                            = 2                                         {product} {ergonomic}
     uint G1ConcRefinementThreads                  = 8                                         {product} {ergonomic}
   size_t G1HeapRegionSize                         = 1048576                                   {product} {ergonomic}
    uintx GCDrainStackTargetSize                   = 64                                        {product} {ergonomic}
   size_t InitialHeapSize                          = 134217728                                 {product} {ergonomic}
   size_t MarkStackSize                            = 4194304                                   {product} {ergonomic}
   size_t MaxHeapSize                              = 2147483648                                {product} {ergonomic}
   size_t MaxNewSize                               = 1287651328                                {product} {ergonomic}
   size_t MinHeapDeltaBytes                        = 1048576                                   {product} {ergonomic}
   size_t MinHeapSize                              = 8388608                                   {product} {ergonomic}
    uintx NonProfiledCodeHeapSize                  = 0                                      {pd product} {ergonomic}
     bool ProfileInterpreter                       = false                                  {pd product} {command line}
    uintx ProfiledCodeHeapSize                     = 0                                      {pd product} {ergonomic}
   size_t SoftMaxHeapSize                          = 2147483648                             {manageable} {ergonomic}
     intx TieredStopAtLevel                        = 1                                         {product} {command line}
     bool UseCompressedClassPointers               = true                           {product lp64_product} {ergonomic}
     bool UseCompressedOops                        = true                           {product lp64_product} {ergonomic}
     bool UseG1GC                                  = true                                      {product} {ergonomic}
     bool UseNUMA                                  = false                                     {product} {ergonomic}
     bool UseNUMAInterleaving                      = false                                     {product} {ergonomic}

Logging:
Log output configuration:
 #0: stdout all=warning uptime,level,tags
 #1: stderr all=off uptime,level,tags

Environment Variables:
PATH=/opt/homebrew/bin:/opt/homebrew/sbin:/usr/local/bin:/System/Cryptexes/App/usr/bin:/usr/bin:/bin:/usr/sbin:/sbin:/var/run/com.apple.security.cryptexd/codex.system/bootstrap/usr/local/bin:/var/run/com.apple.security.cryptexd/codex.system/bootstrap/usr/bin:/var/run/com.apple.security.cryptexd/codex.system/bootstrap/usr/appleinternal/bin
SHELL=/bin/zsh
LC_CTYPE=ru_RU.UTF-8
TMPDIR=/var/folders/61/x6cf550d4199vygmt8zws6pm0000gn/T/

Active Locale:
LC_ALL=C/ru_RU.UTF-8/C/C/C/C
LC_COLLATE=C
LC_CTYPE=ru_RU.UTF-8
LC_MESSAGES=C
LC_MONETARY=C
LC_NUMERIC=C
LC_TIME=C

Signal Handlers:
   SIGSEGV: crash_handler in libjvm.dylib, mask=11100110000111110111111111111111, flags=SA_RESTART|SA_SIGINFO, unblocked
    SIGBUS: crash_handler in libjvm.dylib, mask=11100110000111110111111111111111, flags=SA_RESTART|SA_SIGINFO, unblocked
    SIGFPE: crash_handler in libjvm.dylib, mask=11100110000111110111111111111111, flags=SA_RESTART|SA_SIGINFO, unblocked
   SIGPIPE: javaSignalHandler in libjvm.dylib, mask=11100110000111110111111111111111, flags=SA_RESTART|SA_SIGINFO, blocked
   SIGXFSZ: javaSignalHandler in libjvm.dylib, mask=11100110000111110111111111111111, flags=SA_RESTART|SA_SIGINFO, blocked
    SIGILL: crash_handler in libjvm.dylib, mask=11100110000111110111111111111111, flags=SA_RESTART|SA_SIGINFO, unblocked
   SIGUSR2: SR_handler in libjvm.dylib, mask=00000000000000000000000000000000, flags=SA_RESTART|SA_SIGINFO, blocked
    SIGHUP: UserHandler in libjvm.dylib, mask=11100110000111110111111111111111, flags=SA_RESTART|SA_SIGINFO, blocked
    SIGINT: UserHandler in libjvm.dylib, mask=11100110000111110111111111111111, flags=SA_RESTART|SA_SIGINFO, blocked
   SIGTERM: UserHandler in libjvm.dylib, mask=11100110000111110111111111111111, flags=SA_RESTART|SA_SIGINFO, blocked
   SIGQUIT: UserHandler in libjvm.dylib, mask=11100110000111110111111111111111, flags=SA_RESTART|SA_SIGINFO, blocked
   SIGTRAP: crash_handler in libjvm.dylib, mask=11100110000111110111111111111111, flags=SA_RESTART|SA_SIGINFO, unblocked


Periodic native trim disabled


---------------  S Y S T E M  ---------------

OS:
uname: Darwin 24.5.0 Darwin Kernel Version 24.5.0: Tue Apr 22 19:48:46 PDT 2025; root:xnu-11417.121.6~2/RELEASE_ARM64_T8103 arm64
OS uptime: 1 days 1:47 hours
rlimit (soft/hard): STACK 8176k/65520k , CORE 0k/infinity , NPROC 1333/2000 , NOFILE 1048576/infinity , AS infinity/infinity , CPU infinity/infinity , DATA infinity/infinity , FSIZE infinity/infinity , MEMLOCK infinity/infinity , RSS infinity/infinity
load average: 3.28 4.14 4.77

CPU: total 8 (initial active 8) 0x61:0x0:0x1b588bb3:0, fp, simd, crc, lse
machdep.cpu.brand_string:Apple M1
hw.cachelinesize:128
hw.l1icachesize:131072
hw.l1dcachesize:65536
hw.l2cachesize:4194304

Memory: 16k page, physical 8388608k(76944k free), swap 4194304k(565120k free)

vm_info: OpenJDK 64-Bit Server VM (17.0.17+10-LTS) for bsd-aarch64 JRE (17.0.17+10-LTS), built on Oct 13 2025 22:02:27 by "MicrosoftCorporation" with clang Apple LLVM 15.0.0 (clang-1500.1.0.2.5)

END.
